HS2,HS2 Description,Country of Origin,Rank,Port of Entry,BaselineShare,BaselineSharePct
33,Personal care and cleaning,Argentina,1,"Tampa, FL",0.7805852952454453,78.05852952454453
33,Personal care and cleaning,Argentina,2,"New York City, NY",0.14862768459035697,14.862768459035697
33,Personal care and cleaning,Argentina,3,"Miami, FL",0.027529417103151894,2.752941710315189
33,Personal care and cleaning,Argentina,4,"Baltimore, MD",0.015473557488572964,1.5473557488572964
33,Personal care and cleaning,Argentina,5,"Los Angeles, CA",0.010073893718545161,1.0073893718545162
33,Personal care and cleaning,Argentina,6,"Savannah, GA",0.00840673480973057,0.8406734809730569
33,Personal care and cleaning,Argentina,7,"Detroit, MI",0.003334508921367474,0.3334508921367474
33,Personal care and cleaning,Argentina,8,"Houston-Galveston, TX",0.003153893195427074,0.3153893195427074
33,Personal care and cleaning,Argentina,9,"Laredo, TX",0.0015505316779972174,0.15505316779972173
33,Personal care and cleaning,Argentina,10,"Philadelphia, PA",0.001264483249405378,0.1264483249405378
33,Personal care and cleaning,Brazil,1,"Tampa, FL",0.6451651685450891,64.51651685450891
33,Personal care and cleaning,Brazil,2,"New York City, NY",0.14397311070981517,14.397311070981516
33,Personal care and cleaning,Brazil,3,"Miami, FL",0.13260015555496307,13.260015555496308
33,Personal care and cleaning,Brazil,4,"Houston-Galveston, TX",0.026146640810252374,2.6146640810252375
33,Personal care and cleaning,Brazil,5,"Wilmington, NC",0.011879773098721116,1.1879773098721116
33,Personal care and cleaning,Brazil,6,"Great Falls, MT",0.009683088483637196,0.9683088483637196
33,Personal care and cleaning,Brazil,7,"Savannah, GA",0.00879222256961751,0.879222256961751
33,Personal care and cleaning,Brazil,8,"Cleveland, OH",0.007783483374840827,0.7783483374840827
33,Personal care and cleaning,Brazil,9,"Charleston, SC",0.0070161346487115205,0.7016134648711521
33,Personal care and cleaning,Brazil,10,"New Orleans, LA",0.006960222204352013,0.6960222204352013
33,Personal care and cleaning,Canada,1,"Buffalo, NY",0.4019471284613628,40.194712846136284
33,Personal care and cleaning,Canada,2,"Detroit, MI",0.3593569996002862,35.93569996002862
33,Personal care and cleaning,Canada,3,"Ogdensburg, NY",0.17112567633482131,17.112567633482133
33,Personal care and cleaning,Canada,4,"Seattle, WA",0.040583434843792225,4.058343484379223
33,Personal care and cleaning,Canada,5,"Great Falls, MT",0.0072964700846608384,0.7296470084660839
33,Personal care and cleaning,Canada,6,"New York City, NY",0.006548904500882575,0.6548904500882575
33,Personal care and cleaning,Canada,7,"St. Albans, VT",0.005769754598570409,0.5769754598570409
33,Personal care and cleaning,Canada,8,"Pembina, ND",0.0040950624893219285,0.40950624893219284
33,Personal care and cleaning,Canada,9,"Baltimore, MD",0.0016467006748883057,0.16467006748883056
33,Personal care and cleaning,Canada,10,"Miami, FL",0.0016298684114134832,0.16298684114134832
33,Personal care and cleaning,China,1,"Los Angeles, CA",0.5619246932838285,56.192469328382856
33,Personal care and cleaning,China,2,"New York City, NY",0.17390767102671884,17.390767102671884
33,Personal care and cleaning,China,3,"Chicago, IL",0.11241449009878614,11.241449009878615
33,Personal care and cleaning,China,4,"Savannah, GA",0.039398574718177176,3.9398574718177177
33,Personal care and cleaning,China,5,"San Francisco, CA",0.032828779273153454,3.2828779273153454
33,Personal care and cleaning,China,6,"Cleveland, OH",0.029835672657102054,2.9835672657102053
33,Personal care and cleaning,China,7,"Houston-Galveston, TX",0.014642237456101494,1.4642237456101495
33,Personal care and cleaning,China,8,"Seattle, WA",0.012650898023385423,1.2650898023385422
33,Personal care and cleaning,China,9,"Dallas-Fort Worth, TX",0.011856588019408042,1.1856588019408043
33,Personal care and cleaning,China,10,"Norfolk, VA",0.010540395443338891,1.054039544333889
33,Personal care and cleaning,Dominican Republic,1,"Miami, FL",0.6360716527883785,63.607165278837854
33,Personal care and cleaning,Dominican Republic,2,"New York City, NY",0.3338014533147787,33.38014533147787
33,Personal care and cleaning,Dominican Republic,3,"Savannah, GA",0.00847846762278085,0.847846762278085
33,Personal care and cleaning,Dominican Republic,4,"Houston-Galveston, TX",0.007054985745967364,0.7054985745967364
33,Personal care and cleaning,Dominican Republic,5,"Cleveland, OH",0.005998612625481244,0.5998612625481243
33,Personal care and cleaning,Dominican Republic,6,"Philadelphia, PA",0.0030331005296131254,0.3033100529613125
33,Personal care and cleaning,Dominican Republic,7,"Boston, MA",0.0022947004670595458,0.22947004670595458
33,Personal care and cleaning,Dominican Republic,8,"Detroit, MI",0.0016441138653047322,0.1644113865304732
33,Personal care and cleaning,Dominican Republic,9,"Tampa, FL",0.0008436357985574163,0.08436357985574162
33,Personal care and cleaning,Dominican Republic,10,"Los Angeles, CA",0.0007792772420785689,0.07792772420785689
33,Personal care and cleaning,France,1,"New York City, NY",0.682749320954471,68.2749320954471
33,Personal care and cleaning,France,2,"Miami, FL",0.15137462073554311,15.137462073554312
33,Personal care and cleaning,France,3,"Dallas-Fort Worth, TX",0.03332908297956469,3.332908297956469
33,Personal care and cleaning,France,4,"Philadelphia, PA",0.030636622283269025,3.0636622283269026
33,Personal care and cleaning,France,5,"Houston-Galveston, TX",0.02993429069210433,2.9934290692104333
33,Personal care and cleaning,France,6,"Cleveland, OH",0.017494477595910298,1.7494477595910298
33,Personal care and cleaning,France,7,"Los Angeles, CA",0.017321548009927624,1.7321548009927623
33,Personal care and cleaning,France,8,"Norfolk, VA",0.015082199438649762,1.5082199438649762
33,Personal care and cleaning,France,9,"Wilmington, NC",0.011802979610635563,1.1802979610635562
33,Personal care and cleaning,France,10,"Chicago, IL",0.010274857699924467,1.0274857699924467
33,Personal care and cleaning,Germany,1,"New York City, NY",0.5052004369655075,50.52004369655075
33,Personal care and cleaning,Germany,2,"Chicago, IL",0.1094805580700654,10.94805580700654
33,Personal care and cleaning,Germany,3,"Cleveland, OH",0.09258393871428064,9.258393871428064
33,Personal care and cleaning,Germany,4,"Los Angeles, CA",0.059876217329447395,5.987621732944739
33,Personal care and cleaning,Germany,5,"Wilmington, NC",0.053362085553114315,5.336208555311432
33,Personal care and cleaning,Germany,6,"Baltimore, MD",0.0513407974743917,5.13407974743917
33,Personal care and cleaning,Germany,7,"Miami, FL",0.033330341789536165,3.3330341789536164
33,Personal care and cleaning,Germany,8,"Philadelphia, PA",0.032557602310409155,3.2557602310409153
33,Personal care and cleaning,Germany,9,"New Orleans, LA",0.032556783269588906,3.2556783269588907
33,Personal care and cleaning,Germany,10,"Savannah, GA",0.02971123852365879,2.971123852365879
33,Personal care and cleaning,Greece,1,"New York City, NY",0.6171508130586075,61.71508130586075
33,Personal care and cleaning,Greece,2,"Savannah, GA",0.11189403075141113,11.189403075141113
33,Personal care and cleaning,Greece,3,"Cleveland, OH",0.06405106921018636,6.4051069210186355
33,Personal care and cleaning,Greece,4,"Baltimore, MD",0.04737102931689113,4.737102931689114
33,Personal care and cleaning,Greece,5,"Miami, FL",0.04615651610515009,4.615651610515009
33,Personal care and cleaning,Greece,6,"Los Angeles, CA",0.04363711825553557,4.3637118255535565
33,Personal care and cleaning,Greece,7,"Chicago, IL",0.035677922050286706,3.567792205028671
33,Personal care and cleaning,Greece,8,"Houston-Galveston, TX",0.012892341175017783,1.2892341175017783
33,Personal care and cleaning,Greece,9,"Charleston, SC",0.010788410099584166,1.0788410099584165
33,Personal care and cleaning,Greece,10,"Norfolk, VA",0.010380749977329594,1.0380749977329593
33,Personal care and cleaning,India,1,"New York City, NY",0.5293738421789927,52.93738421789927
33,Personal care and cleaning,India,2,"Chicago, IL",0.07198460507872506,7.198460507872506
33,Personal care and cleaning,India,3,"Savannah, GA",0.06746728887880953,6.746728887880953
33,Personal care and cleaning,India,4,"Cleveland, OH",0.05979262614475267,5.979262614475267
33,Personal care and cleaning,India,5,"Baltimore, MD",0.05750371601956841,5.750371601956841
33,Personal care and cleaning,India,6,"Los Angeles, CA",0.05194730584366323,5.194730584366323
33,Personal care and cleaning,India,7,"Seattle, WA",0.05166642524155413,5.166642524155414
33,Personal care and cleaning,India,8,"Houston-Galveston, TX",0.04009206016762618,4.009206016762619
33,Personal care and cleaning,India,9,"Miami, FL",0.03561529597613491,3.561529597613491
33,Personal care and cleaning,India,10,"New Orleans, LA",0.03455683447017309,3.455683447017309
33,Personal care and cleaning,Indonesia,1,"New York City, NY",0.7650649641271499,76.50649641271498
33,Personal care and cleaning,Indonesia,2,"Los Angeles, CA",0.1586105671100336,15.86105671100336
33,Personal care and cleaning,Indonesia,3,"Cleveland, OH",0.026993365056249576,2.6993365056249576
33,Personal care and cleaning,Indonesia,4,"Great Falls, MT",0.011019625788181268,1.1019625788181269
33,Personal care and cleaning,Indonesia,5,"Nogales, AZ",0.009659727453382082,0.9659727453382082
33,Personal care and cleaning,Indonesia,6,"San Francisco, CA",0.006843503924865826,0.6843503924865826
33,Personal care and cleaning,Indonesia,7,"Savannah, GA",0.006282680802699526,0.6282680802699526
33,Personal care and cleaning,Indonesia,8,"Houston-Galveston, TX",0.005298321161349259,0.529832116134926
33,Personal care and cleaning,Indonesia,9,"Wilmington, NC",0.005230438573620069,0.523043857362007
33,Personal care and cleaning,Indonesia,10,"New Orleans, LA",0.004996806002468927,0.49968060024689276
33,Personal care and cleaning,Ireland,1,"Philadelphia, PA",0.30130672722353996,30.130672722353996
33,Personal care and cleaning,Ireland,2,"Houston-Galveston, TX",0.22088922998126084,22.088922998126083
33,Personal care and cleaning,Ireland,3,"Savannah, GA",0.12980650295784785,12.980650295784784
33,Personal care and cleaning,Ireland,4,"St. Louis, MO",0.12774291636367152,12.774291636367153
33,Personal care and cleaning,Ireland,5,"Wilmington, NC",0.11813205832954914,11.813205832954914
33,Personal care and cleaning,Ireland,6,"Charleston, SC",0.04300927523683706,4.300927523683706
33,Personal care and cleaning,Ireland,7,"Detroit, MI",0.0172763054510397,1.7276305451039702
33,Personal care and cleaning,Ireland,8,"Chicago, IL",0.01548978699063452,1.548978699063452
33,Personal care and cleaning,Ireland,9,"New York City, NY",0.014976186491293243,1.4976186491293242
33,Personal care and cleaning,Ireland,10,"Baltimore, MD",0.011371010974326171,1.137101097432617
33,Personal care and cleaning,Israel,1,"New York City, NY",0.7998450762011423,79.98450762011423
33,Personal care and cleaning,Israel,2,"Miami, FL",0.06879511462780581,6.879511462780581
33,Personal care and cleaning,Israel,3,"Savannah, GA",0.046827955833854094,4.68279558338541
33,Personal care and cleaning,Israel,4,"Los Angeles, CA",0.029413621116799595,2.9413621116799593
33,Personal care and cleaning,Israel,5,"Charleston, SC",0.01402115314520837,1.402115314520837
33,Personal care and cleaning,Israel,6,"Great Falls, MT",0.010434885775154328,1.0434885775154328
33,Personal care and cleaning,Israel,7,"Houston-Galveston, TX",0.008818987192053653,0.8818987192053653
33,Personal care and cleaning,Israel,8,"Ogdensburg, NY",0.008554938295402178,0.8554938295402178
33,Personal care and cleaning,Israel,9,"New Orleans, LA",0.0073416970547899125,0.7341697054789913
33,Personal care and cleaning,Israel,10,"Cleveland, OH",0.005946570757789815,0.5946570757789815
33,Personal care and cleaning,Italy,1,"New York City, NY",0.6815476884931881,68.15476884931881
33,Personal care and cleaning,Italy,2,"Miami, FL",0.10057323584109805,10.057323584109804
33,Personal care and cleaning,Italy,3,"Los Angeles, CA",0.05787260942323511,5.7872609423235115
33,Personal care and cleaning,Italy,4,"Dallas-Fort Worth, TX",0.04136532567661141,4.136532567661141
33,Personal care and cleaning,Italy,5,"Cleveland, OH",0.028842416129383576,2.8842416129383577
33,Personal care and cleaning,Italy,6,"Wilmington, NC",0.023116784073593275,2.3116784073593277
33,Personal care and cleaning,Italy,7,"Chicago, IL",0.02283621613773528,2.283621613773528
33,Personal care and cleaning,Italy,8,"Tampa, FL",0.01786969085219961,1.786969085219961
33,Personal care and cleaning,Italy,9,"Buffalo, NY",0.013579843737841484,1.3579843737841484
33,Personal care and cleaning,Italy,10,"Houston-Galveston, TX",0.012396189635114152,1.2396189635114152
33,Personal care and cleaning,Japan,1,"New York City, NY",0.39352178882614786,39.35217888261479
33,Personal care and cleaning,Japan,2,"Los Angeles, CA",0.34180417990471534,34.18041799047153
33,Personal care and cleaning,Japan,3,"Cleveland, OH",0.18894941542685934,18.894941542685935
33,Personal care and cleaning,Japan,4,"Chicago, IL",0.022852410306980583,2.2852410306980584
33,Personal care and cleaning,Japan,5,"Baltimore, MD",0.01371075204511996,1.371075204511996
33,Personal care and cleaning,Japan,6,"San Francisco, CA",0.013537628202266524,1.3537628202266525
33,Personal care and cleaning,Japan,7,"New Orleans, LA",0.009109738001110654,0.9109738001110654
33,Personal care and cleaning,Japan,8,"Buffalo, NY",0.006134468431262397,0.6134468431262396
33,Personal care and cleaning,Japan,9,"Miami, FL",0.005604967565664844,0.5604967565664843
33,Personal care and cleaning,Japan,10,"Great Falls, MT",0.004774651289872374,0.47746512898723736
33,Personal care and cleaning,"Korea, South",1,"Los Angeles, CA",0.6511431400162049,65.11431400162049
33,Personal care and cleaning,"Korea, South",2,"New York City, NY",0.20943864675590926,20.943864675590927
33,Personal care and cleaning,"Korea, South",3,"Chicago, IL",0.0295431968021095,2.95431968021095
33,Personal care and cleaning,"Korea, South",4,"Cleveland, OH",0.028375781865928477,2.8375781865928476
33,Personal care and cleaning,"Korea, South",5,"Houston-Galveston, TX",0.016664350702957558,1.6664350702957558
33,Personal care and cleaning,"Korea, South",6,"New Orleans, LA",0.01587822077344438,1.587822077344438
33,Personal care and cleaning,"Korea, South",7,"Savannah, GA",0.015583432539739145,1.5583432539739146
33,Personal care and cleaning,"Korea, South",8,"Seattle, WA",0.013250190312851186,1.3250190312851187
33,Personal care and cleaning,"Korea, South",9,"Dallas-Fort Worth, TX",0.011639443331675244,1.1639443331675243
33,Personal care and cleaning,"Korea, South",10,"San Francisco, CA",0.008483596899180332,0.8483596899180332
33,Personal care and cleaning,Mexico,1,"Laredo, TX",0.7253666357676256,72.53666357676256
33,Personal care and cleaning,Mexico,2,"El Paso, TX",0.10500344363855149,10.500344363855149
33,Personal care and cleaning,Mexico,3,"Nogales, AZ",0.06629885472244103,6.629885472244103
33,Personal care and cleaning,Mexico,4,"San Diego, CA",0.05066987719330445,5.066987719330445
33,Personal care and cleaning,Mexico,5,"Tampa, FL",0.032647642763416626,3.2647642763416624
33,Personal care and cleaning,Mexico,6,"Miami, FL",0.010087235712614294,1.0087235712614293
33,Personal care and cleaning,Mexico,7,"New York City, NY",0.007049476429149827,0.7049476429149827
33,Personal care and cleaning,Mexico,8,"Buffalo, NY",0.0011384272490145382,0.11384272490145382
33,Personal care and cleaning,Mexico,9,"Savannah, GA",0.0009736720141166381,0.0973672014116638
33,Personal care and cleaning,Mexico,10,"Houston-Galveston, TX",0.0007647345097655355,0.07647345097655356
33,Personal care and cleaning,Spain,1,"New York City, NY",0.4230432003243205,42.30432003243205
33,Personal care and cleaning,Spain,2,"Wilmington, NC",0.18837310513744954,18.837310513744953
33,Personal care and cleaning,Spain,3,"Miami, FL",0.1472128738995243,14.721287389952431
33,Personal care and cleaning,Spain,4,"Norfolk, VA",0.08654916179370406,8.654916179370407
33,Personal care and cleaning,Spain,5,"Cleveland, OH",0.0496709044004314,4.9670904400431395
33,Personal care and cleaning,Spain,6,"Savannah, GA",0.023665715089308238,2.3665715089308237
33,Personal care and cleaning,Spain,7,"Los Angeles, CA",0.02299467164748175,2.299467164748175
33,Personal care and cleaning,Spain,8,"New Orleans, LA",0.022153444467149935,2.2153444467149934
33,Personal care and cleaning,Spain,9,"Houston-Galveston, TX",0.020386841397058618,2.038684139705862
33,Personal care and cleaning,Spain,10,"Baltimore, MD",0.015950081843571672,1.5950081843571673
33,Personal care and cleaning,Sweden,1,"Dallas-Fort Worth, TX",0.4759996228847032,47.59996228847032
33,Personal care and cleaning,Sweden,2,"Houston-Galveston, TX",0.43940496550684355,43.94049655068436
33,Personal care and cleaning,Sweden,3,"Wilmington, NC",0.029452820994461837,2.9452820994461835
33,Personal care and cleaning,Sweden,4,"New York City, NY",0.014579361168065486,1.4579361168065486
33,Personal care and cleaning,Sweden,5,"Portland, ME",0.012566983162617505,1.2566983162617504
33,Personal care and cleaning,Sweden,6,"Los Angeles, CA",0.01227856621270362,1.2278566212703619
33,Personal care and cleaning,Sweden,7,"St. Louis, MO",0.008820049271826785,0.8820049271826785
33,Personal care and cleaning,Sweden,8,"Philadelphia, PA",0.002904031169150741,0.2904031169150741
33,Personal care and cleaning,Sweden,9,"Boston, MA",0.0022840732026523564,0.22840732026523564
33,Personal care and cleaning,Sweden,10,"Norfolk, VA",0.0017095264269748798,0.17095264269748797
33,Personal care and cleaning,Switzerland,1,"New York City, NY",0.652940932868998,65.2940932868998
33,Personal care and cleaning,Switzerland,2,"Mobile, AL",0.09567898408366536,9.567898408366537
33,Personal care and cleaning,Switzerland,3,"Chicago, IL",0.0878985572249689,8.78985572249689
33,Personal care and cleaning,Switzerland,4,"Miami, FL",0.07776575327244813,7.776575327244813
33,Personal care and cleaning,Switzerland,5,"Cleveland, OH",0.022015610679063945,2.2015610679063946
33,Personal care and cleaning,Switzerland,6,"Los Angeles, CA",0.018316579277784444,1.8316579277784444
33,Personal care and cleaning,Switzerland,7,"Ogdensburg, NY",0.014917511790064869,1.4917511790064868
33,Personal care and cleaning,Switzerland,8,"Tampa, FL",0.012813012903236085,1.2813012903236085
33,Personal care and cleaning,Switzerland,9,"Norfolk, VA",0.012716313736457924,1.2716313736457925
33,Personal care and cleaning,Switzerland,10,"Savannah, GA",0.004936744163312207,0.4936744163312207
33,Personal care and cleaning,Thailand,1,"Los Angeles, CA",0.4193244048146346,41.93244048146346
33,Personal care and cleaning,Thailand,2,"New York City, NY",0.24128353415888854,24.128353415888853
33,Personal care and cleaning,Thailand,3,"New Orleans, LA",0.1410861126524024,14.10861126524024
33,Personal care and cleaning,Thailand,4,"San Francisco, CA",0.03999407967457988,3.999407967457988
33,Personal care and cleaning,Thailand,5,"Minneapolis, MN",0.03283032403496468,3.2830324034964677
33,Personal care and cleaning,Thailand,6,"Chicago, IL",0.03142123900766576,3.142123900766576
33,Personal care and cleaning,Thailand,7,"Savannah, GA",0.02846713007479569,2.8467130074795692
33,Personal care and cleaning,Thailand,8,"Wilmington, NC",0.023861343260349412,2.386134326034941
33,Personal care and cleaning,Thailand,9,"Cleveland, OH",0.022325800753679566,2.2325800753679568
33,Personal care and cleaning,Thailand,10,"Charleston, SC",0.019406031568039373,1.9406031568039372
33,Personal care and cleaning,United Arab Emirates,1,"New York City, NY",0.4907107635537153,49.07107635537153
33,Personal care and cleaning,United Arab Emirates,2,"Miami, FL",0.25235808991388325,25.235808991388325
33,Personal care and cleaning,United Arab Emirates,3,"Houston-Galveston, TX",0.1509249489671736,15.09249489671736
33,Personal care and cleaning,United Arab Emirates,4,"Chicago, IL",0.039021460773200074,3.9021460773200074
33,Personal care and cleaning,United Arab Emirates,5,"Cleveland, OH",0.021976380402773547,2.1976380402773548
33,Personal care and cleaning,United Arab Emirates,6,"Dallas-Fort Worth, TX",0.01649219899559558,1.6492198995595582
33,Personal care and cleaning,United Arab Emirates,7,"Los Angeles, CA",0.009217774665750267,0.9217774665750267
33,Personal care and cleaning,United Arab Emirates,8,"Minneapolis, MN",0.007717185023172024,0.7717185023172024
33,Personal care and cleaning,United Arab Emirates,9,"New Orleans, LA",0.006214439889937419,0.621443988993742
33,Personal care and cleaning,United Arab Emirates,10,"Baltimore, MD",0.005366757814798901,0.53667578147989
33,Personal care and cleaning,United Kingdom,1,"New York City, NY",0.591972056460421,59.19720564604209
33,Personal care and cleaning,United Kingdom,2,"Los Angeles, CA",0.06706146050569262,6.706146050569261
33,Personal care and cleaning,United Kingdom,3,"Philadelphia, PA",0.05858349717346015,5.858349717346015
33,Personal care and cleaning,United Kingdom,4,"Chicago, IL",0.05779516461333602,5.779516461333602
33,Personal care and cleaning,United Kingdom,5,"Miami, FL",0.05733549932197106,5.733549932197106
33,Personal care and cleaning,United Kingdom,6,"Cleveland, OH",0.04646627884000626,4.646627884000626
33,Personal care and cleaning,United Kingdom,7,"Wilmington, NC",0.04583304630938582,4.583304630938581
33,Personal care and cleaning,United Kingdom,8,"New Orleans, LA",0.027731374795221128,2.773137479522113
33,Personal care and cleaning,United Kingdom,9,"Charleston, SC",0.027594855412208772,2.759485541220877
33,Personal care and cleaning,United Kingdom,10,"Savannah, GA",0.019626766568297146,1.9626766568297145
33,Personal care and cleaning,Uruguay,1,"Tampa, FL",0.3846026179657696,38.46026179657696
33,Personal care and cleaning,Uruguay,2,"Houston-Galveston, TX",0.381262490644917,38.1262490644917
33,Personal care and cleaning,Uruguay,3,"Miami, FL",0.10748808187308748,10.748808187308748
33,Personal care and cleaning,Uruguay,4,"New York City, NY",0.09201736545076306,9.201736545076306
33,Personal care and cleaning,Uruguay,5,"Savannah, GA",0.025492268490312393,2.5492268490312395
33,Personal care and cleaning,Uruguay,6,"Dallas-Fort Worth, TX",0.008971633883869618,0.8971633883869617
33,Personal care and cleaning,Uruguay,7,"Boston, MA",0.00016554169128090072,0.01655416912809007
33,Personal care and cleaning,Vietnam,1,"Los Angeles, CA",0.49512252255322875,49.51225225532288
33,Personal care and cleaning,Vietnam,2,"New York City, NY",0.1779460355822233,17.79460355822233
33,Personal care and cleaning,Vietnam,3,"Norfolk, VA",0.06816156258763004,6.816156258763003
33,Personal care and cleaning,Vietnam,4,"Seattle, WA",0.054863426269626425,5.486342626962642
33,Personal care and cleaning,Vietnam,5,"Chicago, IL",0.054306656521367354,5.430665652136735
33,Personal care and cleaning,Vietnam,6,"Savannah, GA",0.0515562082045397,5.1556208204539695
33,Personal care and cleaning,Vietnam,7,"San Francisco, CA",0.04080343569311677,4.080343569311677
33,Personal care and cleaning,Vietnam,8,"Cleveland, OH",0.02335766036758771,2.3357660367587707
33,Personal care and cleaning,Vietnam,9,"Houston-Galveston, TX",0.018180024112882238,1.8180024112882238
33,Personal care and cleaning,Vietnam,10,"New Orleans, LA",0.015702468107797702,1.5702468107797702
34,Personal care and cleaning,Belgium,1,"New York City, NY",0.2538876759321044,25.38876759321044
34,Personal care and cleaning,Belgium,2,"Houston-Galveston, TX",0.19688820642817967,19.688820642817966
34,Personal care and cleaning,Belgium,3,"Chicago, IL",0.15814245904644122,15.814245904644123
34,Personal care and cleaning,Belgium,4,"Savannah, GA",0.09300352930413647,9.300352930413647
34,Personal care and cleaning,Belgium,5,"Boston, MA",0.08714510671193958,8.714510671193958
34,Personal care and cleaning,Belgium,6,"Cleveland, OH",0.06769931554455794,6.769931554455794
34,Personal care and cleaning,Belgium,7,"Detroit, MI",0.047993350565062924,4.799335056506292
34,Personal care and cleaning,Belgium,8,"Philadelphia, PA",0.043570004926954745,4.357000492695475
34,Personal care and cleaning,Belgium,9,"Minneapolis, MN",0.028406059219115366,2.8406059219115365
34,Personal care and cleaning,Belgium,10,"San Francisco, CA",0.023264292321507833,2.326429232150783
34,Personal care and cleaning,Canada,1,"Detroit, MI",0.5688263369500096,56.88263369500096
34,Personal care and cleaning,Canada,2,"Buffalo, NY",0.292752458000628,29.275245800062798
34,Personal care and cleaning,Canada,3,"Ogdensburg, NY",0.0439441477141764,4.39441477141764
34,Personal care and cleaning,Canada,4,"Seattle, WA",0.035764769264593065,3.5764769264593066
34,Personal care and cleaning,Canada,5,"Great Falls, MT",0.03454010352033196,3.454010352033196
34,Personal care and cleaning,Canada,6,"Pembina, ND",0.017897002490766575,1.7897002490766576
34,Personal care and cleaning,Canada,7,"Portland, ME",0.002105228986732276,0.2105228986732276
34,Personal care and cleaning,Canada,8,"St. Albans, VT",0.0016568965269237361,0.16568965269237362
34,Personal care and cleaning,Canada,9,"New York City, NY",0.001645772913661648,0.1645772913661648
34,Personal care and cleaning,Canada,10,"Miami, FL",0.0008672836321767273,0.08672836321767273
34,Personal care and cleaning,China,1,"Los Angeles, CA",0.4529938159120708,45.29938159120708
34,Personal care and cleaning,China,2,"New York City, NY",0.14518090465151076,14.518090465151076
34,Personal care and cleaning,China,3,"Savannah, GA",0.08793779119067294,8.793779119067294
34,Personal care and cleaning,China,4,"Seattle, WA",0.062052124339300296,6.205212433930029
34,Personal care and cleaning,China,5,"Chicago, IL",0.05786907603745467,5.786907603745467
34,Personal care and cleaning,China,6,"Houston-Galveston, TX",0.05762429574461965,5.762429574461965
34,Personal care and cleaning,China,7,"Norfolk, VA",0.03889087415989909,3.889087415989909
34,Personal care and cleaning,China,8,"Cleveland, OH",0.03416110077650473,3.416110077650473
34,Personal care and cleaning,China,9,"Charleston, SC",0.031805561161545294,3.1805561161545293
34,Personal care and cleaning,China,10,"San Francisco, CA",0.03148445602642172,3.148445602642172
34,Personal care and cleaning,Colombia,1,"Savannah, GA",0.6055066635884857,60.550666358848574
34,Personal care and cleaning,Colombia,2,"Wilmington, NC",0.13379815958376995,13.379815958376994
34,Personal care and cleaning,Colombia,3,"Miami, FL",0.07500520874018926,7.500520874018926
34,Personal care and cleaning,Colombia,4,"Norfolk, VA",0.04732958339018321,4.732958339018321
34,Personal care and cleaning,Colombia,5,"St. Louis, MO",0.04583725965665937,4.583725965665937
34,Personal care and cleaning,Colombia,6,"New York City, NY",0.03327297934869721,3.327297934869721
34,Personal care and cleaning,Colombia,7,"Charleston, SC",0.022941158127852447,2.2941158127852446
34,Personal care and cleaning,Colombia,8,"Houston-Galveston, TX",0.018606039530121538,1.8606039530121539
34,Personal care and cleaning,Colombia,9,"Cleveland, OH",0.009607441390795045,0.9607441390795045
34,Personal care and cleaning,Colombia,10,"Los Angeles, CA",0.00809550664324632,0.809550664324632
34,Personal care and cleaning,Dominican Republic,1,"Miami, FL",0.6685353345006224,66.85353345006224
34,Personal care and cleaning,Dominican Republic,2,"New York City, NY",0.27903690802851244,27.903690802851244
34,Personal care and cleaning,Dominican Republic,3,"Savannah, GA",0.022748033795485047,2.2748033795485045
34,Personal care and cleaning,Dominican Republic,4,"Houston-Galveston, TX",0.014668190010395333,1.4668190010395332
34,Personal care and cleaning,Dominican Republic,5,"Tampa, FL",0.006196250043117515,0.6196250043117515
34,Personal care and cleaning,Dominican Republic,6,"Philadelphia, PA",0.0043105125209133,0.43105125209133
34,Personal care and cleaning,Dominican Republic,7,"Norfolk, VA",0.0018254301518160205,0.18254301518160204
34,Personal care and cleaning,Dominican Republic,8,"Chicago, IL",0.0009431651824608366,0.09431651824608367
34,Personal care and cleaning,Dominican Republic,9,"Charleston, SC",0.0009191143166016927,0.09191143166016927
34,Personal care and cleaning,Dominican Republic,10,"Los Angeles, CA",0.0008170614500754169,0.0817061450075417
34,Personal care and cleaning,France,1,"New York City, NY",0.6995920879560126,69.95920879560126
34,Personal care and cleaning,France,2,"Cleveland, OH",0.0801498078038779,8.01498078038779
34,Personal care and cleaning,France,3,"Chicago, IL",0.04467062538166585,4.467062538166585
34,Personal care and cleaning,France,4,"Houston-Galveston, TX",0.03929067377557389,3.9290673775573888
34,Personal care and cleaning,France,5,"Charleston, SC",0.028303082627145638,2.830308262714564
34,Personal care and cleaning,France,6,"Philadelphia, PA",0.02542148849278084,2.542148849278084
34,Personal care and cleaning,France,7,"Detroit, MI",0.025025673039848775,2.5025673039848777
34,Personal care and cleaning,France,8,"Wilmington, NC",0.02156695047628241,2.156695047628241
34,Personal care and cleaning,France,9,"Los Angeles, CA",0.019709206174498776,1.9709206174498777
34,Personal care and cleaning,France,10,"Norfolk, VA",0.01627040427231328,1.627040427231328
34,Personal care and cleaning,Germany,1,"New York City, NY",0.22109948306084404,22.109948306084405
34,Personal care and cleaning,Germany,2,"Charleston, SC",0.1542964835188245,15.429648351882449
34,Personal care and cleaning,Germany,3,"Chicago, IL",0.11876299261976339,11.876299261976339
34,Personal care and cleaning,Germany,4,"Houston-Galveston, TX",0.1042355811793109,10.423558117931089
34,Personal care and cleaning,Germany,5,"Cleveland, OH",0.09943208898643141,9.94320889864314
34,Personal care and cleaning,Germany,6,"Los Angeles, CA",0.09011183486219802,9.011183486219803
34,Personal care and cleaning,Germany,7,"Wilmington, NC",0.07038900464468892,7.038900464468892
34,Personal care and cleaning,Germany,8,"Philadelphia, PA",0.0512739159055264,5.12739159055264
34,Personal care and cleaning,Germany,9,"Detroit, MI",0.05020136926549781,5.020136926549781
34,Personal care and cleaning,Germany,10,"Savannah, GA",0.040197245956914505,4.019724595691451
34,Personal care and cleaning,Greece,1,"New York City, NY",0.4466423116316555,44.66423116316555
34,Personal care and cleaning,Greece,2,"Chicago, IL",0.22176854559886908,22.17685455988691
34,Personal care and cleaning,Greece,3,"Houston-Galveston, TX",0.06844629302649138,6.844629302649138
34,Personal care and cleaning,Greece,4,"Savannah, GA",0.0638064307986345,6.38064307986345
34,Personal care and cleaning,Greece,5,"Los Angeles, CA",0.061819610062101016,6.181961006210102
34,Personal care and cleaning,Greece,6,"New Orleans, LA",0.05727206999323224,5.727206999323224
34,Personal care and cleaning,Greece,7,"Baltimore, MD",0.028767211850576176,2.8767211850576175
34,Personal care and cleaning,Greece,8,"Seattle, WA",0.018415775712201668,1.8415775712201667
34,Personal care and cleaning,Greece,9,"Detroit, MI",0.017862110502202284,1.7862110502202284
34,Personal care and cleaning,Greece,10,"Norfolk, VA",0.015199640824036166,1.5199640824036167
34,Personal care and cleaning,Hungary,1,"New York City, NY",0.5898376813237859,58.983768132378586
34,Personal care and cleaning,Hungary,2,"Philadelphia, PA",0.12270342473590541,12.27034247359054
34,Personal care and cleaning,Hungary,3,"New Orleans, LA",0.11209953599091779,11.20995359909178
34,Personal care and cleaning,Hungary,4,"Miami, FL",0.06362255812202981,6.3622558122029815
34,Personal care and cleaning,Hungary,5,"Norfolk, VA",0.03475169123710376,3.4751691237103763
34,Personal care and cleaning,Hungary,6,"Charleston, SC",0.030774080293596396,3.0774080293596398
34,Personal care and cleaning,Hungary,7,"Los Angeles, CA",0.026112739028138036,2.6112739028138034
34,Personal care and cleaning,Hungary,8,"San Francisco, CA",0.007813217846488868,0.7813217846488868
34,Personal care and cleaning,Hungary,9,"Baltimore, MD",0.006775874771824584,0.6775874771824584
34,Personal care and cleaning,Hungary,10,"Chicago, IL",0.005509196650209381,0.5509196650209381
34,Personal care and cleaning,India,1,"New York City, NY",0.37031641627774925,37.031641627774924
34,Personal care and cleaning,India,2,"Savannah, GA",0.144579190673522,14.4579190673522
34,Personal care and cleaning,India,3,"Chicago, IL",0.14316661062005087,14.316661062005087
34,Personal care and cleaning,India,4,"Houston-Galveston, TX",0.09421269957345188,9.421269957345189
34,Personal care and cleaning,India,5,"Los Angeles, CA",0.07601609994164038,7.601609994164038
34,Personal care and cleaning,India,6,"Charleston, SC",0.07179593764449377,7.179593764449377
34,Personal care and cleaning,India,7,"Norfolk, VA",0.031282351022072004,3.1282351022072006
34,Personal care and cleaning,India,8,"Miami, FL",0.025636222336358153,2.563622233635815
34,Personal care and cleaning,India,9,"New Orleans, LA",0.02460198929216742,2.460198929216742
34,Personal care and cleaning,India,10,"Cleveland, OH",0.01839248261849417,1.839248261849417
34,Personal care and cleaning,Indonesia,1,"Los Angeles, CA",0.3322488691028793,33.224886910287935
34,Personal care and cleaning,Indonesia,2,"New York City, NY",0.230527879249259,23.052787924925898
34,Personal care and cleaning,Indonesia,3,"St. Louis, MO",0.13488537789803834,13.488537789803834
34,Personal care and cleaning,Indonesia,4,"Houston-Galveston, TX",0.10407291850516374,10.407291850516375
34,Personal care and cleaning,Indonesia,5,"St. Albans, VT",0.07148103906879763,7.148103906879763
34,Personal care and cleaning,Indonesia,6,"Chicago, IL",0.04817182956690476,4.817182956690476
34,Personal care and cleaning,Indonesia,7,"New Orleans, LA",0.026131933782902808,2.6131933782902808
34,Personal care and cleaning,Indonesia,8,"Miami, FL",0.020752502426207974,2.0752502426207973
34,Personal care and cleaning,Indonesia,9,"San Francisco, CA",0.016312738663352738,1.6312738663352737
34,Personal care and cleaning,Indonesia,10,"Savannah, GA",0.015414911736493696,1.5414911736493695
34,Personal care and cleaning,Italy,1,"New York City, NY",0.3716593258393482,37.16593258393482
34,Personal care and cleaning,Italy,2,"Houston-Galveston, TX",0.15063999622747878,15.063999622747879
34,Personal care and cleaning,Italy,3,"Savannah, GA",0.11874988263650026,11.874988263650026
34,Personal care and cleaning,Italy,4,"Chicago, IL",0.11356354360716245,11.356354360716244
34,Personal care and cleaning,Italy,5,"Charleston, SC",0.0693433221276711,6.934332212767109
34,Personal care and cleaning,Italy,6,"New Orleans, LA",0.058234696709861436,5.823469670986143
34,Personal care and cleaning,Italy,7,"Miami, FL",0.03741680753892763,3.741680753892763
34,Personal care and cleaning,Italy,8,"Los Angeles, CA",0.034390495937793246,3.4390495937793246
34,Personal care and cleaning,Italy,9,"Norfolk, VA",0.02820936585736886,2.820936585736886
34,Personal care and cleaning,Italy,10,"Baltimore, MD",0.017792563517888035,1.7792563517888036
34,Personal care and cleaning,Japan,1,"Los Angeles, CA",0.2511001141124048,25.110011411240478
34,Personal care and cleaning,Japan,2,"Chicago, IL",0.23939704672961684,23.939704672961685
34,Personal care and cleaning,Japan,3,"Seattle, WA",0.11297439278325641,11.29743927832564
34,Personal care and cleaning,Japan,4,"New York City, NY",0.09657819303218662,9.657819303218663
34,Personal care and cleaning,Japan,5,"Charleston, SC",0.08684507115446531,8.68450711544653
34,Personal care and cleaning,Japan,6,"Savannah, GA",0.06836773752834076,6.836773752834076
34,Personal care and cleaning,Japan,7,"Cleveland, OH",0.06010653761538971,6.010653761538971
34,Personal care and cleaning,Japan,8,"San Francisco, CA",0.050644669187042184,5.064466918704218
34,Personal care and cleaning,Japan,9,"Houston-Galveston, TX",0.017160920964851466,1.7160920964851465
34,Personal care and cleaning,Japan,10,"Detroit, MI",0.016825316892445912,1.6825316892445912
34,Personal care and cleaning,"Korea, South",1,"Los Angeles, CA",0.4599566997934264,45.995669979342644
34,Personal care and cleaning,"Korea, South",2,"Chicago, IL",0.11462268286457385,11.462268286457384
34,Personal care and cleaning,"Korea, South",3,"New York City, NY",0.11224584269054091,11.224584269054091
34,Personal care and cleaning,"Korea, South",4,"Houston-Galveston, TX",0.07144664582791387,7.144664582791386
34,Personal care and cleaning,"Korea, South",5,"Savannah, GA",0.07116308315613416,7.116308315613416
34,Personal care and cleaning,"Korea, South",6,"San Francisco, CA",0.06174355371698056,6.174355371698056
34,Personal care and cleaning,"Korea, South",7,"New Orleans, LA",0.034244878295524736,3.4244878295524734
34,Personal care and cleaning,"Korea, South",8,"Detroit, MI",0.028133631331783343,2.8133631331783344
34,Personal care and cleaning,"Korea, South",9,"Cleveland, OH",0.02486383895056359,2.486383895056359
34,Personal care and cleaning,"Korea, South",10,"Seattle, WA",0.021579143372558587,2.1579143372558587
34,Personal care and cleaning,Malaysia,1,"Chicago, IL",0.25367857466790805,25.367857466790806
34,Personal care and cleaning,Malaysia,2,"Los Angeles, CA",0.17371857544080405,17.371857544080406
34,Personal care and cleaning,Malaysia,3,"New York City, NY",0.13141618878979872,13.141618878979871
34,Personal care and cleaning,Malaysia,4,"St. Louis, MO",0.09587903526261216,9.587903526261215
34,Personal care and cleaning,Malaysia,5,"Charleston, SC",0.090445375227243,9.0445375227243
34,Personal care and cleaning,Malaysia,6,"Savannah, GA",0.06144184871596068,6.144184871596068
34,Personal care and cleaning,Malaysia,7,"Houston-Galveston, TX",0.05756942873857806,5.756942873857806
34,Personal care and cleaning,Malaysia,8,"New Orleans, LA",0.05670655292604878,5.670655292604878
34,Personal care and cleaning,Malaysia,9,"Seattle, WA",0.04377599137324425,4.377599137324425
34,Personal care and cleaning,Malaysia,10,"Great Falls, MT",0.035368428857802156,3.5368428857802154
34,Personal care and cleaning,Mexico,1,"Laredo, TX",0.8571539146534711,85.71539146534711
34,Personal care and cleaning,Mexico,2,"San Diego, CA",0.07562631913653851,7.562631913653852
34,Personal care and cleaning,Mexico,3,"Tampa, FL",0.018142132341724133,1.8142132341724133
34,Personal care and cleaning,Mexico,4,"Miami, FL",0.015406957986859749,1.5406957986859748
34,Personal care and cleaning,Mexico,5,"El Paso, TX",0.01336050116275521,1.3360501162755212
34,Personal care and cleaning,Mexico,6,"Nogales, AZ",0.012155854887050947,1.2155854887050948
34,Personal care and cleaning,Mexico,7,"Buffalo, NY",0.003261075080312546,0.3261075080312546
34,Personal care and cleaning,Mexico,8,"Mobile, AL",0.0028397717256821637,0.28397717256821636
34,Personal care and cleaning,Mexico,9,"New Orleans, LA",0.0010487911587993318,0.10487911587993319
34,Personal care and cleaning,Mexico,10,"New York City, NY",0.0010046818668062371,0.10046818668062371
34,Personal care and cleaning,Netherlands,1,"New York City, NY",0.3659235577240919,36.59235577240919
34,Personal care and cleaning,Netherlands,2,"Chicago, IL",0.15596203697959776,15.596203697959776
34,Personal care and cleaning,Netherlands,3,"Cleveland, OH",0.09708920776469714,9.708920776469714
34,Personal care and cleaning,Netherlands,4,"Norfolk, VA",0.0857644101370011,8.57644101370011
34,Personal care and cleaning,Netherlands,5,"Philadelphia, PA",0.07407484355856858,7.407484355856858
34,Personal care and cleaning,Netherlands,6,"Minneapolis, MN",0.0686547194982816,6.86547194982816
34,Personal care and cleaning,Netherlands,7,"Houston-Galveston, TX",0.05496748018015268,5.496748018015268
34,Personal care and cleaning,Netherlands,8,"Savannah, GA",0.04062224437837257,4.062224437837257
34,Personal care and cleaning,Netherlands,9,"New Orleans, LA",0.03218703634609905,3.2187036346099047
34,Personal care and cleaning,Netherlands,10,"Charleston, SC",0.02475446343313769,2.475446343313769
34,Personal care and cleaning,Poland,1,"New York City, NY",0.4608494923760645,46.08494923760645
34,Personal care and cleaning,Poland,2,"Baltimore, MD",0.12353624082475777,12.353624082475777
34,Personal care and cleaning,Poland,3,"Savannah, GA",0.07976959929898761,7.976959929898761
34,Personal care and cleaning,Poland,4,"Charleston, SC",0.06954938760934343,6.9549387609343425
34,Personal care and cleaning,Poland,5,"Los Angeles, CA",0.0666134192649373,6.66134192649373
34,Personal care and cleaning,Poland,6,"Houston-Galveston, TX",0.05527108433467965,5.527108433467965
34,Personal care and cleaning,Poland,7,"Norfolk, VA",0.050696638313749494,5.06966383137495
34,Personal care and cleaning,Poland,8,"Philadelphia, PA",0.044049156889131295,4.404915688913129
34,Personal care and cleaning,Poland,9,"Chicago, IL",0.027749701075157073,2.774970107515707
34,Personal care and cleaning,Poland,10,"Cleveland, OH",0.021915280013191932,2.191528001319193
34,Personal care and cleaning,Romania,1,"Chicago, IL",0.7372981525023575,73.72981525023576
34,Personal care and cleaning,Romania,2,"New York City, NY",0.2209868904684749,22.09868904684749
34,Personal care and cleaning,Romania,3,"Savannah, GA",0.0175161513450755,1.75161513450755
34,Personal care and cleaning,Romania,4,"New Orleans, LA",0.011173461593538105,1.1173461593538105
34,Personal care and cleaning,Romania,5,"Washington, DC",0.0037477703557484664,0.37477703557484665
34,Personal care and cleaning,Romania,6,"Buffalo, NY",0.0028374107750791843,0.28374107750791844
34,Personal care and cleaning,Romania,7,"Norfolk, VA",0.0018118490543101524,0.18118490543101523
34,Personal care and cleaning,Romania,8,"Detroit, MI",0.001748321272939731,0.1748321272939731
34,Personal care and cleaning,Romania,9,"Cleveland, OH",0.0017148328130341096,0.17148328130341095
34,Personal care and cleaning,Romania,10,"Charleston, SC",0.0011651598194422931,0.11651598194422931
34,Personal care and cleaning,Spain,1,"New York City, NY",0.4257495770462421,42.57495770462421
34,Personal care and cleaning,Spain,2,"Miami, FL",0.11950613054013895,11.950613054013894
34,Personal care and cleaning,Spain,3,"Chicago, IL",0.08699009590347856,8.699009590347856
34,Personal care and cleaning,Spain,4,"Norfolk, VA",0.07243651758245243,7.243651758245242
34,Personal care and cleaning,Spain,5,"Charleston, SC",0.06151528960452662,6.151528960452661
34,Personal care and cleaning,Spain,6,"Detroit, MI",0.05681186496360494,5.681186496360494
34,Personal care and cleaning,Spain,7,"Houston-Galveston, TX",0.05159106461576858,5.159106461576858
34,Personal care and cleaning,Spain,8,"Cleveland, OH",0.051327980152543015,5.132798015254301
34,Personal care and cleaning,Spain,9,"Savannah, GA",0.04123315716628386,4.123315716628386
34,Personal care and cleaning,Spain,10,"Boston, MA",0.03283832242496098,3.2838322424960977
34,Personal care and cleaning,Sweden,1,"Chicago, IL",0.29317437631005167,29.317437631005166
34,Personal care and cleaning,Sweden,2,"New York City, NY",0.2862169208119078,28.62169208119078
34,Personal care and cleaning,Sweden,3,"Laredo, TX",0.1632900704841435,16.32900704841435
34,Personal care and cleaning,Sweden,4,"New Orleans, LA",0.06560548010474267,6.560548010474267
34,Personal care and cleaning,Sweden,5,"Savannah, GA",0.04349533062374026,4.349533062374026
34,Personal care and cleaning,Sweden,6,"Houston-Galveston, TX",0.04306300722430614,4.306300722430613
34,Personal care and cleaning,Sweden,7,"Boston, MA",0.03825537809914104,3.8255378099141044
34,Personal care and cleaning,Sweden,8,"Cleveland, OH",0.03388953136198857,3.388953136198857
34,Personal care and cleaning,Sweden,9,"Philadelphia, PA",0.016883748414159704,1.6883748414159703
34,Personal care and cleaning,Sweden,10,"Los Angeles, CA",0.016126156565818648,1.6126156565818648
34,Personal care and cleaning,Switzerland,1,"New York City, NY",0.3447238677127223,34.47238677127223
34,Personal care and cleaning,Switzerland,2,"Cleveland, OH",0.1712102313319551,17.12102313319551
34,Personal care and cleaning,Switzerland,3,"Houston-Galveston, TX",0.11413754839102554,11.413754839102554
34,Personal care and cleaning,Switzerland,4,"Chicago, IL",0.10048951523104359,10.048951523104359
34,Personal care and cleaning,Switzerland,5,"Boston, MA",0.09250650428295315,9.250650428295316
34,Personal care and cleaning,Switzerland,6,"Charleston, SC",0.05358879090391754,5.3588790903917545
34,Personal care and cleaning,Switzerland,7,"New Orleans, LA",0.03362271686412685,3.362271686412685
34,Personal care and cleaning,Switzerland,8,"San Francisco, CA",0.031270254362717666,3.1270254362717664
34,Personal care and cleaning,Switzerland,9,"Philadelphia, PA",0.030050511289667677,3.005051128966768
34,Personal care and cleaning,Switzerland,10,"Los Angeles, CA",0.02840005962987056,2.840005962987056
34,Personal care and cleaning,Taiwan,1,"Los Angeles, CA",0.4348227989778727,43.482279897787265
34,Personal care and cleaning,Taiwan,2,"Cleveland, OH",0.15116334852077107,15.116334852077106
34,Personal care and cleaning,Taiwan,3,"Seattle, WA",0.10651571346085519,10.651571346085518
34,Personal care and cleaning,Taiwan,4,"San Francisco, CA",0.0818682146300273,8.18682146300273
34,Personal care and cleaning,Taiwan,5,"Houston-Galveston, TX",0.05673364516105919,5.673364516105919
34,Personal care and cleaning,Taiwan,6,"New York City, NY",0.05023521220610698,5.023521220610698
34,Personal care and cleaning,Taiwan,7,"Chicago, IL",0.046942911262780045,4.694291126278005
34,Personal care and cleaning,Taiwan,8,"St. Louis, MO",0.03236691948046651,3.236691948046651
34,Personal care and cleaning,Taiwan,9,"Dallas-Fort Worth, TX",0.02300699158228597,2.300699158228597
34,Personal care and cleaning,Taiwan,10,"Savannah, GA",0.016344244717775,1.6344244717775
34,Personal care and cleaning,Thailand,1,"Los Angeles, CA",0.5447878569569303,54.478785695693034
34,Personal care and cleaning,Thailand,2,"New York City, NY",0.14111698748324555,14.111698748324555
34,Personal care and cleaning,Thailand,3,"Savannah, GA",0.0771645556971251,7.71645556971251
34,Personal care and cleaning,Thailand,4,"Chicago, IL",0.0481239239010219,4.8123923901021906
34,Personal care and cleaning,Thailand,5,"Dallas-Fort Worth, TX",0.04695409776836616,4.695409776836616
34,Personal care and cleaning,Thailand,6,"Seattle, WA",0.03854968119145189,3.854968119145189
34,Personal care and cleaning,Thailand,7,"Houston-Galveston, TX",0.03853040669579338,3.8530406695793378
34,Personal care and cleaning,Thailand,8,"San Francisco, CA",0.03760919106169537,3.760919106169537
34,Personal care and cleaning,Thailand,9,"Cleveland, OH",0.016430422144521284,1.6430422144521284
34,Personal care and cleaning,Thailand,10,"Charleston, SC",0.010732877099849056,1.0732877099849056
34,Personal care and cleaning,Turkey,1,"New York City, NY",0.5086350345082771,50.86350345082771
34,Personal care and cleaning,Turkey,2,"Savannah, GA",0.29680891002360743,29.68089100236074
34,Personal care and cleaning,Turkey,3,"Detroit, MI",0.047796952388437126,4.779695238843713
34,Personal care and cleaning,Turkey,4,"Norfolk, VA",0.0386681147965124,3.8668114796512403
34,Personal care and cleaning,Turkey,5,"Miami, FL",0.024801235356728128,2.4801235356728126
34,Personal care and cleaning,Turkey,6,"Chicago, IL",0.02428785355292914,2.428785355292914
34,Personal care and cleaning,Turkey,7,"Houston-Galveston, TX",0.02222896195313017,2.222896195313017
34,Personal care and cleaning,Turkey,8,"Charleston, SC",0.014555608688689225,1.4555608688689226
34,Personal care and cleaning,Turkey,9,"Los Angeles, CA",0.012592794622757225,1.2592794622757224
34,Personal care and cleaning,Turkey,10,"Cleveland, OH",0.009624534108932182,0.9624534108932181
34,Personal care and cleaning,United Kingdom,1,"New York City, NY",0.4566491159259982,45.66491159259982
34,Personal care and cleaning,United Kingdom,2,"Chicago, IL",0.1049557875596172,10.49557875596172
34,Personal care and cleaning,United Kingdom,3,"Cleveland, OH",0.08993458684991727,8.993458684991728
34,Personal care and cleaning,United Kingdom,4,"Houston-Galveston, TX",0.06876891478973765,6.876891478973765
34,Personal care and cleaning,United Kingdom,5,"Wilmington, NC",0.05956756036046591,5.956756036046591
34,Personal care and cleaning,United Kingdom,6,"Norfolk, VA",0.05666355625106079,5.666355625106078
34,Personal care and cleaning,United Kingdom,7,"Philadelphia, PA",0.04571886907471959,4.571886907471959
34,Personal care and cleaning,United Kingdom,8,"Detroit, MI",0.04499085806405464,4.499085806405464
34,Personal care and cleaning,United Kingdom,9,"New Orleans, LA",0.03695288456320598,3.695288456320598
34,Personal care and cleaning,United Kingdom,10,"Charleston, SC",0.03579786656122272,3.579786656122272
34,Personal care and cleaning,Vietnam,1,"Los Angeles, CA",0.551905894459521,55.1905894459521
34,Personal care and cleaning,Vietnam,2,"Savannah, GA",0.09232117936348735,9.232117936348736
34,Personal care and cleaning,Vietnam,3,"New York City, NY",0.08997070514595683,8.997070514595682
34,Personal care and cleaning,Vietnam,4,"Seattle, WA",0.0792729736092667,7.92729736092667
34,Personal care and cleaning,Vietnam,5,"Dallas-Fort Worth, TX",0.052170430140570455,5.217043014057046
34,Personal care and cleaning,Vietnam,6,"Norfolk, VA",0.04092344478574242,4.092344478574242
34,Personal care and cleaning,Vietnam,7,"San Francisco, CA",0.030222394981360975,3.0222394981360976
34,Personal care and cleaning,Vietnam,8,"Chicago, IL",0.025036877087228245,2.5036877087228246
34,Personal care and cleaning,Vietnam,9,"Houston-Galveston, TX",0.021070672122844802,2.1070672122844805
34,Personal care and cleaning,Vietnam,10,"New Orleans, LA",0.01710542830402133,1.710542830402133
39,Plastics and articles thereof,Austria,1,"Chicago, IL",0.20730863275677325,20.730863275677326
39,Plastics and articles thereof,Austria,2,"New York City, NY",0.17933040113677073,17.933040113677073
39,Plastics and articles thereof,Austria,3,"Charleston, SC",0.13671968123906278,13.671968123906279
39,Plastics and articles thereof,Austria,4,"Houston-Galveston, TX",0.1015965396563606,10.15965396563606
39,Plastics and articles thereof,Austria,5,"Savannah, GA",0.09216589130187122,9.216589130187122
39,Plastics and articles thereof,Austria,6,"Cleveland, OH",0.06336748228206297,6.3367482282062975
39,Plastics and articles thereof,Austria,7,"Baltimore, MD",0.06036716185908024,6.036716185908024
39,Plastics and articles thereof,Austria,8,"Wilmington, NC",0.05860876285844788,5.860876285844788
39,Plastics and articles thereof,Austria,9,"Los Angeles, CA",0.05583327006852665,5.583327006852665
39,Plastics and articles thereof,Austria,10,"Norfolk, VA",0.04470217684104359,4.470217684104359
39,Plastics and articles thereof,Bahamas,1,"Miami, FL",0.9724552499397826,97.24552499397826
39,Plastics and articles thereof,Bahamas,2,"Houston-Galveston, TX",0.026649640065175333,2.664964006517533
39,Plastics and articles thereof,Bahamas,3,"Baltimore, MD",0.0005353763839016888,0.05353763839016888
39,Plastics and articles thereof,Bahamas,4,"Cleveland, OH",0.0003392685729193242,0.03392685729193242
39,Plastics and articles thereof,Bahamas,5,"Laredo, TX",1.1961111934663611e-05,0.0011961111934663611
39,Plastics and articles thereof,Bahamas,6,"Buffalo, NY",4.360181183090888e-06,0.00043601811830908875
39,Plastics and articles thereof,Bahamas,7,"New Orleans, LA",3.304766682663688e-06,0.0003304766682663688
39,Plastics and articles thereof,Bahamas,8,"Savannah, GA",8.389784206108741e-07,8.389784206108742e-05
39,Plastics and articles thereof,Bahamas,9,"Tampa, FL",0.0,0.0
39,Plastics and articles thereof,Belgium,1,"New Orleans, LA",0.15467696547276838,15.467696547276837
39,Plastics and articles thereof,Belgium,2,"Chicago, IL",0.15128052691775137,15.128052691775137
39,Plastics and articles thereof,Belgium,3,"Philadelphia, PA",0.11651057277774557,11.651057277774557
39,Plastics and articles thereof,Belgium,4,"New York City, NY",0.1092316463109889,10.92316463109889
39,Plastics and articles thereof,Belgium,5,"Savannah, GA",0.09531175386269983,9.531175386269982
39,Plastics and articles thereof,Belgium,6,"Wilmington, NC",0.09205695932566936,9.205695932566936
39,Plastics and articles thereof,Belgium,7,"Houston-Galveston, TX",0.08710981799032094,8.710981799032094
39,Plastics and articles thereof,Belgium,8,"Charleston, SC",0.07577176571106571,7.5771765711065715
39,Plastics and articles thereof,Belgium,9,"Cleveland, OH",0.07052261260962571,7.052261260962571
39,Plastics and articles thereof,Belgium,10,"Norfolk, VA",0.04752737902136414,4.752737902136414
39,Plastics and articles thereof,Brazil,1,"New York City, NY",0.23819404764294594,23.819404764294593
39,Plastics and articles thereof,Brazil,2,"Houston-Galveston, TX",0.2172355448261207,21.72355448261207
39,Plastics and articles thereof,Brazil,3,"Chicago, IL",0.14869409610196205,14.869409610196204
39,Plastics and articles thereof,Brazil,4,"Cleveland, OH",0.13243866319263706,13.243866319263706
39,Plastics and articles thereof,Brazil,5,"Charleston, SC",0.08685221979790589,8.685221979790589
39,Plastics and articles thereof,Brazil,6,"Tampa, FL",0.05312025544730777,5.312025544730777
39,Plastics and articles thereof,Brazil,7,"Miami, FL",0.043347005633477306,4.334700563347731
39,Plastics and articles thereof,Brazil,8,"Savannah, GA",0.037706867095062956,3.7706867095062955
39,Plastics and articles thereof,Brazil,9,"Philadelphia, PA",0.022091918882370477,2.2091918882370476
39,Plastics and articles thereof,Brazil,10,"Norfolk, VA",0.020319381380209986,2.0319381380209984
39,Plastics and articles thereof,Cambodia,1,"Los Angeles, CA",0.28860336282075005,28.860336282075004
39,Plastics and articles thereof,Cambodia,2,"Savannah, GA",0.19537958187649554,19.537958187649554
39,Plastics and articles thereof,Cambodia,3,"New York City, NY",0.1300415467002105,13.004154670021052
39,Plastics and articles thereof,Cambodia,4,"Houston-Galveston, TX",0.09504281229170052,9.50428122917005
39,Plastics and articles thereof,Cambodia,5,"Dallas-Fort Worth, TX",0.07165067365693562,7.165067365693561
39,Plastics and articles thereof,Cambodia,6,"Norfolk, VA",0.060209215579762755,6.020921557976275
39,Plastics and articles thereof,Cambodia,7,"Seattle, WA",0.05668232900580804,5.668232900580803
39,Plastics and articles thereof,Cambodia,8,"Charleston, SC",0.03864029137592541,3.864029137592541
39,Plastics and articles thereof,Cambodia,9,"Miami, FL",0.032653204285886715,3.2653204285886717
39,Plastics and articles thereof,Cambodia,10,"Mobile, AL",0.03109698240652486,3.1096982406524862
39,Plastics and articles thereof,Canada,1,"Detroit, MI",0.41899345095614293,41.899345095614294
39,Plastics and articles thereof,Canada,2,"Buffalo, NY",0.1779291551178407,17.79291551178407
39,Plastics and articles thereof,Canada,3,"Pembina, ND",0.13003396215135646,13.003396215135647
39,Plastics and articles thereof,Canada,4,"Ogdensburg, NY",0.09534300140586255,9.534300140586256
39,Plastics and articles thereof,Canada,5,"Duluth, MN",0.0811342163017747,8.11342163017747
39,Plastics and articles thereof,Canada,6,"Seattle, WA",0.047050894514375614,4.705089451437561
39,Plastics and articles thereof,Canada,7,"Great Falls, MT",0.023139333637550757,2.313933363755076
39,Plastics and articles thereof,Canada,8,"St. Albans, VT",0.018010941899632,1.8010941899632
39,Plastics and articles thereof,Canada,9,"Portland, ME",0.006225334802996883,0.6225334802996884
39,Plastics and articles thereof,Canada,10,"Cleveland, OH",0.002139709212467385,0.2139709212467385
39,Plastics and articles thereof,China,1,"Los Angeles, CA",0.36877278828635135,36.877278828635134
39,Plastics and articles thereof,China,2,"New York City, NY",0.1665965840824615,16.659658408246152
39,Plastics and articles thereof,China,3,"Savannah, GA",0.11229728656941015,11.229728656941015
39,Plastics and articles thereof,China,4,"Chicago, IL",0.08442831425818369,8.442831425818369
39,Plastics and articles thereof,China,5,"Houston-Galveston, TX",0.06552815188404826,6.552815188404826
39,Plastics and articles thereof,China,6,"Cleveland, OH",0.04672515010147984,4.6725150101479835
39,Plastics and articles thereof,China,7,"San Francisco, CA",0.044566295626313555,4.456629562631355
39,Plastics and articles thereof,China,8,"Seattle, WA",0.04060365214542397,4.060365214542397
39,Plastics and articles thereof,China,9,"Norfolk, VA",0.03646300380887817,3.6463003808878165
39,Plastics and articles thereof,China,10,"Charleston, SC",0.034018773237449534,3.4018773237449533
39,Plastics and articles thereof,Colombia,1,"Miami, FL",0.36292257989150023,36.29225798915002
39,Plastics and articles thereof,Colombia,2,"Charleston, SC",0.16241833351085996,16.241833351085997
39,Plastics and articles thereof,Colombia,3,"Houston-Galveston, TX",0.12911454380696014,12.911454380696014
39,Plastics and articles thereof,Colombia,4,"New York City, NY",0.12329179219299631,12.32917921929963
39,Plastics and articles thereof,Colombia,5,"Philadelphia, PA",0.10152878359087718,10.152878359087717
39,Plastics and articles thereof,Colombia,6,"Savannah, GA",0.05296819658728215,5.296819658728215
39,Plastics and articles thereof,Colombia,7,"Baltimore, MD",0.021006570554595053,2.1006570554595054
39,Plastics and articles thereof,Colombia,8,"Los Angeles, CA",0.017440373707340463,1.7440373707340462
39,Plastics and articles thereof,Colombia,9,"Cleveland, OH",0.015211750822573367,1.5211750822573367
39,Plastics and articles thereof,Colombia,10,"Chicago, IL",0.014097075335015197,1.4097075335015197
39,Plastics and articles thereof,Czech Republic,1,"Charleston, SC",0.18332253905904328,18.332253905904327
39,Plastics and articles thereof,Czech Republic,2,"Savannah, GA",0.18046860550695598,18.046860550695598
39,Plastics and articles thereof,Czech Republic,3,"New York City, NY",0.14681208867677373,14.681208867677373
39,Plastics and articles thereof,Czech Republic,4,"Philadelphia, PA",0.11878405352592224,11.878405352592223
39,Plastics and articles thereof,Czech Republic,5,"Cleveland, OH",0.10793613587288793,10.793613587288792
39,Plastics and articles thereof,Czech Republic,6,"Houston-Galveston, TX",0.08876125318985371,8.876125318985371
39,Plastics and articles thereof,Czech Republic,7,"New Orleans, LA",0.044938101648285995,4.4938101648285995
39,Plastics and articles thereof,Czech Republic,8,"Chicago, IL",0.04391877721637958,4.391877721637958
39,Plastics and articles thereof,Czech Republic,9,"Baltimore, MD",0.043191370761914864,4.3191370761914865
39,Plastics and articles thereof,Czech Republic,10,"Detroit, MI",0.04186707454198264,4.186707454198264
39,Plastics and articles thereof,Denmark,1,"New York City, NY",0.19438989737688805,19.438989737688807
39,Plastics and articles thereof,Denmark,2,"Houston-Galveston, TX",0.18129444735339945,18.129444735339945
39,Plastics and articles thereof,Denmark,3,"Chicago, IL",0.17288367346064634,17.288367346064636
39,Plastics and articles thereof,Denmark,4,"Philadelphia, PA",0.09257406330214962,9.257406330214963
39,Plastics and articles thereof,Denmark,5,"Cleveland, OH",0.08709147243412392,8.709147243412392
39,Plastics and articles thereof,Denmark,6,"Norfolk, VA",0.08668558813547768,8.668558813547769
39,Plastics and articles thereof,Denmark,7,"Savannah, GA",0.08330850277464562,8.330850277464561
39,Plastics and articles thereof,Denmark,8,"Charleston, SC",0.04899880670553017,4.899880670553017
39,Plastics and articles thereof,Denmark,9,"New Orleans, LA",0.026765516913124548,2.6765516913124547
39,Plastics and articles thereof,Denmark,10,"Seattle, WA",0.026008031544014598,2.6008031544014596
39,Plastics and articles thereof,Dominican Republic,1,"Miami, FL",0.38749459357912086,38.74945935791209
39,Plastics and articles thereof,Dominican Republic,2,"Tampa, FL",0.3598064680785647,35.98064680785647
39,Plastics and articles thereof,Dominican Republic,3,"El Paso, TX",0.10467907599122615,10.467907599122615
39,Plastics and articles thereof,Dominican Republic,4,"Laredo, TX",0.04700679342769456,4.7006793427694555
39,Plastics and articles thereof,Dominican Republic,5,"New York City, NY",0.028548301474291438,2.8548301474291438
39,Plastics and articles thereof,Dominican Republic,6,"Savannah, GA",0.022594814240051008,2.259481424005101
39,Plastics and articles thereof,Dominican Republic,7,"San Diego, CA",0.018376098548264077,1.8376098548264077
39,Plastics and articles thereof,Dominican Republic,8,"Houston-Galveston, TX",0.0120403635328271,1.20403635328271
39,Plastics and articles thereof,Dominican Republic,9,"Philadelphia, PA",0.010060612263934331,1.0060612263934332
39,Plastics and articles thereof,Dominican Republic,10,"Chicago, IL",0.009392878864025697,0.9392878864025697
39,Plastics and articles thereof,Ecuador,1,"Miami, FL",0.5385333317716114,53.85333317716115
39,Plastics and articles thereof,Ecuador,2,"New York City, NY",0.21786811090582434,21.786811090582432
39,Plastics and articles thereof,Ecuador,3,"Houston-Galveston, TX",0.14336925517509772,14.336925517509771
39,Plastics and articles thereof,Ecuador,4,"Charleston, SC",0.029775630474952047,2.9775630474952046
39,Plastics and articles thereof,Ecuador,5,"Savannah, GA",0.01640142715954057,1.6401427159540571
39,Plastics and articles thereof,Ecuador,6,"New Orleans, LA",0.014350539053837518,1.4350539053837519
39,Plastics and articles thereof,Ecuador,7,"Los Angeles, CA",0.012115332723849289,1.2115332723849288
39,Plastics and articles thereof,Ecuador,8,"Boston, MA",0.011430524870757307,1.1430524870757308
39,Plastics and articles thereof,Ecuador,9,"Detroit, MI",0.010071244309616648,1.007124430961665
39,Plastics and articles thereof,Ecuador,10,"Philadelphia, PA",0.006084603554913153,0.6084603554913153
39,Plastics and articles thereof,Egypt,1,"New York City, NY",0.28743082679360665,28.743082679360665
39,Plastics and articles thereof,Egypt,2,"Cleveland, OH",0.17572200754714154,17.572200754714153
39,Plastics and articles thereof,Egypt,3,"Charleston, SC",0.158964662598755,15.896466259875499
39,Plastics and articles thereof,Egypt,4,"Savannah, GA",0.12946819256214837,12.946819256214837
39,Plastics and articles thereof,Egypt,5,"Chicago, IL",0.08197591410370775,8.197591410370775
39,Plastics and articles thereof,Egypt,6,"Norfolk, VA",0.042214964844541875,4.221496484454187
39,Plastics and articles thereof,Egypt,7,"Houston-Galveston, TX",0.036800421157323036,3.6800421157323036
39,Plastics and articles thereof,Egypt,8,"Los Angeles, CA",0.03331745017086044,3.3317450170860443
39,Plastics and articles thereof,Egypt,9,"Philadelphia, PA",0.02740344448570765,2.740344448570765
39,Plastics and articles thereof,Egypt,10,"New Orleans, LA",0.02670211573620776,2.670211573620776
39,Plastics and articles thereof,France,1,"New York City, NY",0.28842154820326865,28.842154820326865
39,Plastics and articles thereof,France,2,"Houston-Galveston, TX",0.15200740265222748,15.200740265222748
39,Plastics and articles thereof,France,3,"Savannah, GA",0.1072198533723301,10.72198533723301
39,Plastics and articles thereof,France,4,"Cleveland, OH",0.09466345058933004,9.466345058933005
39,Plastics and articles thereof,France,5,"Chicago, IL",0.09338567790018168,9.338567790018168
39,Plastics and articles thereof,France,6,"Charleston, SC",0.07142969021720755,7.142969021720755
39,Plastics and articles thereof,France,7,"Philadelphia, PA",0.0623791950085155,6.23791950085155
39,Plastics and articles thereof,France,8,"Boston, MA",0.046811246002683465,4.681124600268347
39,Plastics and articles thereof,France,9,"Norfolk, VA",0.04463841475502943,4.463841475502943
39,Plastics and articles thereof,France,10,"New Orleans, LA",0.03904352129922615,3.9043521299226147
39,Plastics and articles thereof,Germany,1,"New York City, NY",0.16766355836247462,16.766355836247463
39,Plastics and articles thereof,Germany,2,"Chicago, IL",0.15107105531779433,15.107105531779434
39,Plastics and articles thereof,Germany,3,"Houston-Galveston, TX",0.11030000040624709,11.030000040624708
39,Plastics and articles thereof,Germany,4,"Charleston, SC",0.10972510552514006,10.972510552514006
39,Plastics and articles thereof,Germany,5,"Savannah, GA",0.09502755455432378,9.502755455432379
39,Plastics and articles thereof,Germany,6,"Detroit, MI",0.08930579828765219,8.930579828765218
39,Plastics and articles thereof,Germany,7,"Cleveland, OH",0.0867206967669478,8.672069676694779
39,Plastics and articles thereof,Germany,8,"Philadelphia, PA",0.08452112149075382,8.452112149075381
39,Plastics and articles thereof,Germany,9,"Norfolk, VA",0.05886749515895807,5.886749515895807
39,Plastics and articles thereof,Germany,10,"Wilmington, NC",0.04679761412970833,4.679761412970833
39,Plastics and articles thereof,Honduras,1,"Miami, FL",0.47798122826859857,47.79812282685986
39,Plastics and articles thereof,Honduras,2,"Wilmington, NC",0.1973030679333446,19.73030679333446
39,Plastics and articles thereof,Honduras,3,"Houston-Galveston, TX",0.17256517747442232,17.25651774744223
39,Plastics and articles thereof,Honduras,4,"Boston, MA",0.03180563653262788,3.1805636532627877
39,Plastics and articles thereof,Honduras,5,"Tampa, FL",0.03144664871281807,3.144664871281807
39,Plastics and articles thereof,Honduras,6,"Charleston, SC",0.024003598908178176,2.4003598908178176
39,Plastics and articles thereof,Honduras,7,"New York City, NY",0.01977986762596299,1.977986762596299
39,Plastics and articles thereof,Honduras,8,"Savannah, GA",0.01623548468633386,1.6235484686333859
39,Plastics and articles thereof,Honduras,9,"Mobile, AL",0.01581999493434158,1.5819994934341581
39,Plastics and articles thereof,Honduras,10,"New Orleans, LA",0.013059294923371914,1.3059294923371914
39,Plastics and articles thereof,Hungary,1,"Charleston, SC",0.16754607480278738,16.75460748027874
39,Plastics and articles thereof,Hungary,2,"New York City, NY",0.16025916384535188,16.025916384535186
39,Plastics and articles thereof,Hungary,3,"Houston-Galveston, TX",0.14634877566470772,14.634877566470772
39,Plastics and articles thereof,Hungary,4,"Cleveland, OH",0.12449788340855607,12.449788340855607
39,Plastics and articles thereof,Hungary,5,"New Orleans, LA",0.12416784608108017,12.416784608108017
39,Plastics and articles thereof,Hungary,6,"Chicago, IL",0.09544344742412332,9.544344742412331
39,Plastics and articles thereof,Hungary,7,"Savannah, GA",0.08108528014790616,8.108528014790615
39,Plastics and articles thereof,Hungary,8,"Los Angeles, CA",0.03650745049958472,3.6507450499584717
39,Plastics and articles thereof,Hungary,9,"Norfolk, VA",0.03227557628940575,3.227557628940575
39,Plastics and articles thereof,Hungary,10,"Wilmington, NC",0.031868501836496865,3.1868501836496863
39,Plastics and articles thereof,India,1,"New York City, NY",0.36635235775805397,36.6352357758054
39,Plastics and articles thereof,India,2,"Houston-Galveston, TX",0.12008369760475665,12.008369760475665
39,Plastics and articles thereof,India,3,"Chicago, IL",0.10678577598685758,10.678577598685758
39,Plastics and articles thereof,India,4,"Savannah, GA",0.08528096780544975,8.528096780544974
39,Plastics and articles thereof,India,5,"Charleston, SC",0.08116727186181778,8.116727186181778
39,Plastics and articles thereof,India,6,"Los Angeles, CA",0.066688575268554,6.6688575268554
39,Plastics and articles thereof,India,7,"Cleveland, OH",0.060702656202401895,6.070265620240189
39,Plastics and articles thereof,India,8,"Norfolk, VA",0.058717878979406335,5.871787897940633
39,Plastics and articles thereof,India,9,"New Orleans, LA",0.030653016682265194,3.0653016682265193
39,Plastics and articles thereof,India,10,"Seattle, WA",0.023567801850436897,2.35678018504369
39,Plastics and articles thereof,Indonesia,1,"Los Angeles, CA",0.3344866023191638,33.44866023191638
39,Plastics and articles thereof,Indonesia,2,"New York City, NY",0.2063183728465356,20.63183728465356
39,Plastics and articles thereof,Indonesia,3,"Chicago, IL",0.10788498719141494,10.788498719141494
39,Plastics and articles thereof,Indonesia,4,"Charleston, SC",0.07231158779643414,7.231158779643414
39,Plastics and articles thereof,Indonesia,5,"San Francisco, CA",0.06439141454651129,6.4391414546511285
39,Plastics and articles thereof,Indonesia,6,"Houston-Galveston, TX",0.05700555961207165,5.700555961207165
39,Plastics and articles thereof,Indonesia,7,"Savannah, GA",0.05603890347928767,5.603890347928767
39,Plastics and articles thereof,Indonesia,8,"Norfolk, VA",0.036408120266088674,3.6408120266088675
39,Plastics and articles thereof,Indonesia,9,"Cleveland, OH",0.0331042725103769,3.31042725103769
39,Plastics and articles thereof,Indonesia,10,"Seattle, WA",0.03205017943211543,3.2050179432115433
39,Plastics and articles thereof,Israel,1,"Savannah, GA",0.35385069843330075,35.38506984333007
39,Plastics and articles thereof,Israel,2,"New York City, NY",0.27566426883482265,27.566426883482265
39,Plastics and articles thereof,Israel,3,"Houston-Galveston, TX",0.08856963430826532,8.856963430826532
39,Plastics and articles thereof,Israel,4,"Cleveland, OH",0.05583800517755625,5.583800517755625
39,Plastics and articles thereof,Israel,5,"Los Angeles, CA",0.050891777338389725,5.089177733838972
39,Plastics and articles thereof,Israel,6,"Charleston, SC",0.0506135113049665,5.06135113049665
39,Plastics and articles thereof,Israel,7,"Norfolk, VA",0.043284543391819086,4.328454339181908
39,Plastics and articles thereof,Israel,8,"New Orleans, LA",0.03912290244905068,3.912290244905068
39,Plastics and articles thereof,Israel,9,"Detroit, MI",0.024867082303482148,2.486708230348215
39,Plastics and articles thereof,Israel,10,"Boston, MA",0.01729757645834694,1.729757645834694
39,Plastics and articles thereof,Italy,1,"New York City, NY",0.36513087968117103,36.513087968117105
39,Plastics and articles thereof,Italy,2,"Savannah, GA",0.12450227466497234,12.450227466497234
39,Plastics and articles thereof,Italy,3,"Chicago, IL",0.11786469943337678,11.786469943337679
39,Plastics and articles thereof,Italy,4,"Houston-Galveston, TX",0.10758710409149423,10.758710409149423
39,Plastics and articles thereof,Italy,5,"Cleveland, OH",0.08831260315693346,8.831260315693346
39,Plastics and articles thereof,Italy,6,"Detroit, MI",0.05313167299863345,5.313167299863345
39,Plastics and articles thereof,Italy,7,"Los Angeles, CA",0.0519332787864708,5.19332787864708
39,Plastics and articles thereof,Italy,8,"Charleston, SC",0.033675204106195754,3.3675204106195755
39,Plastics and articles thereof,Italy,9,"Norfolk, VA",0.02932581894458548,2.932581894458548
39,Plastics and articles thereof,Italy,10,"San Francisco, CA",0.028536464136166687,2.853646413616669
39,Plastics and articles thereof,Japan,1,"Los Angeles, CA",0.17876696513952725,17.876696513952727
39,Plastics and articles thereof,Japan,2,"Chicago, IL",0.1749160242609585,17.491602426095852
39,Plastics and articles thereof,Japan,3,"New York City, NY",0.16947120484237774,16.947120484237775
39,Plastics and articles thereof,Japan,4,"Cleveland, OH",0.15699385106253835,15.699385106253835
39,Plastics and articles thereof,Japan,5,"Savannah, GA",0.07916319206671696,7.916319206671696
39,Plastics and articles thereof,Japan,6,"Houston-Galveston, TX",0.06268957441661463,6.268957441661463
39,Plastics and articles thereof,Japan,7,"San Francisco, CA",0.051807253711338694,5.180725371133869
39,Plastics and articles thereof,Japan,8,"Seattle, WA",0.044898188383108766,4.489818838310876
39,Plastics and articles thereof,Japan,9,"New Orleans, LA",0.04150028532285097,4.150028532285098
39,Plastics and articles thereof,Japan,10,"Norfolk, VA",0.039793460793968075,3.9793460793968074
39,Plastics and articles thereof,"Korea, South",1,"Los Angeles, CA",0.29560261710148206,29.560261710148204
39,Plastics and articles thereof,"Korea, South",2,"Savannah, GA",0.24284059445409636,24.284059445409635
39,Plastics and articles thereof,"Korea, South",3,"Chicago, IL",0.10381353596592444,10.381353596592444
39,Plastics and articles thereof,"Korea, South",4,"New York City, NY",0.08212775789321909,8.21277578932191
39,Plastics and articles thereof,"Korea, South",5,"Houston-Galveston, TX",0.07559442403344935,7.559442403344935
39,Plastics and articles thereof,"Korea, South",6,"Charleston, SC",0.05187330941475142,5.187330941475142
39,Plastics and articles thereof,"Korea, South",7,"Seattle, WA",0.04528296018330825,4.528296018330825
39,Plastics and articles thereof,"Korea, South",8,"Cleveland, OH",0.03826402055820486,3.826402055820486
39,Plastics and articles thereof,"Korea, South",9,"Mobile, AL",0.03679475596728998,3.6794755967289983
39,Plastics and articles thereof,"Korea, South",10,"Detroit, MI",0.027806024428274248,2.780602442827425
39,Plastics and articles thereof,Lithuania,1,"New York City, NY",0.49480309786844145,49.480309786844145
39,Plastics and articles thereof,Lithuania,2,"Chicago, IL",0.14137771963944773,14.137771963944774
39,Plastics and articles thereof,Lithuania,3,"Boston, MA",0.08079811294898812,8.079811294898812
39,Plastics and articles thereof,Lithuania,4,"Norfolk, VA",0.07742614096535566,7.742614096535566
39,Plastics and articles thereof,Lithuania,5,"Los Angeles, CA",0.04341015611599939,4.341015611599939
39,Plastics and articles thereof,Lithuania,6,"Cleveland, OH",0.041536464392417816,4.153646439241782
39,Plastics and articles thereof,Lithuania,7,"Philadelphia, PA",0.03901972815703768,3.901972815703768
39,Plastics and articles thereof,Lithuania,8,"Savannah, GA",0.028595987101519615,2.8595987101519613
39,Plastics and articles thereof,Lithuania,9,"New Orleans, LA",0.027114291557247185,2.7114291557247183
39,Plastics and articles thereof,Lithuania,10,"Great Falls, MT",0.02591830125354525,2.591830125354525
39,Plastics and articles thereof,Malaysia,1,"Los Angeles, CA",0.29757586517540796,29.757586517540798
39,Plastics and articles thereof,Malaysia,2,"New York City, NY",0.2203539461330629,22.035394613306288
39,Plastics and articles thereof,Malaysia,3,"Savannah, GA",0.09968226947008194,9.968226947008194
39,Plastics and articles thereof,Malaysia,4,"Cleveland, OH",0.07105457498063508,7.105457498063508
39,Plastics and articles thereof,Malaysia,5,"Houston-Galveston, TX",0.06877854768823251,6.8778547688232505
39,Plastics and articles thereof,Malaysia,6,"Charleston, SC",0.06301584813865138,6.301584813865138
39,Plastics and articles thereof,Malaysia,7,"Chicago, IL",0.05769339312544537,5.769339312544537
39,Plastics and articles thereof,Malaysia,8,"San Francisco, CA",0.0449912845073054,4.49912845073054
39,Plastics and articles thereof,Malaysia,9,"Norfolk, VA",0.04336805396435241,4.336805396435241
39,Plastics and articles thereof,Malaysia,10,"Seattle, WA",0.03348621681682512,3.348621681682512
39,Plastics and articles thereof,Mexico,1,"Laredo, TX",0.6453115976515068,64.53115976515068
39,Plastics and articles thereof,Mexico,2,"San Diego, CA",0.1901330881682209,19.01330881682209
39,Plastics and articles thereof,Mexico,3,"El Paso, TX",0.11717686353490371,11.717686353490372
39,Plastics and articles thereof,Mexico,4,"Nogales, AZ",0.02289212763132308,2.289212763132308
39,Plastics and articles thereof,Mexico,5,"Mobile, AL",0.012696261851102592,1.2696261851102593
39,Plastics and articles thereof,Mexico,6,"Miami, FL",0.0031052895777305936,0.3105289577730594
39,Plastics and articles thereof,Mexico,7,"Tampa, FL",0.0030496004110821934,0.30496004110821934
39,Plastics and articles thereof,Mexico,8,"New Orleans, LA",0.0021486818625012028,0.21486818625012027
39,Plastics and articles thereof,Mexico,9,"New York City, NY",0.0018014168280180588,0.18014168280180587
39,Plastics and articles thereof,Mexico,10,"Charleston, SC",0.0016850724836109303,0.16850724836109304
39,Plastics and articles thereof,Netherlands,1,"New York City, NY",0.19478913880499377,19.478913880499377
39,Plastics and articles thereof,Netherlands,2,"Cleveland, OH",0.14176881820733808,14.176881820733808
39,Plastics and articles thereof,Netherlands,3,"Chicago, IL",0.12442883091855828,12.442883091855828
39,Plastics and articles thereof,Netherlands,4,"Savannah, GA",0.11049243357318977,11.049243357318977
39,Plastics and articles thereof,Netherlands,5,"Houston-Galveston, TX",0.09467077052379627,9.467077052379627
39,Plastics and articles thereof,Netherlands,6,"Philadelphia, PA",0.08546904100131235,8.546904100131234
39,Plastics and articles thereof,Netherlands,7,"Wilmington, NC",0.06715632030349887,6.715632030349887
39,Plastics and articles thereof,Netherlands,8,"New Orleans, LA",0.06706224017186259,6.706224017186259
39,Plastics and articles thereof,Netherlands,9,"Norfolk, VA",0.06698992417959104,6.698992417959104
39,Plastics and articles thereof,Netherlands,10,"Charleston, SC",0.047172482315859,4.7172482315859
39,Plastics and articles thereof,Norway,1,"Philadelphia, PA",0.43957642396806973,43.957642396806975
39,Plastics and articles thereof,Norway,2,"New York City, NY",0.19291683043983976,19.291683043983976
39,Plastics and articles thereof,Norway,3,"Houston-Galveston, TX",0.11042055994517933,11.042055994517932
39,Plastics and articles thereof,Norway,4,"Cleveland, OH",0.06837658006107829,6.837658006107829
39,Plastics and articles thereof,Norway,5,"Savannah, GA",0.040760017654734707,4.076001765473471
39,Plastics and articles thereof,Norway,6,"Minneapolis, MN",0.038613869587742725,3.8613869587742724
39,Plastics and articles thereof,Norway,7,"Detroit, MI",0.03596716351244867,3.596716351244867
39,Plastics and articles thereof,Norway,8,"Laredo, TX",0.025615749862057502,2.56157498620575
39,Plastics and articles thereof,Norway,9,"New Orleans, LA",0.025147789577937577,2.514778957793758
39,Plastics and articles thereof,Norway,10,"Chicago, IL",0.02260501539091168,2.2605015390911682
39,Plastics and articles thereof,Oman,1,"New York City, NY",0.46095202703054666,46.09520270305467
39,Plastics and articles thereof,Oman,2,"Savannah, GA",0.21224445281631696,21.224445281631695
39,Plastics and articles thereof,Oman,3,"Houston-Galveston, TX",0.10577306196376947,10.577306196376947
39,Plastics and articles thereof,Oman,4,"Los Angeles, CA",0.07432935080679383,7.432935080679383
39,Plastics and articles thereof,Oman,5,"Chicago, IL",0.0468947915466789,4.6894791546678904
39,Plastics and articles thereof,Oman,6,"Charleston, SC",0.04337627932776785,4.337627932776785
39,Plastics and articles thereof,Oman,7,"San Francisco, CA",0.016607871271911757,1.6607871271911756
39,Plastics and articles thereof,Oman,8,"Miami, FL",0.015611247646769431,1.561124764676943
39,Plastics and articles thereof,Oman,9,"Norfolk, VA",0.012365115686408551,1.236511568640855
39,Plastics and articles thereof,Oman,10,"New Orleans, LA",0.011845801903036586,1.1845801903036586
39,Plastics and articles thereof,Poland,1,"New York City, NY",0.2277581888550861,22.77581888550861
39,Plastics and articles thereof,Poland,2,"Chicago, IL",0.2011366091499938,20.11366091499938
39,Plastics and articles thereof,Poland,3,"Cleveland, OH",0.1436661708519314,14.36661708519314
39,Plastics and articles thereof,Poland,4,"Norfolk, VA",0.09764998880072398,9.764998880072397
39,Plastics and articles thereof,Poland,5,"Detroit, MI",0.08411490897959667,8.411490897959666
39,Plastics and articles thereof,Poland,6,"Charleston, SC",0.06974447131356681,6.974447131356682
39,Plastics and articles thereof,Poland,7,"Houston-Galveston, TX",0.060626892371906875,6.062689237190687
39,Plastics and articles thereof,Poland,8,"Savannah, GA",0.04633441180047349,4.633441180047349
39,Plastics and articles thereof,Poland,9,"Philadelphia, PA",0.04565603998681949,4.565603998681949
39,Plastics and articles thereof,Poland,10,"Los Angeles, CA",0.02331231788990132,2.3312317889901317
39,Plastics and articles thereof,Romania,1,"New York City, NY",0.5608083216823667,56.08083216823667
39,Plastics and articles thereof,Romania,2,"Chicago, IL",0.07238870922558692,7.238870922558692
39,Plastics and articles thereof,Romania,3,"Cleveland, OH",0.0644803817003573,6.44803817003573
39,Plastics and articles thereof,Romania,4,"St. Louis, MO",0.06322835672301329,6.322835672301329
39,Plastics and articles thereof,Romania,5,"Charleston, SC",0.05015012539269653,5.015012539269653
39,Plastics and articles thereof,Romania,6,"Minneapolis, MN",0.042980745336699266,4.298074533669927
39,Plastics and articles thereof,Romania,7,"El Paso, TX",0.038918127918080234,3.8918127918080234
39,Plastics and articles thereof,Romania,8,"Houston-Galveston, TX",0.037151603936700854,3.7151603936700854
39,Plastics and articles thereof,Romania,9,"Miami, FL",0.035630946591374855,3.5630946591374855
39,Plastics and articles thereof,Romania,10,"Philadelphia, PA",0.034262681493124045,3.4262681493124045
39,Plastics and articles thereof,Saudi Arabia,1,"Norfolk, VA",0.5794974675101904,57.949746751019035
39,Plastics and articles thereof,Saudi Arabia,2,"Houston-Galveston, TX",0.17772895292725818,17.772895292725817
39,Plastics and articles thereof,Saudi Arabia,3,"Charleston, SC",0.07587502676855985,7.587502676855985
39,Plastics and articles thereof,Saudi Arabia,4,"New York City, NY",0.05599286906088925,5.599286906088925
39,Plastics and articles thereof,Saudi Arabia,5,"Savannah, GA",0.03314322261447219,3.3143222614472188
39,Plastics and articles thereof,Saudi Arabia,6,"Chicago, IL",0.0202332883363517,2.02332883363517
39,Plastics and articles thereof,Saudi Arabia,7,"Cleveland, OH",0.016420177332540104,1.6420177332540105
39,Plastics and articles thereof,Saudi Arabia,8,"Detroit, MI",0.014963919455707027,1.4963919455707027
39,Plastics and articles thereof,Saudi Arabia,9,"New Orleans, LA",0.0147154992320566,1.47154992320566
39,Plastics and articles thereof,Saudi Arabia,10,"Los Angeles, CA",0.011429576761974706,1.1429576761974707
39,Plastics and articles thereof,Singapore,1,"Los Angeles, CA",0.20291982522171864,20.291982522171864
39,Plastics and articles thereof,Singapore,2,"Savannah, GA",0.1713001174194109,17.13001174194109
39,Plastics and articles thereof,Singapore,3,"Norfolk, VA",0.1307498021107963,13.074980211079628
39,Plastics and articles thereof,Singapore,4,"Chicago, IL",0.12567758843573787,12.567758843573786
39,Plastics and articles thereof,Singapore,5,"Houston-Galveston, TX",0.11016071300226775,11.016071300226775
39,Plastics and articles thereof,Singapore,6,"Cleveland, OH",0.09738429423029034,9.738429423029034
39,Plastics and articles thereof,Singapore,7,"New York City, NY",0.053619620299636635,5.361962029963664
39,Plastics and articles thereof,Singapore,8,"New Orleans, LA",0.052884859706085405,5.288485970608541
39,Plastics and articles thereof,Singapore,9,"Detroit, MI",0.028342801360350726,2.8342801360350727
39,Plastics and articles thereof,Singapore,10,"San Francisco, CA",0.02696037821370549,2.696037821370549
39,Plastics and articles thereof,Slovenia,1,"Savannah, GA",0.7708021539672899,77.08021539672899
39,Plastics and articles thereof,Slovenia,2,"Charleston, SC",0.06201637167688293,6.201637167688293
39,Plastics and articles thereof,Slovenia,3,"New York City, NY",0.05228078395496428,5.228078395496428
39,Plastics and articles thereof,Slovenia,4,"Norfolk, VA",0.040534119287742636,4.053411928774263
39,Plastics and articles thereof,Slovenia,5,"Chicago, IL",0.021930473370775132,2.193047337077513
39,Plastics and articles thereof,Slovenia,6,"Cleveland, OH",0.014140744900530926,1.4140744900530926
39,Plastics and articles thereof,Slovenia,7,"Houston-Galveston, TX",0.011235917163145235,1.1235917163145235
39,Plastics and articles thereof,Slovenia,8,"New Orleans, LA",0.009847276638928358,0.9847276638928358
39,Plastics and articles thereof,Slovenia,9,"Detroit, MI",0.009160074906116667,0.9160074906116666
39,Plastics and articles thereof,Slovenia,10,"Wilmington, NC",0.008052084133623958,0.8052084133623958
39,Plastics and articles thereof,South Africa,1,"Charleston, SC",0.30640578629030235,30.640578629030234
39,Plastics and articles thereof,South Africa,2,"Chicago, IL",0.20318296868377128,20.31829686837713
39,Plastics and articles thereof,South Africa,3,"Seattle, WA",0.13290337502816182,13.290337502816183
39,Plastics and articles thereof,South Africa,4,"New York City, NY",0.10446630514909969,10.446630514909968
39,Plastics and articles thereof,South Africa,5,"Houston-Galveston, TX",0.07296590537518036,7.2965905375180355
39,Plastics and articles thereof,South Africa,6,"Los Angeles, CA",0.04509050878956187,4.509050878956187
39,Plastics and articles thereof,South Africa,7,"Norfolk, VA",0.043002309656412704,4.30023096564127
39,Plastics and articles thereof,South Africa,8,"Cleveland, OH",0.04040096061548357,4.040096061548357
39,Plastics and articles thereof,South Africa,9,"Miami, FL",0.030942995106707567,3.0942995106707567
39,Plastics and articles thereof,South Africa,10,"Savannah, GA",0.02063888530531887,2.063888530531887
39,Plastics and articles thereof,Spain,1,"New York City, NY",0.21200089632400887,21.200089632400886
39,Plastics and articles thereof,Spain,2,"Savannah, GA",0.14105832808677488,14.105832808677487
39,Plastics and articles thereof,Spain,3,"Cleveland, OH",0.130766145160003,13.076614516000301
39,Plastics and articles thereof,Spain,4,"Houston-Galveston, TX",0.1176530438439999,11.76530438439999
39,Plastics and articles thereof,Spain,5,"Chicago, IL",0.0931207478668923,9.31207478668923
39,Plastics and articles thereof,Spain,6,"Charleston, SC",0.07467716493802867,7.467716493802867
39,Plastics and articles thereof,Spain,7,"New Orleans, LA",0.07302545535632708,7.302545535632708
39,Plastics and articles thereof,Spain,8,"Detroit, MI",0.059540441842888384,5.954044184288838
39,Plastics and articles thereof,Spain,9,"Miami, FL",0.05075365557569872,5.075365557569872
39,Plastics and articles thereof,Spain,10,"Norfolk, VA",0.0474041210053782,4.74041210053782
39,Plastics and articles thereof,Sweden,1,"New York City, NY",0.5574977918983918,55.749779189839174
39,Plastics and articles thereof,Sweden,2,"Chicago, IL",0.08695680942217861,8.69568094221786
39,Plastics and articles thereof,Sweden,3,"Savannah, GA",0.07519803822002745,7.5198038220027446
39,Plastics and articles thereof,Sweden,4,"Charleston, SC",0.06011749635431579,6.011749635431579
39,Plastics and articles thereof,Sweden,5,"Cleveland, OH",0.05738221648015683,5.738221648015683
39,Plastics and articles thereof,Sweden,6,"Boston, MA",0.04645745936435946,4.6457459364359455
39,Plastics and articles thereof,Sweden,7,"Houston-Galveston, TX",0.03845452116985872,3.8454521169858724
39,Plastics and articles thereof,Sweden,8,"New Orleans, LA",0.02977752226430284,2.977752226430284
39,Plastics and articles thereof,Sweden,9,"Norfolk, VA",0.02583841169527773,2.5838411695277728
39,Plastics and articles thereof,Sweden,10,"Los Angeles, CA",0.022319733131130944,2.2319733131130945
39,Plastics and articles thereof,Switzerland,1,"Charleston, SC",0.23276780360684324,23.276780360684324
39,Plastics and articles thereof,Switzerland,2,"New York City, NY",0.21988522608709837,21.988522608709836
39,Plastics and articles thereof,Switzerland,3,"Boston, MA",0.13625458639218505,13.625458639218504
39,Plastics and articles thereof,Switzerland,4,"Chicago, IL",0.12199780391024256,12.199780391024257
39,Plastics and articles thereof,Switzerland,5,"Los Angeles, CA",0.07259941063094116,7.259941063094116
39,Plastics and articles thereof,Switzerland,6,"Cleveland, OH",0.054486591299481295,5.44865912994813
39,Plastics and articles thereof,Switzerland,7,"Savannah, GA",0.051044696844724284,5.104469684472428
39,Plastics and articles thereof,Switzerland,8,"New Orleans, LA",0.0429076533082105,4.29076533082105
39,Plastics and articles thereof,Switzerland,9,"Houston-Galveston, TX",0.03420011663057163,3.420011663057163
39,Plastics and articles thereof,Switzerland,10,"Philadelphia, PA",0.0338561112897019,3.3856111289701905
39,Plastics and articles thereof,Taiwan,1,"Los Angeles, CA",0.35555673320459397,35.5556733204594
39,Plastics and articles thereof,Taiwan,2,"New York City, NY",0.13627859171192575,13.627859171192574
39,Plastics and articles thereof,Taiwan,3,"Chicago, IL",0.10833560384698802,10.833560384698803
39,Plastics and articles thereof,Taiwan,4,"Savannah, GA",0.07395580676192469,7.395580676192469
39,Plastics and articles thereof,Taiwan,5,"Charleston, SC",0.07192513808408836,7.192513808408836
39,Plastics and articles thereof,Taiwan,6,"Seattle, WA",0.06569827217597543,6.569827217597543
39,Plastics and articles thereof,Taiwan,7,"San Francisco, CA",0.0544555453825309,5.44555453825309
39,Plastics and articles thereof,Taiwan,8,"Cleveland, OH",0.04746189599298126,4.746189599298126
39,Plastics and articles thereof,Taiwan,9,"Houston-Galveston, TX",0.04676821851027543,4.676821851027543
39,Plastics and articles thereof,Taiwan,10,"Norfolk, VA",0.039564194328716246,3.9564194328716247
39,Plastics and articles thereof,Thailand,1,"Los Angeles, CA",0.2668693508991217,26.686935089912172
39,Plastics and articles thereof,Thailand,2,"Savannah, GA",0.16518187536230503,16.518187536230503
39,Plastics and articles thereof,Thailand,3,"New York City, NY",0.15869403991842293,15.869403991842294
39,Plastics and articles thereof,Thailand,4,"Chicago, IL",0.11039573777087557,11.039573777087556
39,Plastics and articles thereof,Thailand,5,"Houston-Galveston, TX",0.08289035964059101,8.289035964059101
39,Plastics and articles thereof,Thailand,6,"Cleveland, OH",0.06360723167178073,6.360723167178072
39,Plastics and articles thereof,Thailand,7,"Norfolk, VA",0.04465366832483871,4.465366832483872
39,Plastics and articles thereof,Thailand,8,"Seattle, WA",0.04425853307584216,4.425853307584216
39,Plastics and articles thereof,Thailand,9,"New Orleans, LA",0.03240032476517495,3.240032476517495
39,Plastics and articles thereof,Thailand,10,"San Francisco, CA",0.031048878571047312,3.1048878571047314
39,Plastics and articles thereof,Turkey,1,"New York City, NY",0.44844682528755003,44.844682528755
39,Plastics and articles thereof,Turkey,2,"Chicago, IL",0.13540646317527114,13.540646317527113
39,Plastics and articles thereof,Turkey,3,"Savannah, GA",0.13055997058233057,13.055997058233057
39,Plastics and articles thereof,Turkey,4,"Houston-Galveston, TX",0.072586393190747,7.2586393190747
39,Plastics and articles thereof,Turkey,5,"Norfolk, VA",0.06578238777231687,6.578238777231688
39,Plastics and articles thereof,Turkey,6,"New Orleans, LA",0.03974392233019401,3.974392233019401
39,Plastics and articles thereof,Turkey,7,"Cleveland, OH",0.031122359339713752,3.1122359339713754
39,Plastics and articles thereof,Turkey,8,"Miami, FL",0.029278644173202334,2.9278644173202335
39,Plastics and articles thereof,Turkey,9,"Detroit, MI",0.023651009626951897,2.3651009626951898
39,Plastics and articles thereof,Turkey,10,"Los Angeles, CA",0.02342202452172244,2.342202452172244
39,Plastics and articles thereof,United Kingdom,1,"Philadelphia, PA",0.19554658920492152,19.55465892049215
39,Plastics and articles thereof,United Kingdom,2,"New York City, NY",0.18484536004636268,18.48453600463627
39,Plastics and articles thereof,United Kingdom,3,"Chicago, IL",0.11896202182954614,11.896202182954614
39,Plastics and articles thereof,United Kingdom,4,"Cleveland, OH",0.11454453343451132,11.454453343451132
39,Plastics and articles thereof,United Kingdom,5,"Savannah, GA",0.08391827699147104,8.391827699147104
39,Plastics and articles thereof,United Kingdom,6,"New Orleans, LA",0.07192254712768963,7.192254712768962
39,Plastics and articles thereof,United Kingdom,7,"Houston-Galveston, TX",0.06595893760042061,6.5958937600420615
39,Plastics and articles thereof,United Kingdom,8,"Boston, MA",0.05916729030091873,5.916729030091873
39,Plastics and articles thereof,United Kingdom,9,"Charleston, SC",0.054668282723561376,5.466828272356137
39,Plastics and articles thereof,United Kingdom,10,"Norfolk, VA",0.050466160740597,5.0466160740597
39,Plastics and articles thereof,Vietnam,1,"Los Angeles, CA",0.27771979045312906,27.771979045312907
39,Plastics and articles thereof,Vietnam,2,"Savannah, GA",0.25547560783108525,25.547560783108526
39,Plastics and articles thereof,Vietnam,3,"New York City, NY",0.12597956714707667,12.597956714707667
39,Plastics and articles thereof,Vietnam,4,"Houston-Galveston, TX",0.08472309266701522,8.472309266701522
39,Plastics and articles thereof,Vietnam,5,"Norfolk, VA",0.06513811417826176,6.513811417826176
39,Plastics and articles thereof,Vietnam,6,"Chicago, IL",0.043573618766190744,4.357361876619074
39,Plastics and articles thereof,Vietnam,7,"Charleston, SC",0.0413430482833247,4.1343048283324695
39,Plastics and articles thereof,Vietnam,8,"Seattle, WA",0.03882257432640912,3.882257432640912
39,Plastics and articles thereof,Vietnam,9,"San Francisco, CA",0.035028820317120395,3.5028820317120393
39,Plastics and articles thereof,Vietnam,10,"Dallas-Fort Worth, TX",0.03219576603038703,3.2195766030387025
48,Paper goods and printed materials,Australia,1,"Los Angeles, CA",0.5548804303508601,55.48804303508601
48,Paper goods and printed materials,Australia,2,"San Francisco, CA",0.3968797401152848,39.68797401152848
48,Paper goods and printed materials,Australia,3,"Cleveland, OH",0.013584642109589028,1.358464210958903
48,Paper goods and printed materials,Australia,4,"Seattle, WA",0.011574643406381604,1.1574643406381604
48,Paper goods and printed materials,Australia,5,"Great Falls, MT",0.007151412951575948,0.7151412951575947
48,Paper goods and printed materials,Australia,6,"Chicago, IL",0.005355253743519585,0.5355253743519586
48,Paper goods and printed materials,Australia,7,"New York City, NY",0.0035564631862536607,0.35564631862536605
48,Paper goods and printed materials,Australia,8,"Charleston, SC",0.00273838225092644,0.273838225092644
48,Paper goods and printed materials,Australia,9,"New Orleans, LA",0.002551318819269193,0.2551318819269193
48,Paper goods and printed materials,Australia,10,"Miami, FL",0.0017277130663396686,0.17277130663396686
48,Paper goods and printed materials,Austria,1,"New York City, NY",0.34850511638702714,34.85051163870271
48,Paper goods and printed materials,Austria,2,"Norfolk, VA",0.1165028567331486,11.65028567331486
48,Paper goods and printed materials,Austria,3,"Philadelphia, PA",0.10367807451005044,10.367807451005044
48,Paper goods and printed materials,Austria,4,"Charleston, SC",0.10116734928594211,10.11673492859421
48,Paper goods and printed materials,Austria,5,"Houston-Galveston, TX",0.08912043594696485,8.912043594696485
48,Paper goods and printed materials,Austria,6,"Savannah, GA",0.07502559989084055,7.502559989084055
48,Paper goods and printed materials,Austria,7,"Miami, FL",0.058665738347550254,5.866573834755026
48,Paper goods and printed materials,Austria,8,"Baltimore, MD",0.04714438692276396,4.714438692276396
48,Paper goods and printed materials,Austria,9,"Chicago, IL",0.037179559582317175,3.7179559582317174
48,Paper goods and printed materials,Austria,10,"Portland, ME",0.023010882393394966,2.3010882393394967
48,Paper goods and printed materials,Belgium,1,"New York City, NY",0.33301152597541805,33.30115259754181
48,Paper goods and printed materials,Belgium,2,"Chicago, IL",0.1701353556998535,17.01353556998535
48,Paper goods and printed materials,Belgium,3,"Wilmington, NC",0.11846150386771497,11.846150386771496
48,Paper goods and printed materials,Belgium,4,"New Orleans, LA",0.0979204713051117,9.79204713051117
48,Paper goods and printed materials,Belgium,5,"Savannah, GA",0.08548215243584699,8.548215243584698
48,Paper goods and printed materials,Belgium,6,"Cleveland, OH",0.059318534759938604,5.931853475993861
48,Paper goods and printed materials,Belgium,7,"Houston-Galveston, TX",0.04144893096931679,4.144893096931678
48,Paper goods and printed materials,Belgium,8,"Philadelphia, PA",0.04063195463607218,4.063195463607218
48,Paper goods and printed materials,Belgium,9,"Norfolk, VA",0.027219594145360158,2.7219594145360158
48,Paper goods and printed materials,Belgium,10,"Charleston, SC",0.026369976205367147,2.6369976205367145
48,Paper goods and printed materials,Brazil,1,"Houston-Galveston, TX",0.2960439371556995,29.604393715569948
48,Paper goods and printed materials,Brazil,2,"New York City, NY",0.22631434755037097,22.6314347550371
48,Paper goods and printed materials,Brazil,3,"Baltimore, MD",0.12418452472759649,12.418452472759649
48,Paper goods and printed materials,Brazil,4,"Charleston, SC",0.102865510513516,10.2865510513516
48,Paper goods and printed materials,Brazil,5,"Miami, FL",0.05887389307368819,5.887389307368819
48,Paper goods and printed materials,Brazil,6,"Tampa, FL",0.048106990732828744,4.8106990732828745
48,Paper goods and printed materials,Brazil,7,"Los Angeles, CA",0.047319273455195626,4.731927345519563
48,Paper goods and printed materials,Brazil,8,"Chicago, IL",0.03412170327688632,3.4121703276886324
48,Paper goods and printed materials,Brazil,9,"Norfolk, VA",0.031318601687733,3.1318601687733
48,Paper goods and printed materials,Brazil,10,"Savannah, GA",0.030851217826485196,3.0851217826485198
48,Paper goods and printed materials,Cambodia,1,"Los Angeles, CA",0.3854133509538992,38.541335095389925
48,Paper goods and printed materials,Cambodia,2,"New York City, NY",0.16420789162919847,16.420789162919846
48,Paper goods and printed materials,Cambodia,3,"Houston-Galveston, TX",0.12598831510646485,12.598831510646486
48,Paper goods and printed materials,Cambodia,4,"Savannah, GA",0.08493703041096252,8.493703041096252
48,Paper goods and printed materials,Cambodia,5,"San Francisco, CA",0.07993630884954542,7.993630884954542
48,Paper goods and printed materials,Cambodia,6,"Cleveland, OH",0.03502042338792116,3.5020423387921165
48,Paper goods and printed materials,Cambodia,7,"Seattle, WA",0.03459874481865629,3.459874481865629
48,Paper goods and printed materials,Cambodia,8,"Chicago, IL",0.03159931778381414,3.159931778381414
48,Paper goods and printed materials,Cambodia,9,"Miami, FL",0.0295206664165804,2.95206664165804
48,Paper goods and printed materials,Cambodia,10,"Norfolk, VA",0.028777950642957444,2.8777950642957446
48,Paper goods and printed materials,Canada,1,"Detroit, MI",0.40532754141700433,40.53275414170044
48,Paper goods and printed materials,Canada,2,"Ogdensburg, NY",0.21452172663593158,21.452172663593156
48,Paper goods and printed materials,Canada,3,"Buffalo, NY",0.15163221779114236,15.163221779114236
48,Paper goods and printed materials,Canada,4,"Portland, ME",0.06109053353070201,6.109053353070201
48,Paper goods and printed materials,Canada,5,"St. Albans, VT",0.046821972338551815,4.682197233855182
48,Paper goods and printed materials,Canada,6,"Seattle, WA",0.04594689336738088,4.594689336738088
48,Paper goods and printed materials,Canada,7,"Pembina, ND",0.042588781899396605,4.258878189939661
48,Paper goods and printed materials,Canada,8,"Duluth, MN",0.019196961708634205,1.9196961708634206
48,Paper goods and printed materials,Canada,9,"Great Falls, MT",0.011798042485168067,1.1798042485168068
48,Paper goods and printed materials,Canada,10,"Miami, FL",0.0010753288260881336,0.10753288260881336
48,Paper goods and printed materials,Chile,1,"Philadelphia, PA",0.2297507196283248,22.97507196283248
48,Paper goods and printed materials,Chile,2,"New York City, NY",0.16693238799965487,16.69323879996549
48,Paper goods and printed materials,Chile,3,"Los Angeles, CA",0.14262706968299882,14.262706968299883
48,Paper goods and printed materials,Chile,4,"Tampa, FL",0.07694170444777854,7.694170444777853
48,Paper goods and printed materials,Chile,5,"Norfolk, VA",0.07576865914600944,7.576865914600944
48,Paper goods and printed materials,Chile,6,"St. Louis, MO",0.07189658722762635,7.189658722762634
48,Paper goods and printed materials,Chile,7,"Miami, FL",0.06506650907134208,6.506650907134208
48,Paper goods and printed materials,Chile,8,"San Francisco, CA",0.0579574393937814,5.7957439393781405
48,Paper goods and printed materials,Chile,9,"Chicago, IL",0.056728888315847256,5.672888831584726
48,Paper goods and printed materials,Chile,10,"Houston-Galveston, TX",0.0563300350866365,5.633003508663649
48,Paper goods and printed materials,China,1,"Los Angeles, CA",0.34423986757159475,34.423986757159476
48,Paper goods and printed materials,China,2,"New York City, NY",0.21354597932549213,21.35459793254921
48,Paper goods and printed materials,China,3,"Savannah, GA",0.084850647056787,8.4850647056787
48,Paper goods and printed materials,China,4,"Chicago, IL",0.0810086470380727,8.10086470380727
48,Paper goods and printed materials,China,5,"San Francisco, CA",0.07836839784505133,7.836839784505132
48,Paper goods and printed materials,China,6,"Houston-Galveston, TX",0.0449546609805804,4.49546609805804
48,Paper goods and printed materials,China,7,"Dallas-Fort Worth, TX",0.04314767316606271,4.314767316606271
48,Paper goods and printed materials,China,8,"Seattle, WA",0.03822783732005626,3.822783732005626
48,Paper goods and printed materials,China,9,"Norfolk, VA",0.036590363307316964,3.6590363307316967
48,Paper goods and printed materials,China,10,"Cleveland, OH",0.03506592638898578,3.506592638898578
48,Paper goods and printed materials,Czech Republic,1,"New York City, NY",0.31055874323963467,31.05587432396347
48,Paper goods and printed materials,Czech Republic,2,"Norfolk, VA",0.2809556331661637,28.095563316616367
48,Paper goods and printed materials,Czech Republic,3,"Los Angeles, CA",0.09296467724070012,9.296467724070013
48,Paper goods and printed materials,Czech Republic,4,"New Orleans, LA",0.07418270198957959,7.418270198957959
48,Paper goods and printed materials,Czech Republic,5,"Savannah, GA",0.05505849404098472,5.5058494040984725
48,Paper goods and printed materials,Czech Republic,6,"Philadelphia, PA",0.054971386898768126,5.497138689876813
48,Paper goods and printed materials,Czech Republic,7,"Houston-Galveston, TX",0.045224129435925395,4.522412943592539
48,Paper goods and printed materials,Czech Republic,8,"Baltimore, MD",0.04274829914131601,4.274829914131601
48,Paper goods and printed materials,Czech Republic,9,"Cleveland, OH",0.029134228727368545,2.9134228727368545
48,Paper goods and printed materials,Czech Republic,10,"Wilmington, NC",0.014201706119559074,1.4201706119559074
48,Paper goods and printed materials,Denmark,1,"St. Louis, MO",0.36739485341130146,36.73948534113015
48,Paper goods and printed materials,Denmark,2,"Portland, ME",0.13538098214824698,13.538098214824698
48,Paper goods and printed materials,Denmark,3,"Savannah, GA",0.11941532013776107,11.941532013776108
48,Paper goods and printed materials,Denmark,4,"New York City, NY",0.10443922465859065,10.443922465859066
48,Paper goods and printed materials,Denmark,5,"Detroit, MI",0.0863756573500325,8.63756573500325
48,Paper goods and printed materials,Denmark,6,"Charleston, SC",0.05647585949835447,5.647585949835447
48,Paper goods and printed materials,Denmark,7,"Seattle, WA",0.052431962879968666,5.2431962879968665
48,Paper goods and printed materials,Denmark,8,"Chicago, IL",0.03928382494016678,3.928382494016678
48,Paper goods and printed materials,Denmark,9,"Boston, MA",0.02016803071418475,2.016803071418475
48,Paper goods and printed materials,Denmark,10,"Philadelphia, PA",0.018634284261392596,1.8634284261392595
48,Paper goods and printed materials,Dominican Republic,1,"Miami, FL",0.4540812541465007,45.40812541465007
48,Paper goods and printed materials,Dominican Republic,2,"Tampa, FL",0.33510711882224153,33.51071188222415
48,Paper goods and printed materials,Dominican Republic,3,"New York City, NY",0.05616435717962131,5.616435717962131
48,Paper goods and printed materials,Dominican Republic,4,"Philadelphia, PA",0.038212063183541214,3.8212063183541214
48,Paper goods and printed materials,Dominican Republic,5,"Laredo, TX",0.03716251622933499,3.7162516229334988
48,Paper goods and printed materials,Dominican Republic,6,"Houston-Galveston, TX",0.023606180137553643,2.3606180137553645
48,Paper goods and printed materials,Dominican Republic,7,"Los Angeles, CA",0.020983912938696607,2.0983912938696605
48,Paper goods and printed materials,Dominican Republic,8,"San Diego, CA",0.014094856956384991,1.4094856956384991
48,Paper goods and printed materials,Dominican Republic,9,"Savannah, GA",0.013886529679561926,1.3886529679561925
48,Paper goods and printed materials,Dominican Republic,10,"Detroit, MI",0.006701210726563157,0.6701210726563157
48,Paper goods and printed materials,Finland,1,"Baltimore, MD",0.4889749731924355,48.89749731924355
48,Paper goods and printed materials,Finland,2,"Tampa, FL",0.30036298066649925,30.036298066649923
48,Paper goods and printed materials,Finland,3,"Philadelphia, PA",0.10604343721870409,10.604343721870409
48,Paper goods and printed materials,Finland,4,"Chicago, IL",0.03260828275243452,3.260828275243452
48,Paper goods and printed materials,Finland,5,"New York City, NY",0.031919435542932056,3.1919435542932058
48,Paper goods and printed materials,Finland,6,"Houston-Galveston, TX",0.01349362421812605,1.349362421812605
48,Paper goods and printed materials,Finland,7,"Detroit, MI",0.007279997824068886,0.7279997824068886
48,Paper goods and printed materials,Finland,8,"Cleveland, OH",0.007154482493772089,0.715448249377209
48,Paper goods and printed materials,Finland,9,"Norfolk, VA",0.006148460850863707,0.6148460850863707
48,Paper goods and printed materials,Finland,10,"Portland, ME",0.006014325240163817,0.6014325240163817
48,Paper goods and printed materials,France,1,"Charleston, SC",0.17630826508807584,17.630826508807584
48,Paper goods and printed materials,France,2,"New York City, NY",0.1754868483743636,17.548684837436358
48,Paper goods and printed materials,France,3,"Savannah, GA",0.1652941970488767,16.529419704887673
48,Paper goods and printed materials,France,4,"Chicago, IL",0.14200755608293808,14.200755608293807
48,Paper goods and printed materials,France,5,"New Orleans, LA",0.11309700638188688,11.309700638188689
48,Paper goods and printed materials,France,6,"Cleveland, OH",0.07909164826913312,7.909164826913312
48,Paper goods and printed materials,France,7,"Norfolk, VA",0.055265480840342725,5.526548084034273
48,Paper goods and printed materials,France,8,"Minneapolis, MN",0.05037829691103641,5.037829691103641
48,Paper goods and printed materials,France,9,"Los Angeles, CA",0.022167694570435496,2.2167694570435494
48,Paper goods and printed materials,France,10,"Detroit, MI",0.02090300643291113,2.090300643291113
48,Paper goods and printed materials,Germany,1,"New York City, NY",0.1646224591117394,16.46224591117394
48,Paper goods and printed materials,Germany,2,"Houston-Galveston, TX",0.14147283098291585,14.147283098291584
48,Paper goods and printed materials,Germany,3,"Norfolk, VA",0.12190089349658623,12.190089349658622
48,Paper goods and printed materials,Germany,4,"Charleston, SC",0.11747767234720122,11.747767234720122
48,Paper goods and printed materials,Germany,5,"Chicago, IL",0.10983642539283825,10.983642539283824
48,Paper goods and printed materials,Germany,6,"Tampa, FL",0.09347617345984238,9.347617345984238
48,Paper goods and printed materials,Germany,7,"Ogdensburg, NY",0.07103269152596488,7.1032691525964875
48,Paper goods and printed materials,Germany,8,"Baltimore, MD",0.06504606105902791,6.504606105902791
48,Paper goods and printed materials,Germany,9,"Cleveland, OH",0.05764900904999966,5.7649009049999655
48,Paper goods and printed materials,Germany,10,"Savannah, GA",0.05748578357388427,5.7485783573884275
48,Paper goods and printed materials,Hungary,1,"Chicago, IL",0.40888313746163035,40.888313746163035
48,Paper goods and printed materials,Hungary,2,"New York City, NY",0.2313168009806691,23.13168009806691
48,Paper goods and printed materials,Hungary,3,"Norfolk, VA",0.12606760760809724,12.606760760809724
48,Paper goods and printed materials,Hungary,4,"Cleveland, OH",0.10343432818435032,10.343432818435032
48,Paper goods and printed materials,Hungary,5,"Los Angeles, CA",0.04121112097736424,4.121112097736424
48,Paper goods and printed materials,Hungary,6,"Dallas-Fort Worth, TX",0.027329152726519805,2.7329152726519803
48,Paper goods and printed materials,Hungary,7,"Houston-Galveston, TX",0.025807907042461088,2.580790704246109
48,Paper goods and printed materials,Hungary,8,"Seattle, WA",0.01399549866856493,1.399549866856493
48,Paper goods and printed materials,Hungary,9,"Boston, MA",0.011352235664838426,1.1352235664838426
48,Paper goods and printed materials,Hungary,10,"Savannah, GA",0.010602210685504602,1.0602210685504603
48,Paper goods and printed materials,India,1,"New York City, NY",0.38554130958483956,38.55413095848396
48,Paper goods and printed materials,India,2,"Savannah, GA",0.14813777617409762,14.813777617409762
48,Paper goods and printed materials,India,3,"Los Angeles, CA",0.12142085706595804,12.142085706595804
48,Paper goods and printed materials,India,4,"Chicago, IL",0.08744363639035407,8.744363639035408
48,Paper goods and printed materials,India,5,"Norfolk, VA",0.06785785940967393,6.785785940967393
48,Paper goods and printed materials,India,6,"Houston-Galveston, TX",0.059650785040809624,5.965078504080963
48,Paper goods and printed materials,India,7,"Charleston, SC",0.044591552553489566,4.459155255348957
48,Paper goods and printed materials,India,8,"Cleveland, OH",0.0372200134723667,3.7220013472366698
48,Paper goods and printed materials,India,9,"San Francisco, CA",0.02580697424022196,2.580697424022196
48,Paper goods and printed materials,India,10,"Miami, FL",0.022329236068188915,2.2329236068188916
48,Paper goods and printed materials,Indonesia,1,"Los Angeles, CA",0.40888892559752515,40.88889255975251
48,Paper goods and printed materials,Indonesia,2,"New York City, NY",0.16204814564614325,16.204814564614324
48,Paper goods and printed materials,Indonesia,3,"Norfolk, VA",0.10115929370790172,10.115929370790171
48,Paper goods and printed materials,Indonesia,4,"Savannah, GA",0.060398900138379855,6.039890013837986
48,Paper goods and printed materials,Indonesia,5,"Nogales, AZ",0.05873108115009129,5.8731081150091295
48,Paper goods and printed materials,Indonesia,6,"Seattle, WA",0.04910636887363043,4.910636887363043
48,Paper goods and printed materials,Indonesia,7,"Miami, FL",0.048935971625831555,4.893597162583156
48,Paper goods and printed materials,Indonesia,8,"Houston-Galveston, TX",0.04582290659561385,4.5822906595613855
48,Paper goods and printed materials,Indonesia,9,"Chicago, IL",0.03549688420661493,3.5496884206614934
48,Paper goods and printed materials,Indonesia,10,"San Francisco, CA",0.029411522458268006,2.9411522458268005
48,Paper goods and printed materials,Italy,1,"New York City, NY",0.4606294330022776,46.06294330022776
48,Paper goods and printed materials,Italy,2,"Chicago, IL",0.12685008605563106,12.685008605563105
48,Paper goods and printed materials,Italy,3,"Norfolk, VA",0.07622179331686835,7.6221793316868345
48,Paper goods and printed materials,Italy,4,"Los Angeles, CA",0.07347184605696852,7.347184605696852
48,Paper goods and printed materials,Italy,5,"Cleveland, OH",0.06327218765463377,6.327218765463377
48,Paper goods and printed materials,Italy,6,"Houston-Galveston, TX",0.05630866801747889,5.63086680174789
48,Paper goods and printed materials,Italy,7,"New Orleans, LA",0.053062702331390904,5.306270233139091
48,Paper goods and printed materials,Italy,8,"Savannah, GA",0.0384691078623107,3.84691078623107
48,Paper goods and printed materials,Italy,9,"Miami, FL",0.031031994497933015,3.1031994497933013
48,Paper goods and printed materials,Italy,10,"Detroit, MI",0.020682181204507225,2.0682181204507226
48,Paper goods and printed materials,Japan,1,"Los Angeles, CA",0.30189377118429006,30.189377118429007
48,Paper goods and printed materials,Japan,2,"Savannah, GA",0.16964314106700085,16.964314106700083
48,Paper goods and printed materials,Japan,3,"New York City, NY",0.1531623538615909,15.316235386159091
48,Paper goods and printed materials,Japan,4,"Chicago, IL",0.12449070180208487,12.449070180208487
48,Paper goods and printed materials,Japan,5,"Cleveland, OH",0.06673661215396294,6.673661215396294
48,Paper goods and printed materials,Japan,6,"Charleston, SC",0.04652312883392083,4.652312883392083
48,Paper goods and printed materials,Japan,7,"Seattle, WA",0.03835948314115952,3.835948314115952
48,Paper goods and printed materials,Japan,8,"Miami, FL",0.03757259110563951,3.7572591105639512
48,Paper goods and printed materials,Japan,9,"Norfolk, VA",0.03540656110105065,3.540656110105065
48,Paper goods and printed materials,Japan,10,"San Francisco, CA",0.026211655749299928,2.621165574929993
48,Paper goods and printed materials,"Korea, South",1,"Los Angeles, CA",0.34146460153181224,34.14646015318122
48,Paper goods and printed materials,"Korea, South",2,"New York City, NY",0.1422599090553708,14.225990905537081
48,Paper goods and printed materials,"Korea, South",3,"Savannah, GA",0.11472839038764532,11.472839038764532
48,Paper goods and printed materials,"Korea, South",4,"Chicago, IL",0.08382708732882367,8.382708732882367
48,Paper goods and printed materials,"Korea, South",5,"Houston-Galveston, TX",0.08330767493456558,8.330767493456557
48,Paper goods and printed materials,"Korea, South",6,"Cleveland, OH",0.05841743663427189,5.841743663427189
48,Paper goods and printed materials,"Korea, South",7,"San Francisco, CA",0.05082994524867474,5.082994524867474
48,Paper goods and printed materials,"Korea, South",8,"Minneapolis, MN",0.04302853583178467,4.302853583178467
48,Paper goods and printed materials,"Korea, South",9,"Baltimore, MD",0.04298705093056079,4.298705093056078
48,Paper goods and printed materials,"Korea, South",10,"Seattle, WA",0.039149368116490287,3.914936811649029
48,Paper goods and printed materials,Malaysia,1,"Los Angeles, CA",0.271119660382415,27.111966038241498
48,Paper goods and printed materials,Malaysia,2,"Savannah, GA",0.20362156456187602,20.362156456187602
48,Paper goods and printed materials,Malaysia,3,"New York City, NY",0.18633870871493205,18.633870871493205
48,Paper goods and printed materials,Malaysia,4,"Cleveland, OH",0.09357982354118541,9.35798235411854
48,Paper goods and printed materials,Malaysia,5,"San Francisco, CA",0.05658216585584092,5.658216585584093
48,Paper goods and printed materials,Malaysia,6,"Charleston, SC",0.05390223973264039,5.390223973264039
48,Paper goods and printed materials,Malaysia,7,"Houston-Galveston, TX",0.03774351711695048,3.774351711695048
48,Paper goods and printed materials,Malaysia,8,"Chicago, IL",0.03757411603445533,3.7574116034455334
48,Paper goods and printed materials,Malaysia,9,"Dallas-Fort Worth, TX",0.03647455392419915,3.6474553924199147
48,Paper goods and printed materials,Malaysia,10,"Seattle, WA",0.023063650135505334,2.3063650135505336
48,Paper goods and printed materials,Mexico,1,"Laredo, TX",0.6851796767895484,68.51796767895483
48,Paper goods and printed materials,Mexico,2,"San Diego, CA",0.2201657090787034,22.01657090787034
48,Paper goods and printed materials,Mexico,3,"El Paso, TX",0.06899954484621625,6.899954484621625
48,Paper goods and printed materials,Mexico,4,"Nogales, AZ",0.015922618933120258,1.5922618933120258
48,Paper goods and printed materials,Mexico,5,"Mobile, AL",0.003833118591921261,0.3833118591921261
48,Paper goods and printed materials,Mexico,6,"New Orleans, LA",0.002462182560809758,0.24621825608097578
48,Paper goods and printed materials,Mexico,7,"Miami, FL",0.0013150401917634464,0.13150401917634463
48,Paper goods and printed materials,Mexico,8,"Cleveland, OH",0.0012890567644891552,0.1289056764489155
48,Paper goods and printed materials,Mexico,9,"Detroit, MI",0.0005889507711870214,0.05889507711870214
48,Paper goods and printed materials,Mexico,10,"Tampa, FL",0.00024410147224102391,0.024410147224102393
48,Paper goods and printed materials,Netherlands,1,"Norfolk, VA",0.32862168829934085,32.862168829934085
48,Paper goods and printed materials,Netherlands,2,"Houston-Galveston, TX",0.16605767070636424,16.605767070636425
48,Paper goods and printed materials,Netherlands,3,"New York City, NY",0.13938850492272212,13.938850492272211
48,Paper goods and printed materials,Netherlands,4,"Chicago, IL",0.10038221424917121,10.03822142491712
48,Paper goods and printed materials,Netherlands,5,"Philadelphia, PA",0.06815580635573945,6.815580635573945
48,Paper goods and printed materials,Netherlands,6,"Savannah, GA",0.06563476489727472,6.563476489727472
48,Paper goods and printed materials,Netherlands,7,"Wilmington, NC",0.04251580767864566,4.251580767864566
48,Paper goods and printed materials,Netherlands,8,"Miami, FL",0.032176598435959686,3.2176598435959685
48,Paper goods and printed materials,Netherlands,9,"Charleston, SC",0.030678500164850755,3.0678500164850755
48,Paper goods and printed materials,Netherlands,10,"Cleveland, OH",0.026388444289931368,2.6388444289931368
48,Paper goods and printed materials,New Zealand,1,"San Francisco, CA",0.6162554313830628,61.625543138306284
48,Paper goods and printed materials,New Zealand,2,"Los Angeles, CA",0.30071420983367514,30.071420983367513
48,Paper goods and printed materials,New Zealand,3,"Philadelphia, PA",0.02488281680783703,2.488281680783703
48,Paper goods and printed materials,New Zealand,4,"Savannah, GA",0.024780092100448244,2.4780092100448243
48,Paper goods and printed materials,New Zealand,5,"Houston-Galveston, TX",0.01510284844373823,1.510284844373823
48,Paper goods and printed materials,New Zealand,6,"New York City, NY",0.005319921080224558,0.5319921080224558
48,Paper goods and printed materials,New Zealand,7,"Chicago, IL",0.004440234523898402,0.44402345238984015
48,Paper goods and printed materials,New Zealand,8,"St. Louis, MO",0.0033388915199752656,0.33388915199752656
48,Paper goods and printed materials,New Zealand,9,"El Paso, TX",0.002934805941628997,0.2934805941628997
48,Paper goods and printed materials,New Zealand,10,"Charleston, SC",0.002230748365511285,0.2230748365511285
48,Paper goods and printed materials,Norway,1,"Philadelphia, PA",0.43174709112556436,43.174709112556435
48,Paper goods and printed materials,Norway,2,"Savannah, GA",0.17048303779105894,17.048303779105893
48,Paper goods and printed materials,Norway,3,"Chicago, IL",0.11503696725273888,11.503696725273887
48,Paper goods and printed materials,Norway,4,"New York City, NY",0.07567918115885694,7.567918115885694
48,Paper goods and printed materials,Norway,5,"St. Louis, MO",0.05978855464659074,5.978855464659074
48,Paper goods and printed materials,Norway,6,"Cleveland, OH",0.05976492567006945,5.976492567006945
48,Paper goods and printed materials,Norway,7,"Los Angeles, CA",0.055146404223951714,5.514640422395171
48,Paper goods and printed materials,Norway,8,"San Francisco, CA",0.014964712562785552,1.4964712562785552
48,Paper goods and printed materials,Norway,9,"Charleston, SC",0.011426722480918831,1.1426722480918832
48,Paper goods and printed materials,Norway,10,"Houston-Galveston, TX",0.005962403087464632,0.5962403087464632
48,Paper goods and printed materials,Peru,1,"Miami, FL",0.4815454357514117,48.15454357514117
48,Paper goods and printed materials,Peru,2,"Houston-Galveston, TX",0.18138296058461123,18.138296058461123
48,Paper goods and printed materials,Peru,3,"New York City, NY",0.09749435771394378,9.749435771394378
48,Paper goods and printed materials,Peru,4,"San Francisco, CA",0.05426689253628652,5.426689253628652
48,Paper goods and printed materials,Peru,5,"Los Angeles, CA",0.04417106159907605,4.417106159907605
48,Paper goods and printed materials,Peru,6,"Cleveland, OH",0.03922470078958017,3.922470078958017
48,Paper goods and printed materials,Peru,7,"Charleston, SC",0.03473235852476062,3.473235852476062
48,Paper goods and printed materials,Peru,8,"Philadelphia, PA",0.030217889934615265,3.0217889934615263
48,Paper goods and printed materials,Peru,9,"Tampa, FL",0.02922933456016628,2.922933456016628
48,Paper goods and printed materials,Peru,10,"Chicago, IL",0.0077350080055484235,0.7735008005548424
48,Paper goods and printed materials,Philippines,1,"Los Angeles, CA",0.26651085596465957,26.651085596465958
48,Paper goods and printed materials,Philippines,2,"Norfolk, VA",0.20342948275398035,20.342948275398033
48,Paper goods and printed materials,Philippines,3,"Nogales, AZ",0.1916805626459748,19.16805626459748
48,Paper goods and printed materials,Philippines,4,"New York City, NY",0.1471060906341233,14.710609063412331
48,Paper goods and printed materials,Philippines,5,"Dallas-Fort Worth, TX",0.09332881237314837,9.332881237314837
48,Paper goods and printed materials,Philippines,6,"New Orleans, LA",0.04285174577120431,4.285174577120431
48,Paper goods and printed materials,Philippines,7,"Cleveland, OH",0.01691715471399935,1.691715471399935
48,Paper goods and printed materials,Philippines,8,"Miami, FL",0.014692221936771702,1.46922219367717
48,Paper goods and printed materials,Philippines,9,"Savannah, GA",0.012459570783146327,1.2459570783146328
48,Paper goods and printed materials,Philippines,10,"Wilmington, NC",0.011023502422991983,1.1023502422991982
48,Paper goods and printed materials,Poland,1,"Charleston, SC",0.21635060923925437,21.635060923925437
48,Paper goods and printed materials,Poland,2,"New York City, NY",0.14677001540031018,14.677001540031018
48,Paper goods and printed materials,Poland,3,"Chicago, IL",0.1455082190066736,14.55082190066736
48,Paper goods and printed materials,Poland,4,"Norfolk, VA",0.12976698287078875,12.976698287078875
48,Paper goods and printed materials,Poland,5,"St. Louis, MO",0.12203617857790941,12.203617857790942
48,Paper goods and printed materials,Poland,6,"Savannah, GA",0.08961988372189097,8.961988372189097
48,Paper goods and printed materials,Poland,7,"Baltimore, MD",0.07716030439056927,7.716030439056927
48,Paper goods and printed materials,Poland,8,"Houston-Galveston, TX",0.027666339315930554,2.7666339315930553
48,Paper goods and printed materials,Poland,9,"Minneapolis, MN",0.02294742089337608,2.2947420893376083
48,Paper goods and printed materials,Poland,10,"Philadelphia, PA",0.022174046583296886,2.2174046583296887
48,Paper goods and printed materials,Portugal,1,"New York City, NY",0.42936015601452215,42.93601560145221
48,Paper goods and printed materials,Portugal,2,"Savannah, GA",0.1736009272604521,17.36009272604521
48,Paper goods and printed materials,Portugal,3,"Houston-Galveston, TX",0.11528441317217707,11.528441317217707
48,Paper goods and printed materials,Portugal,4,"Chicago, IL",0.06580025052363779,6.580025052363779
48,Paper goods and printed materials,Portugal,5,"Cleveland, OH",0.04873082647393287,4.873082647393287
48,Paper goods and printed materials,Portugal,6,"Norfolk, VA",0.04705519291290156,4.705519291290156
48,Paper goods and printed materials,Portugal,7,"Boston, MA",0.043628480980060134,4.362848098006014
48,Paper goods and printed materials,Portugal,8,"St. Louis, MO",0.026171343787982755,2.6171343787982755
48,Paper goods and printed materials,Portugal,9,"Philadelphia, PA",0.025942021873760334,2.5942021873760335
48,Paper goods and printed materials,Portugal,10,"Miami, FL",0.02442638700057323,2.442638700057323
48,Paper goods and printed materials,Spain,1,"New York City, NY",0.38244300984182705,38.24430098418271
48,Paper goods and printed materials,Spain,2,"Norfolk, VA",0.09147888093280719,9.147888093280718
48,Paper goods and printed materials,Spain,3,"Los Angeles, CA",0.08193923113812808,8.193923113812808
48,Paper goods and printed materials,Spain,4,"Houston-Galveston, TX",0.07833272597386977,7.833272597386977
48,Paper goods and printed materials,Spain,5,"Nogales, AZ",0.07722062433010107,7.722062433010107
48,Paper goods and printed materials,Spain,6,"Savannah, GA",0.07080935272941474,7.080935272941474
48,Paper goods and printed materials,Spain,7,"Charleston, SC",0.06509773645515811,6.509773645515811
48,Paper goods and printed materials,Spain,8,"Miami, FL",0.056385748693329095,5.63857486933291
48,Paper goods and printed materials,Spain,9,"Cleveland, OH",0.052651122996423855,5.265112299642386
48,Paper goods and printed materials,Spain,10,"Philadelphia, PA",0.04364156690894097,4.364156690894097
48,Paper goods and printed materials,Sweden,1,"Philadelphia, PA",0.4023981550510885,40.23981550510885
48,Paper goods and printed materials,Sweden,2,"Baltimore, MD",0.2625864368963123,26.258643689631228
48,Paper goods and printed materials,Sweden,3,"Tampa, FL",0.13550060038548617,13.550060038548617
48,Paper goods and printed materials,Sweden,4,"New York City, NY",0.05927818990381002,5.927818990381002
48,Paper goods and printed materials,Sweden,5,"Chicago, IL",0.042051454156655295,4.2051454156655295
48,Paper goods and printed materials,Sweden,6,"Savannah, GA",0.035431928672486915,3.5431928672486914
48,Paper goods and printed materials,Sweden,7,"Houston-Galveston, TX",0.023630502836992636,2.3630502836992635
48,Paper goods and printed materials,Sweden,8,"Cleveland, OH",0.016729714253281677,1.6729714253281676
48,Paper goods and printed materials,Sweden,9,"Ogdensburg, NY",0.01323844523784241,1.3238445237842411
48,Paper goods and printed materials,Sweden,10,"Norfolk, VA",0.009154572606044053,0.9154572606044054
48,Paper goods and printed materials,Switzerland,1,"New York City, NY",0.5833481923496423,58.33481923496423
48,Paper goods and printed materials,Switzerland,2,"Chicago, IL",0.1123408843365187,11.23408843365187
48,Paper goods and printed materials,Switzerland,3,"Miami, FL",0.07066117827845787,7.066117827845788
48,Paper goods and printed materials,Switzerland,4,"Baltimore, MD",0.06467824716497549,6.467824716497549
48,Paper goods and printed materials,Switzerland,5,"Houston-Galveston, TX",0.040615309883644896,4.061530988364489
48,Paper goods and printed materials,Switzerland,6,"Boston, MA",0.03387359642226802,3.387359642226802
48,Paper goods and printed materials,Switzerland,7,"Los Angeles, CA",0.03210448501759132,3.210448501759132
48,Paper goods and printed materials,Switzerland,8,"San Francisco, CA",0.024986488780629527,2.4986488780629528
48,Paper goods and printed materials,Switzerland,9,"Philadelphia, PA",0.023491382325051467,2.3491382325051466
48,Paper goods and printed materials,Switzerland,10,"Norfolk, VA",0.013900235441220304,1.3900235441220303
48,Paper goods and printed materials,Taiwan,1,"Los Angeles, CA",0.5185702241957543,51.85702241957543
48,Paper goods and printed materials,Taiwan,2,"New York City, NY",0.1048770998718399,10.487709987183989
48,Paper goods and printed materials,Taiwan,3,"San Francisco, CA",0.09263515859007948,9.263515859007947
48,Paper goods and printed materials,Taiwan,4,"Chicago, IL",0.06495079618828564,6.495079618828564
48,Paper goods and printed materials,Taiwan,5,"Savannah, GA",0.04263993599554637,4.263993599554637
48,Paper goods and printed materials,Taiwan,6,"New Orleans, LA",0.03927227383705689,3.9272273837056892
48,Paper goods and printed materials,Taiwan,7,"Seattle, WA",0.03908717412725573,3.908717412725573
48,Paper goods and printed materials,Taiwan,8,"Baltimore, MD",0.033869891960126006,3.3869891960126006
48,Paper goods and printed materials,Taiwan,9,"Houston-Galveston, TX",0.032640978420292344,3.2640978420292344
48,Paper goods and printed materials,Taiwan,10,"Dallas-Fort Worth, TX",0.03145646681376345,3.145646681376345
48,Paper goods and printed materials,Thailand,1,"Los Angeles, CA",0.32023001373006693,32.02300137300669
48,Paper goods and printed materials,Thailand,2,"New York City, NY",0.2207523341979787,22.075233419797872
48,Paper goods and printed materials,Thailand,3,"Savannah, GA",0.13225642966695514,13.225642966695514
48,Paper goods and printed materials,Thailand,4,"San Francisco, CA",0.10668414021692249,10.668414021692248
48,Paper goods and printed materials,Thailand,5,"Houston-Galveston, TX",0.05543066624294267,5.5430666242942666
48,Paper goods and printed materials,Thailand,6,"Dallas-Fort Worth, TX",0.038215568499705796,3.8215568499705794
48,Paper goods and printed materials,Thailand,7,"Boston, MA",0.035307706841724705,3.5307706841724706
48,Paper goods and printed materials,Thailand,8,"Chicago, IL",0.03406899022249928,3.4068990222499282
48,Paper goods and printed materials,Thailand,9,"Charleston, SC",0.028762758728326194,2.876275872832619
48,Paper goods and printed materials,Thailand,10,"Seattle, WA",0.028291391652878042,2.8291391652878044
48,Paper goods and printed materials,Turkey,1,"New York City, NY",0.5218673701882732,52.18673701882732
48,Paper goods and printed materials,Turkey,2,"Savannah, GA",0.1522610408585615,15.226104085856152
48,Paper goods and printed materials,Turkey,3,"Houston-Galveston, TX",0.0887945039163824,8.87945039163824
48,Paper goods and printed materials,Turkey,4,"Chicago, IL",0.05296217163274785,5.296217163274785
48,Paper goods and printed materials,Turkey,5,"Miami, FL",0.05161924478555275,5.161924478555275
48,Paper goods and printed materials,Turkey,6,"Norfolk, VA",0.040683651486788146,4.068365148678814
48,Paper goods and printed materials,Turkey,7,"Cleveland, OH",0.035273087960381935,3.5273087960381937
48,Paper goods and printed materials,Turkey,8,"Los Angeles, CA",0.022693027722030648,2.2693027722030648
48,Paper goods and printed materials,Turkey,9,"Baltimore, MD",0.018326943913557936,1.8326943913557936
48,Paper goods and printed materials,Turkey,10,"Tampa, FL",0.015518957535723587,1.5518957535723588
48,Paper goods and printed materials,United Arab Emirates,1,"New York City, NY",0.5121714760284504,51.21714760284504
48,Paper goods and printed materials,United Arab Emirates,2,"Houston-Galveston, TX",0.15560830318501373,15.560830318501374
48,Paper goods and printed materials,United Arab Emirates,3,"Los Angeles, CA",0.11186231308549242,11.186231308549242
48,Paper goods and printed materials,United Arab Emirates,4,"Savannah, GA",0.09218925003873457,9.218925003873457
48,Paper goods and printed materials,United Arab Emirates,5,"Baltimore, MD",0.06204421836067884,6.204421836067884
48,Paper goods and printed materials,United Arab Emirates,6,"Norfolk, VA",0.02977143359638665,2.977143359638665
48,Paper goods and printed materials,United Arab Emirates,7,"Detroit, MI",0.012389171993982321,1.2389171993982322
48,Paper goods and printed materials,United Arab Emirates,8,"Seattle, WA",0.011803461406746374,1.1803461406746374
48,Paper goods and printed materials,United Arab Emirates,9,"Boston, MA",0.0070698049973865066,0.7069804997386506
48,Paper goods and printed materials,United Arab Emirates,10,"Chicago, IL",0.005090567307128224,0.5090567307128224
48,Paper goods and printed materials,United Kingdom,1,"Chicago, IL",0.27258203843216444,27.258203843216442
48,Paper goods and printed materials,United Kingdom,2,"Wilmington, NC",0.2288292048248906,22.882920482489062
48,Paper goods and printed materials,United Kingdom,3,"New York City, NY",0.1299570575747446,12.99570575747446
48,Paper goods and printed materials,United Kingdom,4,"Baltimore, MD",0.10470765044304858,10.470765044304859
48,Paper goods and printed materials,United Kingdom,5,"New Orleans, LA",0.07061703610171322,7.061703610171321
48,Paper goods and printed materials,United Kingdom,6,"Cleveland, OH",0.0619771584066575,6.19771584066575
48,Paper goods and printed materials,United Kingdom,7,"Boston, MA",0.0374921108803831,3.7492110880383103
48,Paper goods and printed materials,United Kingdom,8,"Los Angeles, CA",0.034317897441511716,3.4317897441511716
48,Paper goods and printed materials,United Kingdom,9,"Charleston, SC",0.03059687318301617,3.059687318301617
48,Paper goods and printed materials,United Kingdom,10,"Houston-Galveston, TX",0.028922972711870124,2.8922972711870125
48,Paper goods and printed materials,Vietnam,1,"Los Angeles, CA",0.3763703725829014,37.63703725829014
48,Paper goods and printed materials,Vietnam,2,"New York City, NY",0.14338708088960558,14.338708088960558
48,Paper goods and printed materials,Vietnam,3,"Savannah, GA",0.09820939872752166,9.820939872752167
48,Paper goods and printed materials,Vietnam,4,"Seattle, WA",0.08286007786147576,8.286007786147575
48,Paper goods and printed materials,Vietnam,5,"Houston-Galveston, TX",0.06526387190074552,6.526387190074552
48,Paper goods and printed materials,Vietnam,6,"St. Louis, MO",0.049935950403594866,4.993595040359486
48,Paper goods and printed materials,Vietnam,7,"Norfolk, VA",0.04894960534301835,4.894960534301835
48,Paper goods and printed materials,Vietnam,8,"Charleston, SC",0.04692736843143318,4.692736843143318
48,Paper goods and printed materials,Vietnam,9,"Cleveland, OH",0.045779420423333016,4.5779420423333015
48,Paper goods and printed materials,Vietnam,10,"Dallas-Fort Worth, TX",0.04231685343637073,4.231685343637073
49,Paper goods and printed materials,Austria,1,"New York City, NY",0.31856456749212897,31.856456749212896
49,Paper goods and printed materials,Austria,2,"Cleveland, OH",0.202356236448194,20.235623644819402
49,Paper goods and printed materials,Austria,3,"Chicago, IL",0.11094211042618946,11.094211042618946
49,Paper goods and printed materials,Austria,4,"Charleston, SC",0.08530193479986117,8.530193479986117
49,Paper goods and printed materials,Austria,5,"Los Angeles, CA",0.07395869126925657,7.395869126925657
49,Paper goods and printed materials,Austria,6,"New Orleans, LA",0.052588179315507015,5.258817931550701
49,Paper goods and printed materials,Austria,7,"Savannah, GA",0.05217140050612516,5.2171400506125165
49,Paper goods and printed materials,Austria,8,"Philadelphia, PA",0.047143724045227396,4.71437240452274
49,Paper goods and printed materials,Austria,9,"Boston, MA",0.032507944696185856,3.2507944696185858
49,Paper goods and printed materials,Austria,10,"Miami, FL",0.02446521100132446,2.446521100132446
49,Paper goods and printed materials,Canada,1,"Detroit, MI",0.3707507470875793,37.07507470875793
49,Paper goods and printed materials,Canada,2,"Buffalo, NY",0.19282961344545135,19.282961344545136
49,Paper goods and printed materials,Canada,3,"Ogdensburg, NY",0.1747231017207549,17.47231017207549
49,Paper goods and printed materials,Canada,4,"Pembina, ND",0.13466736567970206,13.466736567970205
49,Paper goods and printed materials,Canada,5,"Seattle, WA",0.062385691426129264,6.238569142612926
49,Paper goods and printed materials,Canada,6,"Portland, ME",0.022440120048256604,2.2440120048256604
49,Paper goods and printed materials,Canada,7,"Cleveland, OH",0.017820378154973178,1.7820378154973178
49,Paper goods and printed materials,Canada,8,"New Orleans, LA",0.013114093257935734,1.3114093257935733
49,Paper goods and printed materials,Canada,9,"St. Albans, VT",0.008486831011729791,0.8486831011729791
49,Paper goods and printed materials,Canada,10,"New York City, NY",0.0027820581674877463,0.27820581674877465
49,Paper goods and printed materials,China,1,"Los Angeles, CA",0.30865583264085633,30.865583264085632
49,Paper goods and printed materials,China,2,"Chicago, IL",0.1943624697339682,19.43624697339682
49,Paper goods and printed materials,China,3,"New York City, NY",0.15229817021281122,15.229817021281121
49,Paper goods and printed materials,China,4,"Dallas-Fort Worth, TX",0.08175655994125641,8.175655994125641
49,Paper goods and printed materials,China,5,"Baltimore, MD",0.06014938826690207,6.014938826690207
49,Paper goods and printed materials,China,6,"St. Louis, MO",0.05555345273903339,5.555345273903339
49,Paper goods and printed materials,China,7,"Savannah, GA",0.04724099002185137,4.724099002185137
49,Paper goods and printed materials,China,8,"Norfolk, VA",0.038438097753409874,3.8438097753409872
49,Paper goods and printed materials,China,9,"New Orleans, LA",0.03226966415245367,3.226966415245367
49,Paper goods and printed materials,China,10,"Cleveland, OH",0.02927537453745754,2.927537453745754
49,Paper goods and printed materials,El Salvador,1,"Miami, FL",0.7070387236173005,70.70387236173005
49,Paper goods and printed materials,El Salvador,2,"Cleveland, OH",0.13995916139710288,13.995916139710287
49,Paper goods and printed materials,El Salvador,3,"New Orleans, LA",0.05783839638804103,5.783839638804103
49,Paper goods and printed materials,El Salvador,4,"Laredo, TX",0.05634785337659333,5.634785337659333
49,Paper goods and printed materials,El Salvador,5,"Los Angeles, CA",0.02512604379949282,2.512604379949282
49,Paper goods and printed materials,El Salvador,6,"Mobile, AL",0.0039038869932752074,0.39038869932752074
49,Paper goods and printed materials,El Salvador,7,"Houston-Galveston, TX",0.0026833453792795264,0.26833453792795264
49,Paper goods and printed materials,El Salvador,8,"Wilmington, NC",0.0024227911557309066,0.24227911557309065
49,Paper goods and printed materials,El Salvador,9,"Dallas-Fort Worth, TX",0.0023513389573206946,0.23513389573206947
49,Paper goods and printed materials,El Salvador,10,"New York City, NY",0.0023284589358632314,0.23284589358632313
49,Paper goods and printed materials,France,1,"New York City, NY",0.3939363433253029,39.39363433253029
49,Paper goods and printed materials,France,2,"Cleveland, OH",0.12499850005981232,12.499850005981232
49,Paper goods and printed materials,France,3,"Los Angeles, CA",0.10666273990066166,10.666273990066166
49,Paper goods and printed materials,France,4,"New Orleans, LA",0.0817648802901914,8.17648802901914
49,Paper goods and printed materials,France,5,"Savannah, GA",0.06286455505848697,6.286455505848696
49,Paper goods and printed materials,France,6,"San Francisco, CA",0.06252811212678061,6.252811212678061
49,Paper goods and printed materials,France,7,"Miami, FL",0.05295498810234613,5.295498810234613
49,Paper goods and printed materials,France,8,"Chicago, IL",0.04946051383831214,4.946051383831214
49,Paper goods and printed materials,France,9,"Houston-Galveston, TX",0.039252881743758045,3.9252881743758046
49,Paper goods and printed materials,France,10,"Philadelphia, PA",0.025576485554347887,2.5576485554347888
49,Paper goods and printed materials,Germany,1,"New York City, NY",0.4081741856370679,40.817418563706795
49,Paper goods and printed materials,Germany,2,"New Orleans, LA",0.13000014337011603,13.000014337011603
49,Paper goods and printed materials,Germany,3,"Cleveland, OH",0.11462873851477064,11.462873851477063
49,Paper goods and printed materials,Germany,4,"Chicago, IL",0.1070546539483662,10.70546539483662
49,Paper goods and printed materials,Germany,5,"Norfolk, VA",0.050387870922791324,5.038787092279132
49,Paper goods and printed materials,Germany,6,"Philadelphia, PA",0.04577177439397094,4.577177439397094
49,Paper goods and printed materials,Germany,7,"Los Angeles, CA",0.04135022592920669,4.135022592920669
49,Paper goods and printed materials,Germany,8,"Baltimore, MD",0.04001437677017287,4.001437677017287
49,Paper goods and printed materials,Germany,9,"Savannah, GA",0.03171079395147249,3.1710793951472493
49,Paper goods and printed materials,Germany,10,"Miami, FL",0.03090723656206488,3.090723656206488
49,Paper goods and printed materials,Hong Kong,1,"New Orleans, LA",0.30262590624134483,30.262590624134482
49,Paper goods and printed materials,Hong Kong,2,"Chicago, IL",0.1980155044394619,19.80155044394619
49,Paper goods and printed materials,Hong Kong,3,"New York City, NY",0.15548926662598928,15.548926662598927
49,Paper goods and printed materials,Hong Kong,4,"Baltimore, MD",0.10571737549161783,10.571737549161783
49,Paper goods and printed materials,Hong Kong,5,"Los Angeles, CA",0.10432510764066402,10.432510764066402
49,Paper goods and printed materials,Hong Kong,6,"Cleveland, OH",0.0331478557535419,3.3147855753541897
49,Paper goods and printed materials,Hong Kong,7,"Norfolk, VA",0.030901831148419545,3.0901831148419543
49,Paper goods and printed materials,Hong Kong,8,"San Francisco, CA",0.029600156203215953,2.9600156203215953
49,Paper goods and printed materials,Hong Kong,9,"Savannah, GA",0.02231805168783167,2.231805168783167
49,Paper goods and printed materials,Hong Kong,10,"Charleston, SC",0.017858944767913124,1.7858944767913123
49,Paper goods and printed materials,Hungary,1,"New York City, NY",0.38734166981088264,38.734166981088265
49,Paper goods and printed materials,Hungary,2,"New Orleans, LA",0.1789113533564275,17.89113533564275
49,Paper goods and printed materials,Hungary,3,"Cleveland, OH",0.14774513074074888,14.774513074074887
49,Paper goods and printed materials,Hungary,4,"Chicago, IL",0.10775843801411646,10.775843801411646
49,Paper goods and printed materials,Hungary,5,"Dallas-Fort Worth, TX",0.0442165230368851,4.42165230368851
49,Paper goods and printed materials,Hungary,6,"Miami, FL",0.037027004573595944,3.7027004573595943
49,Paper goods and printed materials,Hungary,7,"Houston-Galveston, TX",0.0268782239991149,2.6878223999114903
49,Paper goods and printed materials,Hungary,8,"Savannah, GA",0.02476625553983153,2.476625553983153
49,Paper goods and printed materials,Hungary,9,"Los Angeles, CA",0.02467532157714351,2.467532157714351
49,Paper goods and printed materials,Hungary,10,"Charleston, SC",0.020680079351253565,2.0680079351253564
49,Paper goods and printed materials,India,1,"New York City, NY",0.4501263155545767,45.01263155545767
49,Paper goods and printed materials,India,2,"New Orleans, LA",0.1433803385751996,14.33803385751996
49,Paper goods and printed materials,India,3,"Chicago, IL",0.09792617058239084,9.792617058239085
49,Paper goods and printed materials,India,4,"St. Louis, MO",0.0756355152109,7.563551521090001
49,Paper goods and printed materials,India,5,"Cleveland, OH",0.07403418973021009,7.403418973021009
49,Paper goods and printed materials,India,6,"Norfolk, VA",0.05211697284341206,5.211697284341206
49,Paper goods and printed materials,India,7,"Los Angeles, CA",0.04035521528544695,4.035521528544695
49,Paper goods and printed materials,India,8,"Savannah, GA",0.0395271162531913,3.95271162531913
49,Paper goods and printed materials,India,9,"Great Falls, MT",0.014038318402150841,1.4038318402150842
49,Paper goods and printed materials,India,10,"San Francisco, CA",0.012859847562521542,1.2859847562521542
49,Paper goods and printed materials,Iraq,1,"Los Angeles, CA",0.9935959121381568,99.35959121381568
49,Paper goods and printed materials,Iraq,2,"Great Falls, MT",0.0059528890114483686,0.5952889011448369
49,Paper goods and printed materials,Iraq,3,"New York City, NY",0.000256193083705936,0.0256193083705936
49,Paper goods and printed materials,Iraq,4,"Norfolk, VA",0.00013131372819371402,0.013131372819371403
49,Paper goods and printed materials,Iraq,5,"New Orleans, LA",6.36920384951881e-05,0.00636920384951881
49,Paper goods and printed materials,Ireland,1,"Boston, MA",0.6335694062216971,63.35694062216971
49,Paper goods and printed materials,Ireland,2,"New Orleans, LA",0.13954847489795374,13.954847489795375
49,Paper goods and printed materials,Ireland,3,"Cleveland, OH",0.05879896047423517,5.879896047423517
49,Paper goods and printed materials,Ireland,4,"Savannah, GA",0.049271637397473485,4.927163739747349
49,Paper goods and printed materials,Ireland,5,"New York City, NY",0.04476363893762766,4.476363893762766
49,Paper goods and printed materials,Ireland,6,"Norfolk, VA",0.020775649856631318,2.0775649856631317
49,Paper goods and printed materials,Ireland,7,"Chicago, IL",0.018339355740564698,1.8339355740564698
49,Paper goods and printed materials,Ireland,8,"Miami, FL",0.016459943285356226,1.6459943285356227
49,Paper goods and printed materials,Ireland,9,"Los Angeles, CA",0.0092846683489271,0.92846683489271
49,Paper goods and printed materials,Ireland,10,"Philadelphia, PA",0.009188264839533536,0.9188264839533536
49,Paper goods and printed materials,Italy,1,"New York City, NY",0.5209478766477691,52.09478766477691
49,Paper goods and printed materials,Italy,2,"Chicago, IL",0.11009793990710265,11.009793990710264
49,Paper goods and printed materials,Italy,3,"Norfolk, VA",0.09949864401927003,9.949864401927003
49,Paper goods and printed materials,Italy,4,"New Orleans, LA",0.05352069719186872,5.352069719186872
49,Paper goods and printed materials,Italy,5,"St. Louis, MO",0.04274195646728086,4.274195646728086
49,Paper goods and printed materials,Italy,6,"Baltimore, MD",0.040567836420944935,4.056783642094493
49,Paper goods and printed materials,Italy,7,"Cleveland, OH",0.038188253597964926,3.8188253597964925
49,Paper goods and printed materials,Italy,8,"Savannah, GA",0.033570777573335105,3.3570777573335104
49,Paper goods and printed materials,Italy,9,"Dallas-Fort Worth, TX",0.030824847976191776,3.0824847976191774
49,Paper goods and printed materials,Italy,10,"Los Angeles, CA",0.030041170198271926,3.0041170198271927
49,Paper goods and printed materials,Japan,1,"Cleveland, OH",0.19064929172937273,19.064929172937273
49,Paper goods and printed materials,Japan,2,"Chicago, IL",0.17970720351370487,17.97072035137049
49,Paper goods and printed materials,Japan,3,"Los Angeles, CA",0.16268982431338078,16.268982431338078
49,Paper goods and printed materials,Japan,4,"San Francisco, CA",0.158854258857745,15.8854258857745
49,Paper goods and printed materials,Japan,5,"New Orleans, LA",0.14668503839421143,14.668503839421144
49,Paper goods and printed materials,Japan,6,"New York City, NY",0.09227173818307578,9.227173818307579
49,Paper goods and printed materials,Japan,7,"Houston-Galveston, TX",0.027632732790585507,2.763273279058551
49,Paper goods and printed materials,Japan,8,"Dallas-Fort Worth, TX",0.016520131633364268,1.6520131633364268
49,Paper goods and printed materials,Japan,9,"Seattle, WA",0.013084021854816892,1.3084021854816892
49,Paper goods and printed materials,Japan,10,"Savannah, GA",0.011905758729742796,1.1905758729742797
49,Paper goods and printed materials,"Korea, South",1,"Los Angeles, CA",0.4384582139880141,43.84582139880141
49,Paper goods and printed materials,"Korea, South",2,"Chicago, IL",0.1869826426103902,18.698264261039018
49,Paper goods and printed materials,"Korea, South",3,"New York City, NY",0.17638848458668285,17.638848458668285
49,Paper goods and printed materials,"Korea, South",4,"New Orleans, LA",0.04856652088118331,4.856652088118331
49,Paper goods and printed materials,"Korea, South",5,"Houston-Galveston, TX",0.030432977017375396,3.0432977017375396
49,Paper goods and printed materials,"Korea, South",6,"San Francisco, CA",0.026916686034663906,2.6916686034663906
49,Paper goods and printed materials,"Korea, South",7,"Baltimore, MD",0.025004973797678277,2.5004973797678276
49,Paper goods and printed materials,"Korea, South",8,"Norfolk, VA",0.022815264651737853,2.281526465173785
49,Paper goods and printed materials,"Korea, South",9,"Cleveland, OH",0.022443542301283856,2.2443542301283856
49,Paper goods and printed materials,"Korea, South",10,"Seattle, WA",0.021990694130990283,2.1990694130990285
49,Paper goods and printed materials,Luxembourg,1,"New York City, NY",0.33648626277067606,33.648626277067606
49,Paper goods and printed materials,Luxembourg,2,"Chicago, IL",0.26654912782796775,26.654912782796774
49,Paper goods and printed materials,Luxembourg,3,"Philadelphia, PA",0.13274857653640534,13.274857653640534
49,Paper goods and printed materials,Luxembourg,4,"Cleveland, OH",0.0838660990662755,8.38660990662755
49,Paper goods and printed materials,Luxembourg,5,"Detroit, MI",0.07943870004190409,7.943870004190409
49,Paper goods and printed materials,Luxembourg,6,"Miami, FL",0.03642548948125751,3.642548948125751
49,Paper goods and printed materials,Luxembourg,7,"New Orleans, LA",0.02644836291354193,2.644836291354193
49,Paper goods and printed materials,Luxembourg,8,"Los Angeles, CA",0.023872859428675362,2.3872859428675364
49,Paper goods and printed materials,Luxembourg,9,"Washington, DC",0.014164521933296472,1.4164521933296472
49,Paper goods and printed materials,Malaysia,1,"New York City, NY",0.28853600063894236,28.853600063894234
49,Paper goods and printed materials,Malaysia,2,"Chicago, IL",0.20473873806918363,20.473873806918363
49,Paper goods and printed materials,Malaysia,3,"Los Angeles, CA",0.17323898648492664,17.323898648492666
49,Paper goods and printed materials,Malaysia,4,"New Orleans, LA",0.1229942839010076,12.29942839010076
49,Paper goods and printed materials,Malaysia,5,"San Francisco, CA",0.09195320844596215,9.195320844596216
49,Paper goods and printed materials,Malaysia,6,"Cleveland, OH",0.051740692779027306,5.17406927790273
49,Paper goods and printed materials,Malaysia,7,"Dallas-Fort Worth, TX",0.020734241100216856,2.0734241100216857
49,Paper goods and printed materials,Malaysia,8,"St. Louis, MO",0.01767547005442075,1.7675470054420752
49,Paper goods and printed materials,Malaysia,9,"Baltimore, MD",0.01432351950002266,1.4323519500022661
49,Paper goods and printed materials,Malaysia,10,"Savannah, GA",0.014064859026290078,1.4064859026290077
49,Paper goods and printed materials,Mexico,1,"Laredo, TX",0.7157540891779788,71.57540891779787
49,Paper goods and printed materials,Mexico,2,"San Diego, CA",0.14867447879963944,14.867447879963944
49,Paper goods and printed materials,Mexico,3,"El Paso, TX",0.10932338521755419,10.932338521755419
49,Paper goods and printed materials,Mexico,4,"New Orleans, LA",0.012050197468851076,1.2050197468851076
49,Paper goods and printed materials,Mexico,5,"Nogales, AZ",0.007752441090432499,0.7752441090432499
49,Paper goods and printed materials,Mexico,6,"Cleveland, OH",0.002942392926513566,0.29423929265135657
49,Paper goods and printed materials,Mexico,7,"Miami, FL",0.0016649460750701873,0.16649460750701872
49,Paper goods and printed materials,Mexico,8,"Detroit, MI",0.0008477819875943658,0.08477819875943658
49,Paper goods and printed materials,Mexico,9,"New York City, NY",0.0005211327290262363,0.05211327290262363
49,Paper goods and printed materials,Mexico,10,"Los Angeles, CA",0.00046915452733957847,0.04691545273395785
49,Paper goods and printed materials,Morocco,1,"Cleveland, OH",0.7282910425551401,72.82910425551401
49,Paper goods and printed materials,Morocco,2,"Savannah, GA",0.07708641116945701,7.708641116945701
49,Paper goods and printed materials,Morocco,3,"Boston, MA",0.05258232399635911,5.258232399635911
49,Paper goods and printed materials,Morocco,4,"Miami, FL",0.05182759111765779,5.18275911176578
49,Paper goods and printed materials,Morocco,5,"Philadelphia, PA",0.0352375035347893,3.52375035347893
49,Paper goods and printed materials,Morocco,6,"New York City, NY",0.0316668963784141,3.1666896378414098
49,Paper goods and printed materials,Morocco,7,"Los Angeles, CA",0.008493741464768586,0.8493741464768586
49,Paper goods and printed materials,Morocco,8,"New Orleans, LA",0.007334275037813979,0.7334275037813979
49,Paper goods and printed materials,Morocco,9,"Mobile, AL",0.005649743984116392,0.5649743984116392
49,Paper goods and printed materials,Morocco,10,"Houston-Galveston, TX",0.0018304707614835397,0.18304707614835397
49,Paper goods and printed materials,Netherlands,1,"New York City, NY",0.2502889844794826,25.02889844794826
49,Paper goods and printed materials,Netherlands,2,"New Orleans, LA",0.14863745552551855,14.863745552551855
49,Paper goods and printed materials,Netherlands,3,"Chicago, IL",0.13737390369732888,13.737390369732887
49,Paper goods and printed materials,Netherlands,4,"Cleveland, OH",0.11583261603580987,11.583261603580986
49,Paper goods and printed materials,Netherlands,5,"Norfolk, VA",0.1134044683486661,11.34044683486661
49,Paper goods and printed materials,Netherlands,6,"Los Angeles, CA",0.08102240498875987,8.102240498875988
49,Paper goods and printed materials,Netherlands,7,"Philadelphia, PA",0.05895521432645781,5.895521432645781
49,Paper goods and printed materials,Netherlands,8,"Buffalo, NY",0.032851246343389255,3.2851246343389255
49,Paper goods and printed materials,Netherlands,9,"Savannah, GA",0.030949705845736614,3.0949705845736615
49,Paper goods and printed materials,Netherlands,10,"Charleston, SC",0.030684000408850515,3.0684000408850514
49,Paper goods and printed materials,Poland,1,"New York City, NY",0.2878276221813155,28.782762218131552
49,Paper goods and printed materials,Poland,2,"Chicago, IL",0.21054330983638472,21.054330983638472
49,Paper goods and printed materials,Poland,3,"Cleveland, OH",0.1013954451963712,10.13954451963712
49,Paper goods and printed materials,Poland,4,"Baltimore, MD",0.09368145519848392,9.368145519848392
49,Paper goods and printed materials,Poland,5,"Los Angeles, CA",0.07643930965917671,7.643930965917671
49,Paper goods and printed materials,Poland,6,"Miami, FL",0.058592616665808304,5.859261666580831
49,Paper goods and printed materials,Poland,7,"St. Louis, MO",0.04647487578155968,4.6474875781559675
49,Paper goods and printed materials,Poland,8,"New Orleans, LA",0.04453330106201873,4.453330106201872
49,Paper goods and printed materials,Poland,9,"Houston-Galveston, TX",0.042540888942447744,4.2540888942447745
49,Paper goods and printed materials,Poland,10,"Philadelphia, PA",0.03797117547643345,3.797117547643345
49,Paper goods and printed materials,Slovenia,1,"New York City, NY",0.6285751715730025,62.857517157300244
49,Paper goods and printed materials,Slovenia,2,"Charleston, SC",0.19274851478579816,19.274851478579816
49,Paper goods and printed materials,Slovenia,3,"New Orleans, LA",0.07789954327903213,7.789954327903213
49,Paper goods and printed materials,Slovenia,4,"Philadelphia, PA",0.03284578685893705,3.2845786858937047
49,Paper goods and printed materials,Slovenia,5,"Cleveland, OH",0.019502422966095917,1.9502422966095918
49,Paper goods and printed materials,Slovenia,6,"Chicago, IL",0.016963858606702683,1.6963858606702682
49,Paper goods and printed materials,Slovenia,7,"Savannah, GA",0.013826517488834447,1.3826517488834447
49,Paper goods and printed materials,Slovenia,8,"Dallas-Fort Worth, TX",0.010411747960791523,1.0411747960791524
49,Paper goods and printed materials,Slovenia,9,"Los Angeles, CA",0.0047573093129528,0.47573093129528005
49,Paper goods and printed materials,Slovenia,10,"Detroit, MI",0.0024691271678527844,0.24691271678527843
49,Paper goods and printed materials,Spain,1,"New York City, NY",0.48543900146385405,48.543900146385404
49,Paper goods and printed materials,Spain,2,"New Orleans, LA",0.1353091315922474,13.530913159224738
49,Paper goods and printed materials,Spain,3,"Miami, FL",0.12731399446004418,12.731399446004419
49,Paper goods and printed materials,Spain,4,"Chicago, IL",0.06463130578358928,6.4631305783589275
49,Paper goods and printed materials,Spain,5,"Cleveland, OH",0.056776945022081755,5.677694502208175
49,Paper goods and printed materials,Spain,6,"Los Angeles, CA",0.04151424095814696,4.151424095814696
49,Paper goods and printed materials,Spain,7,"Norfolk, VA",0.03568129522823295,3.5681295228232948
49,Paper goods and printed materials,Spain,8,"Baltimore, MD",0.02793430251359464,2.793430251359464
49,Paper goods and printed materials,Spain,9,"Philadelphia, PA",0.015002340293192466,1.5002340293192467
49,Paper goods and printed materials,Spain,10,"Houston-Galveston, TX",0.010397442685016342,1.0397442685016343
49,Paper goods and printed materials,Sri Lanka,1,"St. Louis, MO",0.9763126781634196,97.63126781634196
49,Paper goods and printed materials,Sri Lanka,2,"New York City, NY",0.007455970522447739,0.7455970522447739
49,Paper goods and printed materials,Sri Lanka,3,"Dallas-Fort Worth, TX",0.003338356828649019,0.3338356828649019
49,Paper goods and printed materials,Sri Lanka,4,"Chicago, IL",0.0030783932161858106,0.3078393216185811
49,Paper goods and printed materials,Sri Lanka,5,"San Francisco, CA",0.0021162806200690455,0.21162806200690454
49,Paper goods and printed materials,Sri Lanka,6,"Los Angeles, CA",0.002081533767459935,0.2081533767459935
49,Paper goods and printed materials,Sri Lanka,7,"Cleveland, OH",0.0018375866955440052,0.1837586695544005
49,Paper goods and printed materials,Sri Lanka,8,"Baltimore, MD",0.0014010290474248113,0.14010290474248113
49,Paper goods and printed materials,Sri Lanka,9,"Miami, FL",0.0012415296540665697,0.12415296540665696
49,Paper goods and printed materials,Sri Lanka,10,"Houston-Galveston, TX",0.0011366414847334746,0.11366414847334746
49,Paper goods and printed materials,Switzerland,1,"New York City, NY",0.6788628821994924,67.88628821994924
49,Paper goods and printed materials,Switzerland,2,"New Orleans, LA",0.11077409511398861,11.077409511398862
49,Paper goods and printed materials,Switzerland,3,"Miami, FL",0.08856450677014464,8.856450677014465
49,Paper goods and printed materials,Switzerland,4,"Cleveland, OH",0.03283968931341251,3.283968931341251
49,Paper goods and printed materials,Switzerland,5,"Philadelphia, PA",0.03200316153397717,3.200316153397717
49,Paper goods and printed materials,Switzerland,6,"Dallas-Fort Worth, TX",0.015473093311148283,1.5473093311148283
49,Paper goods and printed materials,Switzerland,7,"Washington, DC",0.01460539644414708,1.460539644414708
49,Paper goods and printed materials,Switzerland,8,"Chicago, IL",0.012839643344695211,1.283964334469521
49,Paper goods and printed materials,Switzerland,9,"Tampa, FL",0.007289759983763632,0.7289759983763632
49,Paper goods and printed materials,Switzerland,10,"Los Angeles, CA",0.006747771985230484,0.6747771985230484
49,Paper goods and printed materials,Taiwan,1,"Los Angeles, CA",0.42389842929378696,42.389842929378695
49,Paper goods and printed materials,Taiwan,2,"Cleveland, OH",0.1639791850410883,16.39791850410883
49,Paper goods and printed materials,Taiwan,3,"Dallas-Fort Worth, TX",0.07281269499476715,7.281269499476715
49,Paper goods and printed materials,Taiwan,4,"Chicago, IL",0.06468866844365716,6.468866844365715
49,Paper goods and printed materials,Taiwan,5,"New York City, NY",0.06435272815122078,6.435272815122079
49,Paper goods and printed materials,Taiwan,6,"San Francisco, CA",0.06357395780209286,6.357395780209287
49,Paper goods and printed materials,Taiwan,7,"Baltimore, MD",0.06141155374075721,6.141155374075721
49,Paper goods and printed materials,Taiwan,8,"Savannah, GA",0.040004071892310575,4.0004071892310575
49,Paper goods and printed materials,Taiwan,9,"Houston-Galveston, TX",0.026653391722541563,2.665339172254156
49,Paper goods and printed materials,Taiwan,10,"Norfolk, VA",0.018625318917777484,1.8625318917777485
49,Paper goods and printed materials,Thailand,1,"New York City, NY",0.3550584556604935,35.50584556604935
49,Paper goods and printed materials,Thailand,2,"Chicago, IL",0.3214260951278251,32.14260951278251
49,Paper goods and printed materials,Thailand,3,"Los Angeles, CA",0.12357306973786567,12.357306973786567
49,Paper goods and printed materials,Thailand,4,"Baltimore, MD",0.04543901201886759,4.543901201886759
49,Paper goods and printed materials,Thailand,5,"Dallas-Fort Worth, TX",0.03880618586144482,3.880618586144482
49,Paper goods and printed materials,Thailand,6,"Cleveland, OH",0.036824263863304986,3.6824263863304987
49,Paper goods and printed materials,Thailand,7,"Miami, FL",0.02830843001798653,2.830843001798653
49,Paper goods and printed materials,Thailand,8,"Houston-Galveston, TX",0.025233302440115603,2.5233302440115604
49,Paper goods and printed materials,Thailand,9,"Savannah, GA",0.013383926033261575,1.3383926033261575
49,Paper goods and printed materials,Thailand,10,"Seattle, WA",0.01194725923883463,1.1947259238834629
49,Paper goods and printed materials,Turkey,1,"New York City, NY",0.42953212889646086,42.95321288964609
49,Paper goods and printed materials,Turkey,2,"Chicago, IL",0.23088577071745087,23.088577071745085
49,Paper goods and printed materials,Turkey,3,"Baltimore, MD",0.13545153533739562,13.545153533739562
49,Paper goods and printed materials,Turkey,4,"Cleveland, OH",0.04723491711864708,4.723491711864708
49,Paper goods and printed materials,Turkey,5,"Savannah, GA",0.04496728799405966,4.496728799405966
49,Paper goods and printed materials,Turkey,6,"Norfolk, VA",0.03397243274084838,3.397243274084838
49,Paper goods and printed materials,Turkey,7,"Los Angeles, CA",0.022092668957230093,2.2092668957230095
49,Paper goods and printed materials,Turkey,8,"New Orleans, LA",0.02133696887306292,2.133696887306292
49,Paper goods and printed materials,Turkey,9,"Miami, FL",0.02100668015051427,2.100668015051427
49,Paper goods and printed materials,Turkey,10,"Washington, DC",0.013519609214330224,1.3519609214330224
49,Paper goods and printed materials,United Kingdom,1,"New York City, NY",0.28706554980386334,28.706554980386333
49,Paper goods and printed materials,United Kingdom,2,"Philadelphia, PA",0.281909954915345,28.190995491534498
49,Paper goods and printed materials,United Kingdom,3,"Chicago, IL",0.17806674422663682,17.806674422663683
49,Paper goods and printed materials,United Kingdom,4,"Los Angeles, CA",0.05271714938389085,5.271714938389085
49,Paper goods and printed materials,United Kingdom,5,"New Orleans, LA",0.04481227375102651,4.481227375102651
49,Paper goods and printed materials,United Kingdom,6,"Cleveland, OH",0.041696602926004474,4.169660292600447
49,Paper goods and printed materials,United Kingdom,7,"Norfolk, VA",0.03608132639351087,3.6081326393510866
49,Paper goods and printed materials,United Kingdom,8,"Baltimore, MD",0.03285723473500007,3.2857234735000067
49,Paper goods and printed materials,United Kingdom,9,"Tampa, FL",0.028574496757987813,2.8574496757987813
49,Paper goods and printed materials,United Kingdom,10,"Savannah, GA",0.016218667106734225,1.6218667106734226
49,Paper goods and printed materials,Venezuela,1,"Miami, FL",0.4901399394963174,49.01399394963174
49,Paper goods and printed materials,Venezuela,2,"Savannah, GA",0.31492914181425935,31.492914181425935
49,Paper goods and printed materials,Venezuela,3,"Los Angeles, CA",0.13595792634460743,13.595792634460743
49,Paper goods and printed materials,Venezuela,4,"Cleveland, OH",0.045394706977166466,4.539470697716647
49,Paper goods and printed materials,Venezuela,5,"New York City, NY",0.013314780287164575,1.3314780287164576
49,Paper goods and printed materials,Venezuela,6,"Houston-Galveston, TX",0.0002635050804847781,0.02635050804847781
49,Paper goods and printed materials,Vietnam,1,"Los Angeles, CA",0.3865001181867864,38.65001181867864
49,Paper goods and printed materials,Vietnam,2,"St. Louis, MO",0.3742975498677259,37.42975498677259
49,Paper goods and printed materials,Vietnam,3,"New York City, NY",0.09572029933268097,9.572029933268098
49,Paper goods and printed materials,Vietnam,4,"Boston, MA",0.03150795169399841,3.150795169399841
49,Paper goods and printed materials,Vietnam,5,"Chicago, IL",0.031220356582687018,3.1220356582687017
49,Paper goods and printed materials,Vietnam,6,"Cleveland, OH",0.024536057840521715,2.4536057840521717
49,Paper goods and printed materials,Vietnam,7,"Savannah, GA",0.017904230171891265,1.7904230171891264
49,Paper goods and printed materials,Vietnam,8,"Norfolk, VA",0.013773163300579113,1.3773163300579114
49,Paper goods and printed materials,Vietnam,9,"Seattle, WA",0.013036450412453878,1.3036450412453877
49,Paper goods and printed materials,Vietnam,10,"Philadelphia, PA",0.01150382261067533,1.150382261067533
61,Apparel and textiles,Bangladesh,1,"New York City, NY",0.3341282493476083,33.412824934760835
61,Apparel and textiles,Bangladesh,2,"Los Angeles, CA",0.24642918371112355,24.642918371112355
61,Apparel and textiles,Bangladesh,3,"Savannah, GA",0.2007611632750475,20.07611632750475
61,Apparel and textiles,Bangladesh,4,"Cleveland, OH",0.04964843398292623,4.964843398292623
61,Apparel and textiles,Bangladesh,5,"Wilmington, NC",0.042792344854461525,4.279234485446152
61,Apparel and textiles,Bangladesh,6,"Charleston, SC",0.0331906168326913,3.3190616832691298
61,Apparel and textiles,Bangladesh,7,"Norfolk, VA",0.02918769095549931,2.9187690955499312
61,Apparel and textiles,Bangladesh,8,"Seattle, WA",0.023605672552498968,2.360567255249897
61,Apparel and textiles,Bangladesh,9,"Tampa, FL",0.021997808326612397,2.1997808326612396
61,Apparel and textiles,Bangladesh,10,"Chicago, IL",0.018258836161530873,1.8258836161530874
61,Apparel and textiles,Burma,1,"New York City, NY",0.26333275879069096,26.333275879069095
61,Apparel and textiles,Burma,2,"Los Angeles, CA",0.19798807757749204,19.798807757749202
61,Apparel and textiles,Burma,3,"Savannah, GA",0.14590929204430542,14.590929204430541
61,Apparel and textiles,Burma,4,"Chicago, IL",0.10274305125953959,10.274305125953958
61,Apparel and textiles,Burma,5,"Philadelphia, PA",0.10260135962159801,10.2601359621598
61,Apparel and textiles,Burma,6,"New Orleans, LA",0.07180170146207074,7.1801701462070735
61,Apparel and textiles,Burma,7,"Seattle, WA",0.04941080835384758,4.941080835384757
61,Apparel and textiles,Burma,8,"Charleston, SC",0.02383032542475159,2.383032542475159
61,Apparel and textiles,Burma,9,"Cleveland, OH",0.022619520229006127,2.261952022900613
61,Apparel and textiles,Burma,10,"Norfolk, VA",0.019763105236698067,1.9763105236698066
61,Apparel and textiles,Cambodia,1,"Los Angeles, CA",0.550524598458295,55.0524598458295
61,Apparel and textiles,Cambodia,2,"New York City, NY",0.1256481004097746,12.56481004097746
61,Apparel and textiles,Cambodia,3,"Savannah, GA",0.11919661529550735,11.919661529550735
61,Apparel and textiles,Cambodia,4,"Seattle, WA",0.051698556183211154,5.169855618321115
61,Apparel and textiles,Cambodia,5,"Cleveland, OH",0.044590819325897285,4.459081932589728
61,Apparel and textiles,Cambodia,6,"Chicago, IL",0.03450226581502228,3.4502265815022284
61,Apparel and textiles,Cambodia,7,"Charleston, SC",0.03069873031026174,3.069873031026174
61,Apparel and textiles,Cambodia,8,"Wilmington, NC",0.023202433478672548,2.3202433478672546
61,Apparel and textiles,Cambodia,9,"Philadelphia, PA",0.010929764417739416,1.0929764417739416
61,Apparel and textiles,Cambodia,10,"Norfolk, VA",0.009008116305618643,0.9008116305618643
61,Apparel and textiles,Canada,1,"Ogdensburg, NY",0.3782466985192545,37.82466985192545
61,Apparel and textiles,Canada,2,"Buffalo, NY",0.32496420089852884,32.49642008985288
61,Apparel and textiles,Canada,3,"Detroit, MI",0.10419224719577518,10.419224719577517
61,Apparel and textiles,Canada,4,"Seattle, WA",0.09653840382332367,9.653840382332367
61,Apparel and textiles,Canada,5,"Cleveland, OH",0.037653766225083214,3.7653766225083216
61,Apparel and textiles,Canada,6,"New Orleans, LA",0.018176114626601878,1.8176114626601878
61,Apparel and textiles,Canada,7,"St. Albans, VT",0.013736190639135564,1.3736190639135564
61,Apparel and textiles,Canada,8,"Portland, ME",0.012529499220410785,1.2529499220410785
61,Apparel and textiles,Canada,9,"Pembina, ND",0.008253235861826726,0.8253235861826725
61,Apparel and textiles,Canada,10,"Tampa, FL",0.005709642990059659,0.5709642990059659
61,Apparel and textiles,China,1,"Los Angeles, CA",0.5963799265502161,59.63799265502161
61,Apparel and textiles,China,2,"New York City, NY",0.17858845139317417,17.858845139317417
61,Apparel and textiles,China,3,"Savannah, GA",0.04831120014236517,4.831120014236516
61,Apparel and textiles,China,4,"Chicago, IL",0.043974303288551064,4.397430328855107
61,Apparel and textiles,China,5,"Cleveland, OH",0.033320642209031276,3.3320642209031277
61,Apparel and textiles,China,6,"Seattle, WA",0.03110434102207599,3.110434102207599
61,Apparel and textiles,China,7,"New Orleans, LA",0.02405171530013246,2.405171530013246
61,Apparel and textiles,China,8,"Norfolk, VA",0.016342306731777896,1.6342306731777896
61,Apparel and textiles,China,9,"Charleston, SC",0.015933971407491743,1.5933971407491743
61,Apparel and textiles,China,10,"San Francisco, CA",0.011993141955184179,1.199314195518418
61,Apparel and textiles,Colombia,1,"Miami, FL",0.6399199871137174,63.99199871137174
61,Apparel and textiles,Colombia,2,"Cleveland, OH",0.058037537952827026,5.803753795282702
61,Apparel and textiles,Colombia,3,"Los Angeles, CA",0.05642515555584363,5.642515555584363
61,Apparel and textiles,Colombia,4,"New York City, NY",0.05389992577604005,5.389992577604005
61,Apparel and textiles,Colombia,5,"Chicago, IL",0.04617239494513254,4.617239494513254
61,Apparel and textiles,Colombia,6,"Charleston, SC",0.04282619766321674,4.282619766321674
61,Apparel and textiles,Colombia,7,"Philadelphia, PA",0.03352660479006447,3.3526604790064467
61,Apparel and textiles,Colombia,8,"Savannah, GA",0.028572669609377186,2.857266960937719
61,Apparel and textiles,Colombia,9,"San Francisco, CA",0.025715583524702813,2.5715583524702814
61,Apparel and textiles,Colombia,10,"Wilmington, NC",0.014903943069078024,1.4903943069078025
61,Apparel and textiles,Dominican Republic,1,"Miami, FL",0.5871573956408228,58.715739564082284
61,Apparel and textiles,Dominican Republic,2,"Wilmington, NC",0.22920390739706484,22.920390739706484
61,Apparel and textiles,Dominican Republic,3,"New Orleans, LA",0.09313577885548624,9.313577885548623
61,Apparel and textiles,Dominican Republic,4,"Cleveland, OH",0.05002175711522704,5.002175711522704
61,Apparel and textiles,Dominican Republic,5,"Houston-Galveston, TX",0.019897034909776606,1.9897034909776605
61,Apparel and textiles,Dominican Republic,6,"Los Angeles, CA",0.008483514428119718,0.8483514428119718
61,Apparel and textiles,Dominican Republic,7,"New York City, NY",0.004489220434905812,0.44892204349058124
61,Apparel and textiles,Dominican Republic,8,"Charleston, SC",0.0037292890502841044,0.3729289050284104
61,Apparel and textiles,Dominican Republic,9,"Tampa, FL",0.00288162946130111,0.288162946130111
61,Apparel and textiles,Dominican Republic,10,"San Diego, CA",0.0010004727070118374,0.10004727070118374
61,Apparel and textiles,Egypt,1,"New York City, NY",0.5491325994565576,54.91325994565576
61,Apparel and textiles,Egypt,2,"Savannah, GA",0.18746428736927923,18.74642873692792
61,Apparel and textiles,Egypt,3,"Los Angeles, CA",0.05617016704855113,5.6170167048551125
61,Apparel and textiles,Egypt,4,"Norfolk, VA",0.04918389609474562,4.918389609474562
61,Apparel and textiles,Egypt,5,"Charleston, SC",0.048705404884797986,4.870540488479799
61,Apparel and textiles,Egypt,6,"Houston-Galveston, TX",0.03683721775611706,3.683721775611706
61,Apparel and textiles,Egypt,7,"Cleveland, OH",0.03063850603831287,3.063850603831287
61,Apparel and textiles,Egypt,8,"Seattle, WA",0.016679796442311004,1.6679796442311003
61,Apparel and textiles,Egypt,9,"Chicago, IL",0.016467574086369997,1.6467574086369996
61,Apparel and textiles,Egypt,10,"Miami, FL",0.00872055082295749,0.8720550822957489
61,Apparel and textiles,El Salvador,1,"Miami, FL",0.5605514754102462,56.05514754102462
61,Apparel and textiles,El Salvador,2,"Mobile, AL",0.2666140341253659,26.66140341253659
61,Apparel and textiles,El Salvador,3,"Los Angeles, CA",0.04521671700614304,4.521671700614304
61,Apparel and textiles,El Salvador,4,"Wilmington, NC",0.03595167306840452,3.595167306840452
61,Apparel and textiles,El Salvador,5,"Tampa, FL",0.02450319096184909,2.4503190961849093
61,Apparel and textiles,El Salvador,6,"Houston-Galveston, TX",0.02411007172021393,2.4110071720213933
61,Apparel and textiles,El Salvador,7,"Philadelphia, PA",0.01439487032759146,1.439487032759146
61,Apparel and textiles,El Salvador,8,"Charleston, SC",0.011094753124967017,1.1094753124967016
61,Apparel and textiles,El Salvador,9,"Cleveland, OH",0.009128434395643191,0.9128434395643191
61,Apparel and textiles,El Salvador,10,"New York City, NY",0.008434779859575576,0.8434779859575575
61,Apparel and textiles,Ethiopia,1,"Savannah, GA",0.4565547267307222,45.655472673072225
61,Apparel and textiles,Ethiopia,2,"Charleston, SC",0.32976590225299174,32.97659022529918
61,Apparel and textiles,Ethiopia,3,"New York City, NY",0.09758690253338359,9.75869025333836
61,Apparel and textiles,Ethiopia,4,"Chicago, IL",0.049712626023348486,4.971262602334849
61,Apparel and textiles,Ethiopia,5,"Los Angeles, CA",0.03362626423322149,3.3626264233221486
61,Apparel and textiles,Ethiopia,6,"Houston-Galveston, TX",0.01220538910082712,1.220538910082712
61,Apparel and textiles,Ethiopia,7,"Philadelphia, PA",0.006749576746468503,0.6749576746468503
61,Apparel and textiles,Ethiopia,8,"Seattle, WA",0.006355610681182357,0.6355610681182358
61,Apparel and textiles,Ethiopia,9,"Norfolk, VA",0.003774217078132183,0.37742170781321827
61,Apparel and textiles,Ethiopia,10,"San Francisco, CA",0.003668784619722334,0.3668784619722334
61,Apparel and textiles,Guatemala,1,"Miami, FL",0.5058220563243634,50.58220563243634
61,Apparel and textiles,Guatemala,2,"Los Angeles, CA",0.13073896035072843,13.073896035072844
61,Apparel and textiles,Guatemala,3,"Houston-Galveston, TX",0.07596346932258746,7.596346932258746
61,Apparel and textiles,Guatemala,4,"Wilmington, NC",0.0728172478716352,7.28172478716352
61,Apparel and textiles,Guatemala,5,"Norfolk, VA",0.056995158036784614,5.6995158036784614
61,Apparel and textiles,Guatemala,6,"Tampa, FL",0.05335588617533527,5.335588617533527
61,Apparel and textiles,Guatemala,7,"Mobile, AL",0.04622309972133894,4.622309972133894
61,Apparel and textiles,Guatemala,8,"Philadelphia, PA",0.031451652884117734,3.1451652884117736
61,Apparel and textiles,Guatemala,9,"Cleveland, OH",0.016283039294245166,1.6283039294245165
61,Apparel and textiles,Guatemala,10,"Savannah, GA",0.010349430018863804,1.0349430018863803
61,Apparel and textiles,Honduras,1,"Miami, FL",0.42483077308204165,42.483077308204166
61,Apparel and textiles,Honduras,2,"Wilmington, NC",0.18374836888492765,18.374836888492766
61,Apparel and textiles,Honduras,3,"Tampa, FL",0.13892355675357101,13.892355675357102
61,Apparel and textiles,Honduras,4,"Mobile, AL",0.10991845090746351,10.99184509074635
61,Apparel and textiles,Honduras,5,"Houston-Galveston, TX",0.07831432264921287,7.831432264921287
61,Apparel and textiles,Honduras,6,"Charleston, SC",0.029770264936777636,2.9770264936777635
61,Apparel and textiles,Honduras,7,"Los Angeles, CA",0.01946312674953258,1.946312674953258
61,Apparel and textiles,Honduras,8,"Philadelphia, PA",0.00905923624147028,0.905923624147028
61,Apparel and textiles,Honduras,9,"Norfolk, VA",0.0030304298586740944,0.3030429858674094
61,Apparel and textiles,Honduras,10,"New York City, NY",0.0029414699363286404,0.29414699363286406
61,Apparel and textiles,India,1,"New York City, NY",0.3843726559614599,38.43726559614599
61,Apparel and textiles,India,2,"Savannah, GA",0.2281673180322953,22.81673180322953
61,Apparel and textiles,India,3,"Los Angeles, CA",0.11411228963932747,11.411228963932746
61,Apparel and textiles,India,4,"Charleston, SC",0.07505340801933671,7.505340801933672
61,Apparel and textiles,India,5,"Cleveland, OH",0.06694424396072697,6.694424396072697
61,Apparel and textiles,India,6,"Norfolk, VA",0.057319070799815484,5.731907079981548
61,Apparel and textiles,India,7,"Chicago, IL",0.026819760544623775,2.6819760544623774
61,Apparel and textiles,India,8,"Seattle, WA",0.019157051361452397,1.9157051361452397
61,Apparel and textiles,India,9,"Houston-Galveston, TX",0.015606206195012795,1.5606206195012795
61,Apparel and textiles,India,10,"New Orleans, LA",0.012447995485949064,1.2447995485949064
61,Apparel and textiles,Indonesia,1,"Los Angeles, CA",0.5143334491621945,51.43334491621945
61,Apparel and textiles,Indonesia,2,"New York City, NY",0.1629284402360803,16.29284402360803
61,Apparel and textiles,Indonesia,3,"Seattle, WA",0.09400949282048322,9.400949282048323
61,Apparel and textiles,Indonesia,4,"Savannah, GA",0.08373993198774791,8.37399319877479
61,Apparel and textiles,Indonesia,5,"Cleveland, OH",0.04842730774005622,4.842730774005622
61,Apparel and textiles,Indonesia,6,"Chicago, IL",0.029897045489723228,2.989704548972323
61,Apparel and textiles,Indonesia,7,"Norfolk, VA",0.029707508069375197,2.9707508069375197
61,Apparel and textiles,Indonesia,8,"Charleston, SC",0.018259024828713468,1.8259024828713468
61,Apparel and textiles,Indonesia,9,"Houston-Galveston, TX",0.011007626432375529,1.1007626432375528
61,Apparel and textiles,Indonesia,10,"New Orleans, LA",0.00769017323325037,0.769017323325037
61,Apparel and textiles,Italy,1,"New York City, NY",0.6670385497370621,66.70385497370621
61,Apparel and textiles,Italy,2,"New Orleans, LA",0.09676757242689144,9.676757242689144
61,Apparel and textiles,Italy,3,"Cleveland, OH",0.08270563337880303,8.270563337880303
61,Apparel and textiles,Italy,4,"Los Angeles, CA",0.0772761928762261,7.72761928762261
61,Apparel and textiles,Italy,5,"Miami, FL",0.023001895390327116,2.3001895390327114
61,Apparel and textiles,Italy,6,"Savannah, GA",0.018234801508338498,1.8234801508338498
61,Apparel and textiles,Italy,7,"Philadelphia, PA",0.01295597699048093,1.2955976990480929
61,Apparel and textiles,Italy,8,"Dallas-Fort Worth, TX",0.009783565912635133,0.9783565912635134
61,Apparel and textiles,Italy,9,"Chicago, IL",0.007418708217206583,0.7418708217206583
61,Apparel and textiles,Italy,10,"Wilmington, NC",0.004817103562028925,0.4817103562028925
61,Apparel and textiles,Jordan,1,"New York City, NY",0.39635851303681413,39.63585130368141
61,Apparel and textiles,Jordan,2,"Savannah, GA",0.3432888055895079,34.32888055895079
61,Apparel and textiles,Jordan,3,"Charleston, SC",0.06710048232162714,6.710048232162714
61,Apparel and textiles,Jordan,4,"Los Angeles, CA",0.06540981159941099,6.540981159941099
61,Apparel and textiles,Jordan,5,"Norfolk, VA",0.04323947485364015,4.323947485364015
61,Apparel and textiles,Jordan,6,"Houston-Galveston, TX",0.03217458319083964,3.2174583190839643
61,Apparel and textiles,Jordan,7,"Chicago, IL",0.02112396909970744,2.112396909970744
61,Apparel and textiles,Jordan,8,"New Orleans, LA",0.016414492961300514,1.6414492961300513
61,Apparel and textiles,Jordan,9,"Cleveland, OH",0.008210093407741698,0.8210093407741698
61,Apparel and textiles,Jordan,10,"Baltimore, MD",0.0066797739394103385,0.6679773939410338
61,Apparel and textiles,Kenya,1,"Savannah, GA",0.30397533894750933,30.397533894750932
61,Apparel and textiles,Kenya,2,"New York City, NY",0.29602120253209036,29.602120253209037
61,Apparel and textiles,Kenya,3,"Charleston, SC",0.19447696652595797,19.4476966525958
61,Apparel and textiles,Kenya,4,"Houston-Galveston, TX",0.08058069966707242,8.058069966707242
61,Apparel and textiles,Kenya,5,"Los Angeles, CA",0.05185567452183419,5.185567452183419
61,Apparel and textiles,Kenya,6,"Chicago, IL",0.02386488881281789,2.386488881281789
61,Apparel and textiles,Kenya,7,"Seattle, WA",0.019597190577402338,1.959719057740234
61,Apparel and textiles,Kenya,8,"Cleveland, OH",0.012913216190629693,1.2913216190629693
61,Apparel and textiles,Kenya,9,"Philadelphia, PA",0.008981937966618793,0.8981937966618793
61,Apparel and textiles,Kenya,10,"Norfolk, VA",0.007732884258067062,0.7732884258067062
61,Apparel and textiles,"Korea, South",1,"Los Angeles, CA",0.405926232272204,40.5926232272204
61,Apparel and textiles,"Korea, South",2,"Cleveland, OH",0.1588885089974031,15.888850899740309
61,Apparel and textiles,"Korea, South",3,"New York City, NY",0.14888881548131178,14.888881548131177
61,Apparel and textiles,"Korea, South",4,"Savannah, GA",0.08496351605864506,8.496351605864506
61,Apparel and textiles,"Korea, South",5,"Columbia-Snake, OR",0.05178073397036149,5.178073397036149
61,Apparel and textiles,"Korea, South",6,"Charleston, SC",0.04612178953561125,4.612178953561125
61,Apparel and textiles,"Korea, South",7,"New Orleans, LA",0.028587890247855564,2.8587890247855565
61,Apparel and textiles,"Korea, South",8,"Chicago, IL",0.027526814160307438,2.7526814160307436
61,Apparel and textiles,"Korea, South",9,"Norfolk, VA",0.02545903337475108,2.545903337475108
61,Apparel and textiles,"Korea, South",10,"Seattle, WA",0.021856665901549242,2.1856665901549244
61,Apparel and textiles,Malaysia,1,"Los Angeles, CA",0.5465216383049607,54.65216383049607
61,Apparel and textiles,Malaysia,2,"Savannah, GA",0.18012457786985764,18.012457786985763
61,Apparel and textiles,Malaysia,3,"New York City, NY",0.1209667788956285,12.09667788956285
61,Apparel and textiles,Malaysia,4,"New Orleans, LA",0.06839299768885568,6.839299768885568
61,Apparel and textiles,Malaysia,5,"Norfolk, VA",0.029572221187053743,2.957222118705374
61,Apparel and textiles,Malaysia,6,"Chicago, IL",0.02147171252059353,2.147171252059353
61,Apparel and textiles,Malaysia,7,"Cleveland, OH",0.01218555248106593,1.218555248106593
61,Apparel and textiles,Malaysia,8,"Charleston, SC",0.007446572992802379,0.7446572992802378
61,Apparel and textiles,Malaysia,9,"Buffalo, NY",0.0067035328353713935,0.6703532835371393
61,Apparel and textiles,Malaysia,10,"Houston-Galveston, TX",0.0066144152238104695,0.6614415223810469
61,Apparel and textiles,Mexico,1,"Laredo, TX",0.6519781403865158,65.19781403865159
61,Apparel and textiles,Mexico,2,"San Diego, CA",0.2182222041350394,21.82222041350394
61,Apparel and textiles,Mexico,3,"Tampa, FL",0.049614015502789745,4.961401550278975
61,Apparel and textiles,Mexico,4,"Nogales, AZ",0.03364965890362908,3.364965890362908
61,Apparel and textiles,Mexico,5,"Miami, FL",0.01957347498933201,1.957347498933201
61,Apparel and textiles,Mexico,6,"El Paso, TX",0.017083874037960894,1.7083874037960893
61,Apparel and textiles,Mexico,7,"Ogdensburg, NY",0.0035315137249165925,0.35315137249165923
61,Apparel and textiles,Mexico,8,"Buffalo, NY",0.002828612311664376,0.2828612311664376
61,Apparel and textiles,Mexico,9,"Cleveland, OH",0.0020477211808411474,0.20477211808411475
61,Apparel and textiles,Mexico,10,"New Orleans, LA",0.001470784827311006,0.1470784827311006
61,Apparel and textiles,Morocco,1,"New York City, NY",0.486369149261726,48.6369149261726
61,Apparel and textiles,Morocco,2,"Los Angeles, CA",0.2034634835313604,20.34634835313604
61,Apparel and textiles,Morocco,3,"Miami, FL",0.11656601859106976,11.656601859106976
61,Apparel and textiles,Morocco,4,"Chicago, IL",0.04609816985464007,4.609816985464007
61,Apparel and textiles,Morocco,5,"Savannah, GA",0.03591998147944445,3.5919981479444454
61,Apparel and textiles,Morocco,6,"Philadelphia, PA",0.02791785809198468,2.791785809198468
61,Apparel and textiles,Morocco,7,"Houston-Galveston, TX",0.02503496716028797,2.503496716028797
61,Apparel and textiles,Morocco,8,"Washington, DC",0.02319964122513696,2.319964122513696
61,Apparel and textiles,Morocco,9,"Dallas-Fort Worth, TX",0.01863497362022436,1.863497362022436
61,Apparel and textiles,Morocco,10,"San Francisco, CA",0.01679575718412542,1.6795757184125422
61,Apparel and textiles,Nicaragua,1,"Miami, FL",0.3263430543813918,32.63430543813918
61,Apparel and textiles,Nicaragua,2,"Wilmington, NC",0.28418873884594176,28.418873884594177
61,Apparel and textiles,Nicaragua,3,"Houston-Galveston, TX",0.10532867394237476,10.532867394237476
61,Apparel and textiles,Nicaragua,4,"Los Angeles, CA",0.08375038155656832,8.375038155656831
61,Apparel and textiles,Nicaragua,5,"Mobile, AL",0.0523001014904578,5.23001014904578
61,Apparel and textiles,Nicaragua,6,"Tampa, FL",0.04858080459102736,4.858080459102736
61,Apparel and textiles,Nicaragua,7,"Charleston, SC",0.04626236512230834,4.626236512230833
61,Apparel and textiles,Nicaragua,8,"Philadelphia, PA",0.0333853261705147,3.3385326170514698
61,Apparel and textiles,Nicaragua,9,"Norfolk, VA",0.010985330253977577,1.0985330253977577
61,Apparel and textiles,Nicaragua,10,"Savannah, GA",0.00887522364543758,0.887522364543758
61,Apparel and textiles,Pakistan,1,"New York City, NY",0.291749888753673,29.1749888753673
61,Apparel and textiles,Pakistan,2,"Savannah, GA",0.17626181148530157,17.626181148530158
61,Apparel and textiles,Pakistan,3,"Los Angeles, CA",0.16888999489015086,16.888999489015085
61,Apparel and textiles,Pakistan,4,"Charleston, SC",0.10774952041895791,10.77495204189579
61,Apparel and textiles,Pakistan,5,"Norfolk, VA",0.10398607153984081,10.39860715398408
61,Apparel and textiles,Pakistan,6,"Cleveland, OH",0.04027357241695915,4.027357241695915
61,Apparel and textiles,Pakistan,7,"Miami, FL",0.040037153075648535,4.003715307564853
61,Apparel and textiles,Pakistan,8,"Houston-Galveston, TX",0.03056621174598606,3.056621174598606
61,Apparel and textiles,Pakistan,9,"New Orleans, LA",0.023867659516544654,2.3867659516544655
61,Apparel and textiles,Pakistan,10,"Chicago, IL",0.016618116156937375,1.6618116156937375
61,Apparel and textiles,Peru,1,"Miami, FL",0.3775504936993043,37.75504936993043
61,Apparel and textiles,Peru,2,"New York City, NY",0.27148089642110723,27.148089642110723
61,Apparel and textiles,Peru,3,"Los Angeles, CA",0.0838918054323942,8.389180543239421
61,Apparel and textiles,Peru,4,"Dallas-Fort Worth, TX",0.055872020745195684,5.587202074519569
61,Apparel and textiles,Peru,5,"Chicago, IL",0.0526874749327806,5.2687474932780605
61,Apparel and textiles,Peru,6,"Charleston, SC",0.04508607583440431,4.5086075834404316
61,Apparel and textiles,Peru,7,"Savannah, GA",0.03829632404301312,3.829632404301312
61,Apparel and textiles,Peru,8,"Seattle, WA",0.03140149476521765,3.140149476521765
61,Apparel and textiles,Peru,9,"Cleveland, OH",0.02198591935262125,2.198591935262125
61,Apparel and textiles,Peru,10,"Wilmington, NC",0.021747494773961616,2.1747494773961615
61,Apparel and textiles,Philippines,1,"Los Angeles, CA",0.45143329714038144,45.143329714038146
61,Apparel and textiles,Philippines,2,"New York City, NY",0.17601443922200316,17.601443922200318
61,Apparel and textiles,Philippines,3,"Cleveland, OH",0.17126088493992242,17.126088493992242
61,Apparel and textiles,Philippines,4,"Chicago, IL",0.08134054771751523,8.134054771751522
61,Apparel and textiles,Philippines,5,"Savannah, GA",0.05046477286261657,5.046477286261657
61,Apparel and textiles,Philippines,6,"Wilmington, NC",0.019733484731772985,1.9733484731772986
61,Apparel and textiles,Philippines,7,"Seattle, WA",0.014829419140244172,1.482941914024417
61,Apparel and textiles,Philippines,8,"San Francisco, CA",0.014117678878672513,1.4117678878672513
61,Apparel and textiles,Philippines,9,"Norfolk, VA",0.010425320318046433,1.0425320318046434
61,Apparel and textiles,Philippines,10,"Charleston, SC",0.010380155048825064,1.0380155048825064
61,Apparel and textiles,Portugal,1,"New York City, NY",0.5921833252560511,59.21833252560511
61,Apparel and textiles,Portugal,2,"Los Angeles, CA",0.11507908646663137,11.507908646663138
61,Apparel and textiles,Portugal,3,"Cleveland, OH",0.06377386875822284,6.3773868758222845
61,Apparel and textiles,Portugal,4,"Savannah, GA",0.05640137415970101,5.6401374159701
61,Apparel and textiles,Portugal,5,"Chicago, IL",0.05248983420565574,5.248983420565574
61,Apparel and textiles,Portugal,6,"Charleston, SC",0.033964591897791586,3.3964591897791587
61,Apparel and textiles,Portugal,7,"New Orleans, LA",0.03258931578190599,3.258931578190599
61,Apparel and textiles,Portugal,8,"Philadelphia, PA",0.024585960932696254,2.4585960932696254
61,Apparel and textiles,Portugal,9,"Miami, FL",0.01815799308757569,1.815799308757569
61,Apparel and textiles,Portugal,10,"San Francisco, CA",0.010774649453768454,1.0774649453768455
61,Apparel and textiles,Sri Lanka,1,"Cleveland, OH",0.22792430413927475,22.792430413927477
61,Apparel and textiles,Sri Lanka,2,"New York City, NY",0.192989034222064,19.2989034222064
61,Apparel and textiles,Sri Lanka,3,"Los Angeles, CA",0.17707098613517072,17.707098613517072
61,Apparel and textiles,Sri Lanka,4,"Savannah, GA",0.13929874430390485,13.929874430390484
61,Apparel and textiles,Sri Lanka,5,"Charleston, SC",0.06468637147261727,6.4686371472617274
61,Apparel and textiles,Sri Lanka,6,"New Orleans, LA",0.0600237976682138,6.00237976682138
61,Apparel and textiles,Sri Lanka,7,"Seattle, WA",0.04719298601392024,4.7192986013920235
61,Apparel and textiles,Sri Lanka,8,"Chicago, IL",0.04136217180090388,4.136217180090388
61,Apparel and textiles,Sri Lanka,9,"San Francisco, CA",0.03468317400071965,3.468317400071965
61,Apparel and textiles,Sri Lanka,10,"Norfolk, VA",0.014768430243210869,1.4768430243210868
61,Apparel and textiles,Thailand,1,"Los Angeles, CA",0.6388786784772778,63.887867847727776
61,Apparel and textiles,Thailand,2,"Savannah, GA",0.0723572526420914,7.23572526420914
61,Apparel and textiles,Thailand,3,"New York City, NY",0.062196270415708105,6.219627041570811
61,Apparel and textiles,Thailand,4,"Seattle, WA",0.060654696548688165,6.065469654868816
61,Apparel and textiles,Thailand,5,"Chicago, IL",0.05505706036099015,5.505706036099015
61,Apparel and textiles,Thailand,6,"Norfolk, VA",0.027023901166530057,2.7023901166530058
61,Apparel and textiles,Thailand,7,"San Francisco, CA",0.02533590952542396,2.5335909525423963
61,Apparel and textiles,Thailand,8,"Charleston, SC",0.02532395484152926,2.532395484152926
61,Apparel and textiles,Thailand,9,"Cleveland, OH",0.022999160954159235,2.2999160954159237
61,Apparel and textiles,Thailand,10,"Dallas-Fort Worth, TX",0.010173115067601924,1.0173115067601923
61,Apparel and textiles,Turkey,1,"New York City, NY",0.49493579418113537,49.493579418113534
61,Apparel and textiles,Turkey,2,"Los Angeles, CA",0.11238090021241022,11.238090021241023
61,Apparel and textiles,Turkey,3,"Savannah, GA",0.1108521144187705,11.08521144187705
61,Apparel and textiles,Turkey,4,"Cleveland, OH",0.0830789701796325,8.307897017963251
61,Apparel and textiles,Turkey,5,"Chicago, IL",0.08197316920774567,8.197316920774567
61,Apparel and textiles,Turkey,6,"Miami, FL",0.0372184977260727,3.72184977260727
61,Apparel and textiles,Turkey,7,"Houston-Galveston, TX",0.025233519292557686,2.5233519292557687
61,Apparel and textiles,Turkey,8,"Philadelphia, PA",0.018216762480034978,1.8216762480034978
61,Apparel and textiles,Turkey,9,"New Orleans, LA",0.01806641824330025,1.8066418243300248
61,Apparel and textiles,Turkey,10,"Charleston, SC",0.018043854058340088,1.8043854058340087
61,Apparel and textiles,Vietnam,1,"Los Angeles, CA",0.5308851200754715,53.08851200754715
61,Apparel and textiles,Vietnam,2,"New York City, NY",0.11454468845145581,11.45446884514558
61,Apparel and textiles,Vietnam,3,"Seattle, WA",0.09732000513158955,9.732000513158955
61,Apparel and textiles,Vietnam,4,"Savannah, GA",0.08435336450345605,8.435336450345606
61,Apparel and textiles,Vietnam,5,"Cleveland, OH",0.06993905154450455,6.993905154450456
61,Apparel and textiles,Vietnam,6,"Chicago, IL",0.03513921828692458,3.513921828692458
61,Apparel and textiles,Vietnam,7,"Norfolk, VA",0.024611405042862192,2.4611405042862193
61,Apparel and textiles,Vietnam,8,"Charleston, SC",0.02231857017482662,2.231857017482662
61,Apparel and textiles,Vietnam,9,"New Orleans, LA",0.012067854120610495,1.2067854120610495
61,Apparel and textiles,Vietnam,10,"San Francisco, CA",0.008820722668298484,0.8820722668298484
63,Apparel and textiles,Bahrain,1,"Savannah, GA",0.7467692677844973,74.67692677844973
63,Apparel and textiles,Bahrain,2,"New York City, NY",0.18600120920627217,18.600120920627216
63,Apparel and textiles,Bahrain,3,"Chicago, IL",0.024241909511938192,2.424190951193819
63,Apparel and textiles,Bahrain,4,"Norfolk, VA",0.017555872581947886,1.7555872581947887
63,Apparel and textiles,Bahrain,5,"Los Angeles, CA",0.007952885436125575,0.7952885436125575
63,Apparel and textiles,Bahrain,6,"Houston-Galveston, TX",0.004465729973795767,0.4465729973795767
63,Apparel and textiles,Bahrain,7,"Boston, MA",0.003950162151722717,0.3950162151722717
63,Apparel and textiles,Bahrain,8,"Cleveland, OH",0.003742159996694563,0.3742159996694563
63,Apparel and textiles,Bahrain,9,"Philadelphia, PA",0.0031723895343613315,0.3172389534361332
63,Apparel and textiles,Bahrain,10,"Tampa, FL",0.002148413822644376,0.21484138226443758
63,Apparel and textiles,Bangladesh,1,"Los Angeles, CA",0.26524787424305285,26.524787424305284
63,Apparel and textiles,Bangladesh,2,"Savannah, GA",0.18133346762918656,18.133346762918656
63,Apparel and textiles,Bangladesh,3,"New York City, NY",0.1230685930301539,12.30685930301539
63,Apparel and textiles,Bangladesh,4,"Houston-Galveston, TX",0.08428307957751015,8.428307957751015
63,Apparel and textiles,Bangladesh,5,"St. Louis, MO",0.08242418710287948,8.242418710287948
63,Apparel and textiles,Bangladesh,6,"Norfolk, VA",0.059421831799249265,5.9421831799249265
63,Apparel and textiles,Bangladesh,7,"Chicago, IL",0.05767434769997009,5.767434769997009
63,Apparel and textiles,Bangladesh,8,"Charleston, SC",0.05700331311611339,5.700331311611339
63,Apparel and textiles,Bangladesh,9,"Baltimore, MD",0.04711144830674735,4.711144830674735
63,Apparel and textiles,Bangladesh,10,"San Francisco, CA",0.04243185749513704,4.243185749513704
63,Apparel and textiles,Belgium,1,"New York City, NY",0.28652946665382373,28.652946665382373
63,Apparel and textiles,Belgium,2,"New Orleans, LA",0.17274547007306232,17.274547007306232
63,Apparel and textiles,Belgium,3,"Chicago, IL",0.16652882528706633,16.652882528706634
63,Apparel and textiles,Belgium,4,"Philadelphia, PA",0.09391499228158603,9.391499228158603
63,Apparel and textiles,Belgium,5,"Cleveland, OH",0.08604093155122132,8.604093155122133
63,Apparel and textiles,Belgium,6,"Charleston, SC",0.053418048147357226,5.341804814735722
63,Apparel and textiles,Belgium,7,"Savannah, GA",0.050103342725722325,5.010334272572233
63,Apparel and textiles,Belgium,8,"Los Angeles, CA",0.04310496317472656,4.310496317472657
63,Apparel and textiles,Belgium,9,"Boston, MA",0.02512426339841306,2.512426339841306
63,Apparel and textiles,Belgium,10,"Houston-Galveston, TX",0.02248969670702113,2.2489696707021127
63,Apparel and textiles,Cambodia,1,"Los Angeles, CA",0.3106557452233237,31.06557452233237
63,Apparel and textiles,Cambodia,2,"New York City, NY",0.12782462308793377,12.782462308793377
63,Apparel and textiles,Cambodia,3,"Savannah, GA",0.09590060853689572,9.590060853689572
63,Apparel and textiles,Cambodia,4,"Seattle, WA",0.08993252726712353,8.993252726712353
63,Apparel and textiles,Cambodia,5,"Chicago, IL",0.08665655503297447,8.665655503297447
63,Apparel and textiles,Cambodia,6,"Houston-Galveston, TX",0.06977439443154525,6.977439443154525
63,Apparel and textiles,Cambodia,7,"Norfolk, VA",0.06641280532363598,6.641280532363599
63,Apparel and textiles,Cambodia,8,"Charleston, SC",0.06293490764756932,6.293490764756932
63,Apparel and textiles,Cambodia,9,"Dallas-Fort Worth, TX",0.052913334944052724,5.291333494405272
63,Apparel and textiles,Cambodia,10,"Mobile, AL",0.036994498504945496,3.6994498504945494
63,Apparel and textiles,Canada,1,"Detroit, MI",0.3948072937482554,39.48072937482554
63,Apparel and textiles,Canada,2,"Ogdensburg, NY",0.13864261236228884,13.864261236228884
63,Apparel and textiles,Canada,3,"Buffalo, NY",0.13462807908534205,13.462807908534206
63,Apparel and textiles,Canada,4,"Pembina, ND",0.08447495889728868,8.447495889728868
63,Apparel and textiles,Canada,5,"Seattle, WA",0.08419184526244695,8.419184526244695
63,Apparel and textiles,Canada,6,"Laredo, TX",0.08158128254648751,8.158128254648751
63,Apparel and textiles,Canada,7,"Portland, ME",0.035312552428126635,3.5312552428126636
63,Apparel and textiles,Canada,8,"Great Falls, MT",0.01907837857984195,1.9078378579841948
63,Apparel and textiles,Canada,9,"New Orleans, LA",0.01515513356131549,1.515513356131549
63,Apparel and textiles,Canada,10,"Cleveland, OH",0.012127863528606479,1.212786352860648
63,Apparel and textiles,China,1,"Los Angeles, CA",0.44452895028167433,44.45289502816743
63,Apparel and textiles,China,2,"New York City, NY",0.12000615461695699,12.000615461695698
63,Apparel and textiles,China,3,"Savannah, GA",0.10133098569260313,10.133098569260312
63,Apparel and textiles,China,4,"Seattle, WA",0.06050627428019362,6.050627428019362
63,Apparel and textiles,China,5,"Houston-Galveston, TX",0.05618050711466252,5.618050711466252
63,Apparel and textiles,China,6,"Chicago, IL",0.055624898448953075,5.562489844895308
63,Apparel and textiles,China,7,"Charleston, SC",0.04564492643089445,4.564492643089444
63,Apparel and textiles,China,8,"San Francisco, CA",0.044177667423936626,4.417766742393662
63,Apparel and textiles,China,9,"Norfolk, VA",0.04246249645371255,4.246249645371255
63,Apparel and textiles,China,10,"Cleveland, OH",0.02953713925641275,2.9537139256412748
63,Apparel and textiles,Colombia,1,"Miami, FL",0.3728973905408196,37.28973905408196
63,Apparel and textiles,Colombia,2,"Los Angeles, CA",0.15401092757678037,15.401092757678036
63,Apparel and textiles,Colombia,3,"Houston-Galveston, TX",0.12848904484180618,12.848904484180618
63,Apparel and textiles,Colombia,4,"Savannah, GA",0.0989498782337876,9.894987823378761
63,Apparel and textiles,Colombia,5,"New York City, NY",0.0761020964140007,7.61020964140007
63,Apparel and textiles,Colombia,6,"Philadelphia, PA",0.05984931867734072,5.984931867734072
63,Apparel and textiles,Colombia,7,"Chicago, IL",0.048500221435535146,4.850022143553515
63,Apparel and textiles,Colombia,8,"Charleston, SC",0.028068075447716775,2.8068075447716776
63,Apparel and textiles,Colombia,9,"New Orleans, LA",0.02151641338996154,2.151641338996154
63,Apparel and textiles,Colombia,10,"San Francisco, CA",0.011616633442251393,1.1616633442251394
63,Apparel and textiles,Czech Republic,1,"Charleston, SC",0.6291155797427278,62.91155797427278
63,Apparel and textiles,Czech Republic,2,"Cleveland, OH",0.2536198821589786,25.361988215897863
63,Apparel and textiles,Czech Republic,3,"Savannah, GA",0.032640180280186656,3.2640180280186657
63,Apparel and textiles,Czech Republic,4,"New Orleans, LA",0.020608878357666196,2.0608878357666196
63,Apparel and textiles,Czech Republic,5,"Norfolk, VA",0.017264436956097706,1.7264436956097706
63,Apparel and textiles,Czech Republic,6,"Boston, MA",0.01523012054674531,1.523012054674531
63,Apparel and textiles,Czech Republic,7,"Chicago, IL",0.00976001623277287,0.976001623277287
63,Apparel and textiles,Czech Republic,8,"Ogdensburg, NY",0.00746667258801919,0.7466672588019191
63,Apparel and textiles,Czech Republic,9,"Wilmington, NC",0.007429873701728357,0.7429873701728357
63,Apparel and textiles,Czech Republic,10,"New York City, NY",0.006864359435077255,0.6864359435077255
63,Apparel and textiles,Dominican Republic,1,"Tampa, FL",0.3677993717345024,36.779937173450236
63,Apparel and textiles,Dominican Republic,2,"Miami, FL",0.27596291062378336,27.596291062378338
63,Apparel and textiles,Dominican Republic,3,"El Paso, TX",0.1268497835284894,12.68497835284894
63,Apparel and textiles,Dominican Republic,4,"Laredo, TX",0.09817688398413135,9.817688398413136
63,Apparel and textiles,Dominican Republic,5,"Savannah, GA",0.042750164352816276,4.275016435281628
63,Apparel and textiles,Dominican Republic,6,"San Diego, CA",0.03600932491022634,3.600932491022634
63,Apparel and textiles,Dominican Republic,7,"Chicago, IL",0.02162063868432687,2.162063868432687
63,Apparel and textiles,Dominican Republic,8,"New York City, NY",0.013716414152586651,1.3716414152586651
63,Apparel and textiles,Dominican Republic,9,"Cleveland, OH",0.011587523497920907,1.1587523497920906
63,Apparel and textiles,Dominican Republic,10,"Houston-Galveston, TX",0.005526984531216387,0.5526984531216387
63,Apparel and textiles,France,1,"New York City, NY",0.39694048344343674,39.69404834434368
63,Apparel and textiles,France,2,"New Orleans, LA",0.13201128011304153,13.201128011304153
63,Apparel and textiles,France,3,"Los Angeles, CA",0.10565572515371803,10.565572515371803
63,Apparel and textiles,France,4,"Charleston, SC",0.10286741322541462,10.286741322541463
63,Apparel and textiles,France,5,"Cleveland, OH",0.09797466157039353,9.797466157039352
63,Apparel and textiles,France,6,"Philadelphia, PA",0.05567420743484075,5.567420743484075
63,Apparel and textiles,France,7,"Dallas-Fort Worth, TX",0.03671277278182901,3.671277278182901
63,Apparel and textiles,France,8,"El Paso, TX",0.028725365037054123,2.8725365037054122
63,Apparel and textiles,France,9,"Chicago, IL",0.023664802690172605,2.3664802690172606
63,Apparel and textiles,France,10,"Miami, FL",0.019773288550098994,1.9773288550098993
63,Apparel and textiles,Germany,1,"New York City, NY",0.21438942574475775,21.438942574475774
63,Apparel and textiles,Germany,2,"Chicago, IL",0.1470195508482919,14.70195508482919
63,Apparel and textiles,Germany,3,"Savannah, GA",0.12202867802276687,12.202867802276687
63,Apparel and textiles,Germany,4,"Cleveland, OH",0.10916403770436212,10.916403770436212
63,Apparel and textiles,Germany,5,"Laredo, TX",0.08797976186613016,8.797976186613015
63,Apparel and textiles,Germany,6,"Los Angeles, CA",0.08049340668218181,8.049340668218182
63,Apparel and textiles,Germany,7,"New Orleans, LA",0.06463696726294649,6.463696726294649
63,Apparel and textiles,Germany,8,"Charleston, SC",0.05939708813576489,5.939708813576489
63,Apparel and textiles,Germany,9,"Baltimore, MD",0.05866496652353989,5.866496652353989
63,Apparel and textiles,Germany,10,"Houston-Galveston, TX",0.05622611720925809,5.622611720925809
63,Apparel and textiles,Haiti,1,"Miami, FL",0.9861533132486365,98.61533132486365
63,Apparel and textiles,Haiti,2,"Tampa, FL",0.01085148252698447,1.085148252698447
63,Apparel and textiles,Haiti,3,"Savannah, GA",0.001676528729145761,0.1676528729145761
63,Apparel and textiles,Haiti,4,"Cleveland, OH",0.0005798464514799713,0.05798464514799713
63,Apparel and textiles,Haiti,5,"Chicago, IL",0.0001992408263971077,0.01992408263971077
63,Apparel and textiles,Haiti,6,"Los Angeles, CA",0.00019185656231755232,0.019185656231755232
63,Apparel and textiles,Haiti,7,"El Paso, TX",0.00014674473644552463,0.014674473644552462
63,Apparel and textiles,Haiti,8,"Detroit, MI",0.00013210381917680674,0.013210381917680675
63,Apparel and textiles,Haiti,9,"New Orleans, LA",6.710347261754781e-05,0.006710347261754781
63,Apparel and textiles,Haiti,10,"St. Louis, MO",1.7796267988867873e-06,0.00017796267988867874
63,Apparel and textiles,Honduras,1,"Miami, FL",0.2915815128748809,29.15815128748809
63,Apparel and textiles,Honduras,2,"Mobile, AL",0.2784015691701044,27.84015691701044
63,Apparel and textiles,Honduras,3,"Houston-Galveston, TX",0.15347701909027306,15.347701909027306
63,Apparel and textiles,Honduras,4,"Tampa, FL",0.059891875918924996,5.9891875918925
63,Apparel and textiles,Honduras,5,"Nogales, AZ",0.0497830649724256,4.97830649724256
63,Apparel and textiles,Honduras,6,"Savannah, GA",0.04191812118649281,4.191812118649281
63,Apparel and textiles,Honduras,7,"Philadelphia, PA",0.03681793151938284,3.681793151938284
63,Apparel and textiles,Honduras,8,"Wilmington, NC",0.03335977321304484,3.335977321304484
63,Apparel and textiles,Honduras,9,"Cleveland, OH",0.02810448049003938,2.8104480490039383
63,Apparel and textiles,Honduras,10,"Charleston, SC",0.02666465156443128,2.666465156443128
63,Apparel and textiles,India,1,"New York City, NY",0.258045426515985,25.8045426515985
63,Apparel and textiles,India,2,"Savannah, GA",0.21045347482187143,21.045347482187143
63,Apparel and textiles,India,3,"Norfolk, VA",0.11897716221045433,11.897716221045433
63,Apparel and textiles,India,4,"Charleston, SC",0.10561201670441504,10.561201670441504
63,Apparel and textiles,India,5,"Los Angeles, CA",0.09273208800432532,9.273208800432533
63,Apparel and textiles,India,6,"Houston-Galveston, TX",0.0843234986082654,8.43234986082654
63,Apparel and textiles,India,7,"Cleveland, OH",0.03640022477911496,3.6400224779114962
63,Apparel and textiles,India,8,"Chicago, IL",0.03634529459715409,3.634529459715409
63,Apparel and textiles,India,9,"Seattle, WA",0.031957316453015264,3.1957316453015263
63,Apparel and textiles,India,10,"San Francisco, CA",0.025153497305399165,2.5153497305399166
63,Apparel and textiles,Indonesia,1,"Los Angeles, CA",0.24333428218743514,24.333428218743514
63,Apparel and textiles,Indonesia,2,"Seattle, WA",0.1667282676147905,16.67282676147905
63,Apparel and textiles,Indonesia,3,"Laredo, TX",0.14898598284573988,14.898598284573989
63,Apparel and textiles,Indonesia,4,"Cleveland, OH",0.08719613228857079,8.719613228857078
63,Apparel and textiles,Indonesia,5,"Chicago, IL",0.0714576463236002,7.14576463236002
63,Apparel and textiles,Indonesia,6,"Detroit, MI",0.0711102831566605,7.11102831566605
63,Apparel and textiles,Indonesia,7,"New York City, NY",0.07047903044311524,7.047903044311524
63,Apparel and textiles,Indonesia,8,"Savannah, GA",0.05063627238027782,5.063627238027782
63,Apparel and textiles,Indonesia,9,"Houston-Galveston, TX",0.04626905548664724,4.626905548664724
63,Apparel and textiles,Indonesia,10,"San Francisco, CA",0.043803047273162796,4.38030472731628
63,Apparel and textiles,Italy,1,"New York City, NY",0.5535072741397933,55.35072741397933
63,Apparel and textiles,Italy,2,"Cleveland, OH",0.15463683423149735,15.463683423149735
63,Apparel and textiles,Italy,3,"New Orleans, LA",0.08514707498295113,8.514707498295113
63,Apparel and textiles,Italy,4,"Los Angeles, CA",0.06807687092844034,6.807687092844033
63,Apparel and textiles,Italy,5,"Savannah, GA",0.028847783612273182,2.884778361227318
63,Apparel and textiles,Italy,6,"Miami, FL",0.028485107306863475,2.8485107306863475
63,Apparel and textiles,Italy,7,"Philadelphia, PA",0.024885622586224315,2.4885622586224314
63,Apparel and textiles,Italy,8,"San Francisco, CA",0.023706094853286137,2.3706094853286137
63,Apparel and textiles,Italy,9,"Chicago, IL",0.0187569256544828,1.87569256544828
63,Apparel and textiles,Italy,10,"Dallas-Fort Worth, TX",0.013950411704187995,1.3950411704187995
63,Apparel and textiles,Japan,1,"Los Angeles, CA",0.28895093107971814,28.895093107971814
63,Apparel and textiles,Japan,2,"Cleveland, OH",0.16853452597278232,16.85345259727823
63,Apparel and textiles,Japan,3,"New York City, NY",0.10409781551286457,10.409781551286457
63,Apparel and textiles,Japan,4,"Chicago, IL",0.09065138403370902,9.065138403370902
63,Apparel and textiles,Japan,5,"New Orleans, LA",0.08422708788881283,8.422708788881284
63,Apparel and textiles,Japan,6,"Seattle, WA",0.07629977529613309,7.629977529613309
63,Apparel and textiles,Japan,7,"Savannah, GA",0.07359126591448716,7.359126591448716
63,Apparel and textiles,Japan,8,"Norfolk, VA",0.04391012417788511,4.391012417788511
63,Apparel and textiles,Japan,9,"San Francisco, CA",0.040884537189701545,4.088453718970155
63,Apparel and textiles,Japan,10,"Ogdensburg, NY",0.028852552933906334,2.8852552933906335
63,Apparel and textiles,"Korea, South",1,"Laredo, TX",0.2785612340730099,27.85612340730099
63,Apparel and textiles,"Korea, South",2,"Los Angeles, CA",0.19590557624753446,19.590557624753448
63,Apparel and textiles,"Korea, South",3,"Seattle, WA",0.13128589099684362,13.128589099684362
63,Apparel and textiles,"Korea, South",4,"Great Falls, MT",0.11545332629296363,11.545332629296363
63,Apparel and textiles,"Korea, South",5,"New Orleans, LA",0.08375623573986071,8.375623573986072
63,Apparel and textiles,"Korea, South",6,"New York City, NY",0.058678549040792075,5.867854904079207
63,Apparel and textiles,"Korea, South",7,"Savannah, GA",0.04582901629973079,4.582901629973079
63,Apparel and textiles,"Korea, South",8,"Cleveland, OH",0.03823262231063466,3.823262231063466
63,Apparel and textiles,"Korea, South",9,"Chicago, IL",0.029766465736971684,2.9766465736971686
63,Apparel and textiles,"Korea, South",10,"Mobile, AL",0.022531083261658442,2.253108326165844
63,Apparel and textiles,Lithuania,1,"New York City, NY",0.4375482413742454,43.75482413742454
63,Apparel and textiles,Lithuania,2,"Cleveland, OH",0.15291984620880356,15.291984620880356
63,Apparel and textiles,Lithuania,3,"New Orleans, LA",0.1345250262062097,13.45250262062097
63,Apparel and textiles,Lithuania,4,"Savannah, GA",0.1056416667831225,10.564166678312251
63,Apparel and textiles,Lithuania,5,"Charleston, SC",0.043589447059115605,4.3589447059115605
63,Apparel and textiles,Lithuania,6,"Chicago, IL",0.03433285136785259,3.4332851367852593
63,Apparel and textiles,Lithuania,7,"Los Angeles, CA",0.027006279799388938,2.700627979938894
63,Apparel and textiles,Lithuania,8,"Houston-Galveston, TX",0.026048368654276254,2.6048368654276253
63,Apparel and textiles,Lithuania,9,"San Francisco, CA",0.01949067324118741,1.949067324118741
63,Apparel and textiles,Lithuania,10,"Dallas-Fort Worth, TX",0.01889759930579808,1.8897599305798078
63,Apparel and textiles,Malaysia,1,"Los Angeles, CA",0.3020925309948712,30.20925309948712
63,Apparel and textiles,Malaysia,2,"San Diego, CA",0.23841437604303112,23.841437604303113
63,Apparel and textiles,Malaysia,3,"Chicago, IL",0.16609005441073543,16.609005441073542
63,Apparel and textiles,Malaysia,4,"New York City, NY",0.1329093508607677,13.290935086076768
63,Apparel and textiles,Malaysia,5,"Savannah, GA",0.06182809579575028,6.182809579575028
63,Apparel and textiles,Malaysia,6,"Minneapolis, MN",0.030204544619798906,3.0204544619798908
63,Apparel and textiles,Malaysia,7,"Laredo, TX",0.020614419649059714,2.0614419649059714
63,Apparel and textiles,Malaysia,8,"Houston-Galveston, TX",0.01848838139927581,1.8488381399275808
63,Apparel and textiles,Malaysia,9,"Cleveland, OH",0.016674170480691558,1.6674170480691557
63,Apparel and textiles,Malaysia,10,"Boston, MA",0.012684075746018366,1.2684075746018366
63,Apparel and textiles,Mexico,1,"Laredo, TX",0.3599951518613864,35.999515186138645
63,Apparel and textiles,Mexico,2,"San Diego, CA",0.30015325408019006,30.015325408019006
63,Apparel and textiles,Mexico,3,"El Paso, TX",0.17651125265765263,17.651125265765263
63,Apparel and textiles,Mexico,4,"Nogales, AZ",0.1554163704367941,15.54163704367941
63,Apparel and textiles,Mexico,5,"Cleveland, OH",0.0026883293574425818,0.26883293574425815
63,Apparel and textiles,Mexico,6,"Tampa, FL",0.0022604154654781413,0.22604154654781414
63,Apparel and textiles,Mexico,7,"New Orleans, LA",0.0012947007710156552,0.12947007710156552
63,Apparel and textiles,Mexico,8,"Miami, FL",0.0007963543118395888,0.07963543118395887
63,Apparel and textiles,Mexico,9,"Seattle, WA",0.0005548571462811436,0.055485714628114365
63,Apparel and textiles,Mexico,10,"Dallas-Fort Worth, TX",0.0003293139119196892,0.03293139119196892
63,Apparel and textiles,Moldova,1,"Los Angeles, CA",0.7172049655899428,71.72049655899428
63,Apparel and textiles,Moldova,2,"New Orleans, LA",0.08310959793544427,8.310959793544427
63,Apparel and textiles,Moldova,3,"Chicago, IL",0.04817556665399213,4.817556665399213
63,Apparel and textiles,Moldova,4,"Boston, MA",0.03903535923482974,3.903535923482974
63,Apparel and textiles,Moldova,5,"Charleston, SC",0.03439984106414339,3.439984106414339
63,Apparel and textiles,Moldova,6,"Cleveland, OH",0.033433240990051565,3.3433240990051565
63,Apparel and textiles,Moldova,7,"Detroit, MI",0.020680962794649493,2.068096279464949
63,Apparel and textiles,Moldova,8,"Nogales, AZ",0.012398225657429417,1.2398225657429418
63,Apparel and textiles,Moldova,9,"New York City, NY",0.0077383939268880495,0.773839392688805
63,Apparel and textiles,Moldova,10,"Savannah, GA",0.0038238461526292236,0.38238461526292233
63,Apparel and textiles,Pakistan,1,"New York City, NY",0.24303862421506345,24.303862421506345
63,Apparel and textiles,Pakistan,2,"Savannah, GA",0.18417283145986274,18.417283145986275
63,Apparel and textiles,Pakistan,3,"Norfolk, VA",0.15912300956587477,15.912300956587478
63,Apparel and textiles,Pakistan,4,"Houston-Galveston, TX",0.10140822109527414,10.140822109527415
63,Apparel and textiles,Pakistan,5,"Los Angeles, CA",0.10073523306615999,10.073523306615998
63,Apparel and textiles,Pakistan,6,"Charleston, SC",0.08955741517910476,8.955741517910475
63,Apparel and textiles,Pakistan,7,"Chicago, IL",0.04408365867076321,4.408365867076321
63,Apparel and textiles,Pakistan,8,"Cleveland, OH",0.038468560626430504,3.8468560626430506
63,Apparel and textiles,Pakistan,9,"San Francisco, CA",0.019955456039679468,1.995545603967947
63,Apparel and textiles,Pakistan,10,"Baltimore, MD",0.019456990081786963,1.9456990081786962
63,Apparel and textiles,Peru,1,"Miami, FL",0.4329412152236727,43.29412152236727
63,Apparel and textiles,Peru,2,"New York City, NY",0.1920427970542184,19.20427970542184
63,Apparel and textiles,Peru,3,"Los Angeles, CA",0.10132029025595388,10.132029025595388
63,Apparel and textiles,Peru,4,"Cleveland, OH",0.08770584208779353,8.770584208779352
63,Apparel and textiles,Peru,5,"Chicago, IL",0.04836128852514119,4.836128852514119
63,Apparel and textiles,Peru,6,"Dallas-Fort Worth, TX",0.04410090693148262,4.410090693148263
63,Apparel and textiles,Peru,7,"Great Falls, MT",0.02761731281547379,2.761731281547379
63,Apparel and textiles,Peru,8,"San Francisco, CA",0.027328682485486467,2.732868248548647
63,Apparel and textiles,Peru,9,"Detroit, MI",0.02154545926452892,2.154545926452892
63,Apparel and textiles,Peru,10,"Boston, MA",0.017036205356248547,1.7036205356248546
63,Apparel and textiles,Philippines,1,"Los Angeles, CA",0.24132070123623725,24.132070123623723
63,Apparel and textiles,Philippines,2,"Charleston, SC",0.13644060110585102,13.644060110585102
63,Apparel and textiles,Philippines,3,"Seattle, WA",0.13078299106976077,13.078299106976077
63,Apparel and textiles,Philippines,4,"Houston-Galveston, TX",0.11817011335894442,11.817011335894442
63,Apparel and textiles,Philippines,5,"Boston, MA",0.10376197925479727,10.376197925479728
63,Apparel and textiles,Philippines,6,"New Orleans, LA",0.10071912938614506,10.071912938614506
63,Apparel and textiles,Philippines,7,"Cleveland, OH",0.057670422557579065,5.767042255757906
63,Apparel and textiles,Philippines,8,"New York City, NY",0.044758732512363356,4.475873251236336
63,Apparel and textiles,Philippines,9,"Great Falls, MT",0.03416438718964658,3.416438718964658
63,Apparel and textiles,Philippines,10,"Dallas-Fort Worth, TX",0.032210942328675114,3.2210942328675114
63,Apparel and textiles,Portugal,1,"New York City, NY",0.5892324306461084,58.923243064610844
63,Apparel and textiles,Portugal,2,"Cleveland, OH",0.06926103040136557,6.926103040136557
63,Apparel and textiles,Portugal,3,"Portland, ME",0.06822926734317673,6.822926734317673
63,Apparel and textiles,Portugal,4,"San Francisco, CA",0.05759542586808212,5.7595425868082115
63,Apparel and textiles,Portugal,5,"Los Angeles, CA",0.04336080624141808,4.336080624141808
63,Apparel and textiles,Portugal,6,"Norfolk, VA",0.04065998827957961,4.065998827957961
63,Apparel and textiles,Portugal,7,"Savannah, GA",0.039854234829897216,3.9854234829897215
63,Apparel and textiles,Portugal,8,"Chicago, IL",0.037341189213432026,3.7341189213432027
63,Apparel and textiles,Portugal,9,"Houston-Galveston, TX",0.03359160386661988,3.359160386661988
63,Apparel and textiles,Portugal,10,"Charleston, SC",0.02087402331032047,2.087402331032047
63,Apparel and textiles,Sri Lanka,1,"New York City, NY",0.42364580324115664,42.364580324115664
63,Apparel and textiles,Sri Lanka,2,"New Orleans, LA",0.16820715434493777,16.820715434493778
63,Apparel and textiles,Sri Lanka,3,"Los Angeles, CA",0.13631681343112662,13.631681343112662
63,Apparel and textiles,Sri Lanka,4,"Seattle, WA",0.08933444222040374,8.933444222040373
63,Apparel and textiles,Sri Lanka,5,"Cleveland, OH",0.07584135305278965,7.584135305278965
63,Apparel and textiles,Sri Lanka,6,"San Francisco, CA",0.029551302004097873,2.9551302004097875
63,Apparel and textiles,Sri Lanka,7,"Savannah, GA",0.020638281003276526,2.063828100327653
63,Apparel and textiles,Sri Lanka,8,"Charleston, SC",0.019946572812692867,1.9946572812692867
63,Apparel and textiles,Sri Lanka,9,"Great Falls, MT",0.019427617181618822,1.9427617181618821
63,Apparel and textiles,Sri Lanka,10,"Philadelphia, PA",0.017090660707899448,1.7090660707899448
63,Apparel and textiles,Taiwan,1,"Los Angeles, CA",0.3172107281813703,31.72107281813703
63,Apparel and textiles,Taiwan,2,"Savannah, GA",0.2251376527456351,22.51376527456351
63,Apparel and textiles,Taiwan,3,"Seattle, WA",0.09574102095150262,9.574102095150263
63,Apparel and textiles,Taiwan,4,"New York City, NY",0.06389645251312942,6.389645251312942
63,Apparel and textiles,Taiwan,5,"Laredo, TX",0.05994634245121626,5.994634245121626
63,Apparel and textiles,Taiwan,6,"Great Falls, MT",0.05706393316290177,5.706393316290177
63,Apparel and textiles,Taiwan,7,"San Diego, CA",0.05285194287530321,5.285194287530321
63,Apparel and textiles,Taiwan,8,"Chicago, IL",0.043802465675330936,4.380246567533094
63,Apparel and textiles,Taiwan,9,"San Francisco, CA",0.04228304096797756,4.228304096797756
63,Apparel and textiles,Taiwan,10,"New Orleans, LA",0.04206642047563293,4.206642047563293
63,Apparel and textiles,Thailand,1,"Los Angeles, CA",0.2031240095915761,20.31240095915761
63,Apparel and textiles,Thailand,2,"San Francisco, CA",0.1724819856579595,17.24819856579595
63,Apparel and textiles,Thailand,3,"St. Louis, MO",0.1416930433277841,14.16930433277841
63,Apparel and textiles,Thailand,4,"Laredo, TX",0.09186668297448418,9.186668297448417
63,Apparel and textiles,Thailand,5,"Chicago, IL",0.08588100242554383,8.588100242554383
63,Apparel and textiles,Thailand,6,"New York City, NY",0.08497047368974331,8.49704736897433
63,Apparel and textiles,Thailand,7,"Savannah, GA",0.07348130024626093,7.3481300246260925
63,Apparel and textiles,Thailand,8,"Cleveland, OH",0.06958785381005145,6.9587853810051445
63,Apparel and textiles,Thailand,9,"New Orleans, LA",0.0393949636253779,3.93949636253779
63,Apparel and textiles,Thailand,10,"San Diego, CA",0.03751868465121875,3.7518684651218748
63,Apparel and textiles,Turkey,1,"New York City, NY",0.5492263442513086,54.92263442513086
63,Apparel and textiles,Turkey,2,"Cleveland, OH",0.09534096615542521,9.534096615542522
63,Apparel and textiles,Turkey,3,"Savannah, GA",0.07576595691317228,7.5765956913172285
63,Apparel and textiles,Turkey,4,"Norfolk, VA",0.061435985076118325,6.1435985076118325
63,Apparel and textiles,Turkey,5,"Los Angeles, CA",0.05205601027970069,5.2056010279700695
63,Apparel and textiles,Turkey,6,"Chicago, IL",0.04369210041842406,4.369210041842406
63,Apparel and textiles,Turkey,7,"Miami, FL",0.042873222862468634,4.287322286246863
63,Apparel and textiles,Turkey,8,"Charleston, SC",0.038828589814492595,3.8828589814492593
63,Apparel and textiles,Turkey,9,"Houston-Galveston, TX",0.02215951483080682,2.215951483080682
63,Apparel and textiles,Turkey,10,"Boston, MA",0.018621309398082785,1.8621309398082784
63,Apparel and textiles,Ukraine,1,"Charleston, SC",0.8389244857118039,83.8924485711804
63,Apparel and textiles,Ukraine,2,"Miami, FL",0.070253117017961,7.0253117017961
63,Apparel and textiles,Ukraine,3,"New York City, NY",0.02270263677488404,2.270263677488404
63,Apparel and textiles,Ukraine,4,"Portland, ME",0.02249518793490828,2.249518793490828
63,Apparel and textiles,Ukraine,5,"Savannah, GA",0.015027700194055083,1.5027700194055083
63,Apparel and textiles,Ukraine,6,"Los Angeles, CA",0.012536862007043955,1.2536862007043954
63,Apparel and textiles,Ukraine,7,"Chicago, IL",0.005229797687182345,0.5229797687182345
63,Apparel and textiles,Ukraine,8,"Boston, MA",0.0043738352379495875,0.43738352379495876
63,Apparel and textiles,Ukraine,9,"Houston-Galveston, TX",0.004268654580610899,0.4268654580610899
63,Apparel and textiles,Ukraine,10,"Cleveland, OH",0.004187722853601035,0.41877228536010347
63,Apparel and textiles,United Arab Emirates,1,"Houston-Galveston, TX",0.36644082701279046,36.644082701279046
63,Apparel and textiles,United Arab Emirates,2,"New York City, NY",0.3355367470739431,33.55367470739431
63,Apparel and textiles,United Arab Emirates,3,"Los Angeles, CA",0.10403117319377589,10.40311731937759
63,Apparel and textiles,United Arab Emirates,4,"Cleveland, OH",0.06374639307360835,6.374639307360836
63,Apparel and textiles,United Arab Emirates,5,"Seattle, WA",0.024693562306772786,2.4693562306772785
63,Apparel and textiles,United Arab Emirates,6,"New Orleans, LA",0.024293507094694133,2.4293507094694133
63,Apparel and textiles,United Arab Emirates,7,"San Francisco, CA",0.023205650168384596,2.3205650168384597
63,Apparel and textiles,United Arab Emirates,8,"Savannah, GA",0.02284836749303129,2.284836749303129
63,Apparel and textiles,United Arab Emirates,9,"Washington, DC",0.021241952395785302,2.12419523957853
63,Apparel and textiles,United Arab Emirates,10,"Charleston, SC",0.013961820187214074,1.3961820187214073
63,Apparel and textiles,United Kingdom,1,"New York City, NY",0.43615159705908085,43.615159705908084
63,Apparel and textiles,United Kingdom,2,"Cleveland, OH",0.12010762848169763,12.010762848169763
63,Apparel and textiles,United Kingdom,3,"Savannah, GA",0.11796839829446278,11.796839829446277
63,Apparel and textiles,United Kingdom,4,"Los Angeles, CA",0.08241504975243326,8.241504975243325
63,Apparel and textiles,United Kingdom,5,"New Orleans, LA",0.08151253935912679,8.15125393591268
63,Apparel and textiles,United Kingdom,6,"Chicago, IL",0.038224515489583936,3.8224515489583935
63,Apparel and textiles,United Kingdom,7,"Philadelphia, PA",0.03799834621612752,3.799834621612752
63,Apparel and textiles,United Kingdom,8,"Dallas-Fort Worth, TX",0.030713516952752786,3.0713516952752786
63,Apparel and textiles,United Kingdom,9,"San Francisco, CA",0.02823988503761699,2.823988503761699
63,Apparel and textiles,United Kingdom,10,"Wilmington, NC",0.02666852335711743,2.666852335711743
63,Apparel and textiles,Vietnam,1,"Los Angeles, CA",0.41395159240422225,41.395159240422224
63,Apparel and textiles,Vietnam,2,"San Francisco, CA",0.08350224860893195,8.350224860893194
63,Apparel and textiles,Vietnam,3,"Chicago, IL",0.08051836974960554,8.051836974960553
63,Apparel and textiles,Vietnam,4,"Seattle, WA",0.07802235839111506,7.802235839111506
63,Apparel and textiles,Vietnam,5,"New York City, NY",0.06982948235927222,6.982948235927222
63,Apparel and textiles,Vietnam,6,"Savannah, GA",0.06603697348307291,6.603697348307291
63,Apparel and textiles,Vietnam,7,"Houston-Galveston, TX",0.06195838699039753,6.195838699039753
63,Apparel and textiles,Vietnam,8,"Norfolk, VA",0.06148062131616885,6.148062131616885
63,Apparel and textiles,Vietnam,9,"Charleston, SC",0.04335046437786471,4.335046437786471
63,Apparel and textiles,Vietnam,10,"Cleveland, OH",0.041349502319348926,4.1349502319348925
64,Footwear,Bangladesh,1,"Los Angeles, CA",0.37294370923693065,37.294370923693066
64,Footwear,Bangladesh,2,"Norfolk, VA",0.20492597998399528,20.49259799839953
64,Footwear,Bangladesh,3,"Savannah, GA",0.0825566726950679,8.255667269506791
64,Footwear,Bangladesh,4,"New York City, NY",0.07401872383872428,7.401872383872428
64,Footwear,Bangladesh,5,"San Francisco, CA",0.061018417309753645,6.101841730975364
64,Footwear,Bangladesh,6,"Cleveland, OH",0.05172206960549228,5.172206960549228
64,Footwear,Bangladesh,7,"Dallas-Fort Worth, TX",0.05030978870224732,5.030978870224732
64,Footwear,Bangladesh,8,"Houston-Galveston, TX",0.04822971280271406,4.822971280271406
64,Footwear,Bangladesh,9,"Detroit, MI",0.029618022670792225,2.9618022670792223
64,Footwear,Bangladesh,10,"New Orleans, LA",0.024656903154282397,2.4656903154282395
64,Footwear,Brazil,1,"New York City, NY",0.4654791411472887,46.54791411472887
64,Footwear,Brazil,2,"Houston-Galveston, TX",0.10897277405246003,10.897277405246003
64,Footwear,Brazil,3,"Los Angeles, CA",0.10292571614892157,10.292571614892157
64,Footwear,Brazil,4,"Miami, FL",0.0813557316429332,8.13557316429332
64,Footwear,Brazil,5,"Charleston, SC",0.06388258828243401,6.388258828243401
64,Footwear,Brazil,6,"Philadelphia, PA",0.05265824936373863,5.265824936373862
64,Footwear,Brazil,7,"Tampa, FL",0.05131458539698798,5.131458539698798
64,Footwear,Brazil,8,"Cleveland, OH",0.029343500866682918,2.934350086668292
64,Footwear,Brazil,9,"Chicago, IL",0.02341347608955825,2.3413476089558247
64,Footwear,Brazil,10,"Savannah, GA",0.02065423700899478,2.065423700899478
64,Footwear,Burma,1,"Boston, MA",0.28279668515769274,28.279668515769274
64,Footwear,Burma,2,"New York City, NY",0.22613211191388916,22.613211191388917
64,Footwear,Burma,3,"Los Angeles, CA",0.1609754384113133,16.09754384113133
64,Footwear,Burma,4,"Charleston, SC",0.13254756857748742,13.254756857748742
64,Footwear,Burma,5,"Savannah, GA",0.08143791444973228,8.143791444973228
64,Footwear,Burma,6,"Chicago, IL",0.02891571360169498,2.891571360169498
64,Footwear,Burma,7,"Detroit, MI",0.028724224682253562,2.872422468225356
64,Footwear,Burma,8,"Philadelphia, PA",0.024363417808506004,2.4363417808506003
64,Footwear,Burma,9,"Buffalo, NY",0.01734250898648341,1.734250898648341
64,Footwear,Burma,10,"Dallas-Fort Worth, TX",0.01676441641094715,1.676441641094715
64,Footwear,Cambodia,1,"Los Angeles, CA",0.503474666692351,50.3474666692351
64,Footwear,Cambodia,2,"Seattle, WA",0.11914714299169381,11.91471429916938
64,Footwear,Cambodia,3,"New York City, NY",0.07759451300877282,7.759451300877282
64,Footwear,Cambodia,4,"Norfolk, VA",0.0569283085607995,5.69283085607995
64,Footwear,Cambodia,5,"St. Louis, MO",0.05587625094986972,5.587625094986972
64,Footwear,Cambodia,6,"Philadelphia, PA",0.054336387252786805,5.433638725278681
64,Footwear,Cambodia,7,"Charleston, SC",0.03496355550682765,3.496355550682765
64,Footwear,Cambodia,8,"Minneapolis, MN",0.03445946145921177,3.445946145921177
64,Footwear,Cambodia,9,"New Orleans, LA",0.032646957473679135,3.2646957473679135
64,Footwear,Cambodia,10,"Dallas-Fort Worth, TX",0.03057275610400788,3.0572756104007883
64,Footwear,Canada,1,"Detroit, MI",0.36366401845684193,36.366401845684194
64,Footwear,Canada,2,"St. Albans, VT",0.25275588174587565,25.275588174587565
64,Footwear,Canada,3,"Ogdensburg, NY",0.2353115141590197,23.53115141590197
64,Footwear,Canada,4,"Buffalo, NY",0.10110515326564237,10.110515326564236
64,Footwear,Canada,5,"Cleveland, OH",0.017523054668953587,1.7523054668953586
64,Footwear,Canada,6,"Seattle, WA",0.013387093501223519,1.338709350122352
64,Footwear,Canada,7,"New Orleans, LA",0.004980156907282328,0.49801569072823276
64,Footwear,Canada,8,"Tampa, FL",0.004411825523482399,0.44118255234823994
64,Footwear,Canada,9,"Pembina, ND",0.00391854230741081,0.391854230741081
64,Footwear,Canada,10,"New York City, NY",0.0029427594642676496,0.29427594642676497
64,Footwear,China,1,"Los Angeles, CA",0.6437514243255205,64.37514243255205
64,Footwear,China,2,"New York City, NY",0.08627860728143126,8.627860728143126
64,Footwear,China,3,"Seattle, WA",0.08592577705496905,8.592577705496906
64,Footwear,China,4,"Savannah, GA",0.044734805542631276,4.473480554263127
64,Footwear,China,5,"Cleveland, OH",0.03551563418328723,3.551563418328723
64,Footwear,China,6,"Houston-Galveston, TX",0.034291239266633675,3.4291239266633675
64,Footwear,China,7,"Chicago, IL",0.022416965706422397,2.24169657064224
64,Footwear,China,8,"Norfolk, VA",0.01774356819235982,1.774356819235982
64,Footwear,China,9,"Charleston, SC",0.016692880536130075,1.6692880536130075
64,Footwear,China,10,"Dallas-Fort Worth, TX",0.012649097910614759,1.264909791061476
64,Footwear,Dominican Republic,1,"Miami, FL",0.4168187278797099,41.68187278797099
64,Footwear,Dominican Republic,2,"Cleveland, OH",0.20944670611437038,20.94467061143704
64,Footwear,Dominican Republic,3,"Tampa, FL",0.15904539912408946,15.904539912408946
64,Footwear,Dominican Republic,4,"Milwaukee, WI",0.0698946556295849,6.98946556295849
64,Footwear,Dominican Republic,5,"Los Angeles, CA",0.049818987639109066,4.981898763910906
64,Footwear,Dominican Republic,6,"New York City, NY",0.037280673974169745,3.7280673974169747
64,Footwear,Dominican Republic,7,"Norfolk, VA",0.026340327063071513,2.6340327063071514
64,Footwear,Dominican Republic,8,"Chicago, IL",0.011508315350220545,1.1508315350220546
64,Footwear,Dominican Republic,9,"Savannah, GA",0.011040095277572631,1.1040095277572632
64,Footwear,Dominican Republic,10,"Seattle, WA",0.008806111948101863,0.8806111948101862
64,Footwear,Germany,1,"Norfolk, VA",0.4940513959478033,49.40513959478033
64,Footwear,Germany,2,"Cleveland, OH",0.35792975919942516,35.79297591994251
64,Footwear,Germany,3,"Wilmington, NC",0.04913099668597687,4.913099668597686
64,Footwear,Germany,4,"New York City, NY",0.03383613494762827,3.383613494762827
64,Footwear,Germany,5,"Chicago, IL",0.030223227903344696,3.02232279033447
64,Footwear,Germany,6,"Charleston, SC",0.015047828529474288,1.5047828529474288
64,Footwear,Germany,7,"Philadelphia, PA",0.007373194247106774,0.7373194247106774
64,Footwear,Germany,8,"Los Angeles, CA",0.004593266832866655,0.45932668328666554
64,Footwear,Germany,9,"Savannah, GA",0.004138510887242005,0.4138510887242005
64,Footwear,Germany,10,"Miami, FL",0.0036756848191320524,0.36756848191320524
64,Footwear,Guatemala,1,"Miami, FL",0.8516332213743764,85.16332213743763
64,Footwear,Guatemala,2,"Los Angeles, CA",0.11476638532190854,11.476638532190854
64,Footwear,Guatemala,3,"Houston-Galveston, TX",0.008971350803796824,0.8971350803796824
64,Footwear,Guatemala,4,"Milwaukee, WI",0.008725080097501543,0.8725080097501543
64,Footwear,Guatemala,5,"New York City, NY",0.007268761019898729,0.7268761019898728
64,Footwear,Guatemala,6,"El Paso, TX",0.003741359734440374,0.37413597344403743
64,Footwear,Guatemala,7,"Chicago, IL",0.0017720622238808468,0.17720622238808467
64,Footwear,Guatemala,8,"Seattle, WA",0.0016940994036762419,0.1694099403676242
64,Footwear,Guatemala,9,"Cleveland, OH",0.0010204202358753713,0.10204202358753713
64,Footwear,Guatemala,10,"New Orleans, LA",0.0004072597846453293,0.040725978464532936
64,Footwear,India,1,"Los Angeles, CA",0.3232066793823233,32.320667938232326
64,Footwear,India,2,"New York City, NY",0.2576114097368424,25.76114097368424
64,Footwear,India,3,"Philadelphia, PA",0.11208508127034929,11.208508127034928
64,Footwear,India,4,"Savannah, GA",0.08291288592562078,8.291288592562077
64,Footwear,India,5,"Charleston, SC",0.06983093359206892,6.983093359206892
64,Footwear,India,6,"Cleveland, OH",0.05110201811461648,5.110201811461648
64,Footwear,India,7,"Chicago, IL",0.0348589016135496,3.48589016135496
64,Footwear,India,8,"New Orleans, LA",0.03274936633757376,3.274936633757376
64,Footwear,India,9,"Great Falls, MT",0.021406108484642104,2.1406108484642106
64,Footwear,India,10,"St. Louis, MO",0.014236615542413457,1.4236615542413458
64,Footwear,Indonesia,1,"Los Angeles, CA",0.6444061122669256,64.44061122669255
64,Footwear,Indonesia,2,"Charleston, SC",0.0677735041869039,6.777350418690389
64,Footwear,Indonesia,3,"Savannah, GA",0.06763846475432964,6.763846475432963
64,Footwear,Indonesia,4,"New York City, NY",0.058241595780839615,5.824159578083962
64,Footwear,Indonesia,5,"New Orleans, LA",0.046346643728021525,4.634664372802153
64,Footwear,Indonesia,6,"Seattle, WA",0.03554327083042597,3.5543270830425975
64,Footwear,Indonesia,7,"Cleveland, OH",0.029723331826354588,2.9723331826354586
64,Footwear,Indonesia,8,"Philadelphia, PA",0.021907169571367763,2.190716957136776
64,Footwear,Indonesia,9,"Norfolk, VA",0.01567686810058031,1.5676868100580312
64,Footwear,Indonesia,10,"Houston-Galveston, TX",0.012743038954251005,1.2743038954251005
64,Footwear,Italy,1,"New York City, NY",0.7902785174908334,79.02785174908334
64,Footwear,Italy,2,"Los Angeles, CA",0.054640773767380094,5.464077376738009
64,Footwear,Italy,3,"Cleveland, OH",0.041421795503476834,4.1421795503476835
64,Footwear,Italy,4,"New Orleans, LA",0.028327500572434917,2.8327500572434916
64,Footwear,Italy,5,"Miami, FL",0.021618260350308893,2.1618260350308893
64,Footwear,Italy,6,"Dallas-Fort Worth, TX",0.020990990403103635,2.0990990403103633
64,Footwear,Italy,7,"Great Falls, MT",0.017957461073552766,1.7957461073552765
64,Footwear,Italy,8,"Boston, MA",0.009070311426398164,0.9070311426398164
64,Footwear,Italy,9,"Philadelphia, PA",0.007949525628316955,0.7949525628316955
64,Footwear,Italy,10,"Savannah, GA",0.007744863784194236,0.7744863784194236
64,Footwear,"Korea, South",1,"Seattle, WA",0.3743407590227421,37.43407590227421
64,Footwear,"Korea, South",2,"Los Angeles, CA",0.2543118953709763,25.43118953709763
64,Footwear,"Korea, South",3,"New York City, NY",0.0750452017057387,7.504520170573869
64,Footwear,"Korea, South",4,"Savannah, GA",0.06343989851585866,6.3439898515858655
64,Footwear,"Korea, South",5,"Dallas-Fort Worth, TX",0.060582066268235917,6.0582066268235915
64,Footwear,"Korea, South",6,"New Orleans, LA",0.05607032440129314,5.607032440129315
64,Footwear,"Korea, South",7,"San Francisco, CA",0.03239658846503364,3.239658846503364
64,Footwear,"Korea, South",8,"Chicago, IL",0.031898845771071264,3.1898845771071263
64,Footwear,"Korea, South",9,"Cleveland, OH",0.029590490061031864,2.959049006103186
64,Footwear,"Korea, South",10,"Tampa, FL",0.022323930418018438,2.232393041801844
64,Footwear,Malaysia,1,"Seattle, WA",0.41147964964276074,41.14796496427607
64,Footwear,Malaysia,2,"Los Angeles, CA",0.22975670148005187,22.975670148005186
64,Footwear,Malaysia,3,"New Orleans, LA",0.11719634492179402,11.719634492179402
64,Footwear,Malaysia,4,"Savannah, GA",0.05650573651267834,5.650573651267834
64,Footwear,Malaysia,5,"New York City, NY",0.05021762386189619,5.021762386189619
64,Footwear,Malaysia,6,"Charleston, SC",0.03314194510937225,3.3141945109372255
64,Footwear,Malaysia,7,"Ogdensburg, NY",0.03186884363360212,3.186884363360212
64,Footwear,Malaysia,8,"Cleveland, OH",0.02915110618179725,2.915110618179725
64,Footwear,Malaysia,9,"Philadelphia, PA",0.02433950263745425,2.4339502637454253
64,Footwear,Malaysia,10,"Norfolk, VA",0.016342546018593015,1.6342546018593016
64,Footwear,Mexico,1,"Laredo, TX",0.8626367009866065,86.26367009866065
64,Footwear,Mexico,2,"San Diego, CA",0.07651854442421409,7.651854442421409
64,Footwear,Mexico,3,"El Paso, TX",0.01859224739181409,1.8592247391814092
64,Footwear,Mexico,4,"Dallas-Fort Worth, TX",0.01162226684727709,1.162226684727709
64,Footwear,Mexico,5,"Los Angeles, CA",0.01126122544189711,1.1261225441897111
64,Footwear,Mexico,6,"New Orleans, LA",0.005714898342233829,0.571489834223383
64,Footwear,Mexico,7,"Tampa, FL",0.004995255528802612,0.4995255528802612
64,Footwear,Mexico,8,"Cleveland, OH",0.0034453694715587116,0.34453694715587113
64,Footwear,Mexico,9,"Ogdensburg, NY",0.0026068255347821245,0.26068255347821245
64,Footwear,Mexico,10,"Norfolk, VA",0.002606666030813916,0.2606666030813916
64,Footwear,Portugal,1,"New York City, NY",0.3860772231267525,38.60772231267525
64,Footwear,Portugal,2,"Cleveland, OH",0.20236992340664864,20.236992340664862
64,Footwear,Portugal,3,"Norfolk, VA",0.11850746583917844,11.850746583917845
64,Footwear,Portugal,4,"Los Angeles, CA",0.09489437876104505,9.489437876104505
64,Footwear,Portugal,5,"Chicago, IL",0.04803496802013749,4.80349680201375
64,Footwear,Portugal,6,"New Orleans, LA",0.04413445289482043,4.413445289482043
64,Footwear,Portugal,7,"Savannah, GA",0.035502211423422816,3.5502211423422816
64,Footwear,Portugal,8,"Boston, MA",0.02982435253256211,2.9824352532562113
64,Footwear,Portugal,9,"Philadelphia, PA",0.02074777595982711,2.074777595982711
64,Footwear,Portugal,10,"Buffalo, NY",0.019907248035605365,1.9907248035605365
64,Footwear,Romania,1,"Great Falls, MT",0.3383124969543834,33.831249695438345
64,Footwear,Romania,2,"New Orleans, LA",0.18602906036842018,18.60290603684202
64,Footwear,Romania,3,"New York City, NY",0.13324189701379677,13.324189701379677
64,Footwear,Romania,4,"Los Angeles, CA",0.09745602571458671,9.74560257145867
64,Footwear,Romania,5,"Boston, MA",0.08954655463448671,8.954655463448672
64,Footwear,Romania,6,"Seattle, WA",0.051611757959424666,5.161175795942467
64,Footwear,Romania,7,"Savannah, GA",0.030097188097462514,3.0097188097462513
64,Footwear,Romania,8,"St. Albans, VT",0.026629637302041965,2.6629637302041966
64,Footwear,Romania,9,"Cleveland, OH",0.024058874150738704,2.4058874150738703
64,Footwear,Romania,10,"Houston-Galveston, TX",0.023016507804658463,2.301650780465846
64,Footwear,Spain,1,"New York City, NY",0.7019138766876238,70.19138766876239
64,Footwear,Spain,2,"Los Angeles, CA",0.09020707503801263,9.020707503801264
64,Footwear,Spain,3,"Cleveland, OH",0.05373782194637679,5.373782194637679
64,Footwear,Spain,4,"Savannah, GA",0.04138933398032902,4.138933398032902
64,Footwear,Spain,5,"New Orleans, LA",0.039995374119315835,3.9995374119315836
64,Footwear,Spain,6,"Miami, FL",0.037194925163773915,3.7194925163773913
64,Footwear,Spain,7,"Chicago, IL",0.010643771085517036,1.0643771085517035
64,Footwear,Spain,8,"Great Falls, MT",0.009814002942425853,0.9814002942425853
64,Footwear,Spain,9,"Philadelphia, PA",0.007644025953020384,0.7644025953020384
64,Footwear,Spain,10,"Detroit, MI",0.007459793083604638,0.7459793083604638
64,Footwear,Taiwan,1,"Los Angeles, CA",0.2981955542993597,29.819555429935967
64,Footwear,Taiwan,2,"New York City, NY",0.17610438308204762,17.610438308204763
64,Footwear,Taiwan,3,"Chicago, IL",0.16672585101667428,16.67258510166743
64,Footwear,Taiwan,4,"Norfolk, VA",0.09826058849496976,9.826058849496976
64,Footwear,Taiwan,5,"Seattle, WA",0.06874658649325162,6.874658649325162
64,Footwear,Taiwan,6,"Columbia-Snake, OR",0.060410629389250896,6.04106293892509
64,Footwear,Taiwan,7,"Cleveland, OH",0.0597894633004574,5.978946330045741
64,Footwear,Taiwan,8,"Savannah, GA",0.02882165875388697,2.882165875388697
64,Footwear,Taiwan,9,"Great Falls, MT",0.027622779545195902,2.76227795451959
64,Footwear,Taiwan,10,"New Orleans, LA",0.015322505624905827,1.5322505624905827
64,Footwear,Thailand,1,"Los Angeles, CA",0.4675264308445386,46.75264308445386
64,Footwear,Thailand,2,"New York City, NY",0.28552604769337664,28.552604769337663
64,Footwear,Thailand,3,"San Francisco, CA",0.07707366771913418,7.707366771913418
64,Footwear,Thailand,4,"Seattle, WA",0.06484841927304312,6.484841927304312
64,Footwear,Thailand,5,"Cleveland, OH",0.03963603180689502,3.963603180689502
64,Footwear,Thailand,6,"Chicago, IL",0.022244146621568234,2.2244146621568235
64,Footwear,Thailand,7,"New Orleans, LA",0.014095135777568137,1.4095135777568137
64,Footwear,Thailand,8,"Columbia-Snake, OR",0.011296642116647881,1.1296642116647881
64,Footwear,Thailand,9,"Boston, MA",0.010209923720987057,1.0209923720987057
64,Footwear,Thailand,10,"Houston-Galveston, TX",0.007543554426241133,0.7543554426241132
64,Footwear,Vietnam,1,"Los Angeles, CA",0.6205124790704972,62.05124790704972
64,Footwear,Vietnam,2,"New York City, NY",0.08095494214411134,8.095494214411133
64,Footwear,Vietnam,3,"Seattle, WA",0.07635917758817846,7.635917758817847
64,Footwear,Vietnam,4,"Cleveland, OH",0.05942758317633138,5.942758317633138
64,Footwear,Vietnam,5,"Savannah, GA",0.05608444554698138,5.608444554698138
64,Footwear,Vietnam,6,"Charleston, SC",0.03745791774945663,3.745791774945663
64,Footwear,Vietnam,7,"New Orleans, LA",0.01962281483494894,1.9622814834948938
64,Footwear,Vietnam,8,"Chicago, IL",0.019564275153196774,1.9564275153196773
64,Footwear,Vietnam,9,"Philadelphia, PA",0.017357377351791034,1.7357377351791035
64,Footwear,Vietnam,10,"Norfolk, VA",0.012658987384506807,1.2658987384506806
70,Glassware,Australia,1,"Detroit, MI",0.49695887457512755,49.695887457512754
70,Glassware,Australia,2,"Chicago, IL",0.16950511360684145,16.950511360684146
70,Glassware,Australia,3,"San Francisco, CA",0.11675143029919491,11.675143029919491
70,Glassware,Australia,4,"Los Angeles, CA",0.0860121330677139,8.60121330677139
70,Glassware,Australia,5,"El Paso, TX",0.03315436646221387,3.3154366462213867
70,Glassware,Australia,6,"Cleveland, OH",0.024243005285060928,2.424300528506093
70,Glassware,Australia,7,"Seattle, WA",0.021531546668275302,2.1531546668275303
70,Glassware,Australia,8,"Philadelphia, PA",0.021394382612946378,2.1394382612946377
70,Glassware,Australia,9,"New Orleans, LA",0.017211685974471,1.7211685974471
70,Glassware,Australia,10,"New York City, NY",0.013237461448154754,1.3237461448154753
70,Glassware,Austria,1,"Philadelphia, PA",0.2797727486027936,27.977274860279362
70,Glassware,Austria,2,"Houston-Galveston, TX",0.23892913882572905,23.892913882572905
70,Glassware,Austria,3,"New York City, NY",0.1539969396526418,15.39969396526418
70,Glassware,Austria,4,"Cleveland, OH",0.09342604091273018,9.342604091273019
70,Glassware,Austria,5,"Chicago, IL",0.04511437837655376,4.511437837655376
70,Glassware,Austria,6,"New Orleans, LA",0.04351833188794635,4.351833188794635
70,Glassware,Austria,7,"Los Angeles, CA",0.0435143708239859,4.35143708239859
70,Glassware,Austria,8,"Mobile, AL",0.04251996729386578,4.251996729386578
70,Glassware,Austria,9,"San Francisco, CA",0.03228510655156407,3.2285106551564073
70,Glassware,Austria,10,"Boston, MA",0.02692297707218953,2.692297707218953
70,Glassware,Belgium,1,"Detroit, MI",0.4145757910025632,41.45757910025632
70,Glassware,Belgium,2,"Charleston, SC",0.19371153675007138,19.37115367500714
70,Glassware,Belgium,3,"New York City, NY",0.11158017319553516,11.158017319553517
70,Glassware,Belgium,4,"Cleveland, OH",0.10532071750439505,10.532071750439504
70,Glassware,Belgium,5,"San Francisco, CA",0.04251299409574713,4.251299409574713
70,Glassware,Belgium,6,"Chicago, IL",0.04102947537438383,4.102947537438383
70,Glassware,Belgium,7,"Portland, ME",0.03161594529562441,3.1615945295624415
70,Glassware,Belgium,8,"Philadelphia, PA",0.023194510969892203,2.31945109698922
70,Glassware,Belgium,9,"Savannah, GA",0.019350861959679715,1.9350861959679715
70,Glassware,Belgium,10,"New Orleans, LA",0.01710799385210802,1.710799385210802
70,Glassware,Brazil,1,"Houston-Galveston, TX",0.3133796083711115,31.33796083711115
70,Glassware,Brazil,2,"Charleston, SC",0.14757355431300995,14.757355431300995
70,Glassware,Brazil,3,"Cleveland, OH",0.1356282895693924,13.56282895693924
70,Glassware,Brazil,4,"New York City, NY",0.09668547897990665,9.668547897990665
70,Glassware,Brazil,5,"Philadelphia, PA",0.09211503006051638,9.211503006051638
70,Glassware,Brazil,6,"Norfolk, VA",0.05885455590136583,5.8854555901365835
70,Glassware,Brazil,7,"Miami, FL",0.058581747983926916,5.8581747983926915
70,Glassware,Brazil,8,"Chicago, IL",0.04683413385575039,4.683413385575038
70,Glassware,Brazil,9,"New Orleans, LA",0.02635172820686025,2.6351728206860248
70,Glassware,Brazil,10,"Savannah, GA",0.0239958727581597,2.39958727581597
70,Glassware,Canada,1,"Detroit, MI",0.3587591578039706,35.87591578039706
70,Glassware,Canada,2,"Buffalo, NY",0.18637692994656127,18.637692994656128
70,Glassware,Canada,3,"Ogdensburg, NY",0.13938462087303227,13.938462087303227
70,Glassware,Canada,4,"Great Falls, MT",0.13501736065277958,13.501736065277958
70,Glassware,Canada,5,"Seattle, WA",0.09672107071060473,9.672107071060474
70,Glassware,Canada,6,"Pembina, ND",0.04987401859565315,4.987401859565315
70,Glassware,Canada,7,"St. Albans, VT",0.023937726794618714,2.3937726794618714
70,Glassware,Canada,8,"Duluth, MN",0.003856148632622564,0.3856148632622564
70,Glassware,Canada,9,"Portland, ME",0.003813365325218531,0.38133653252185307
70,Glassware,Canada,10,"Cleveland, OH",0.00225960066493866,0.22596006649386602
70,Glassware,Chile,1,"San Francisco, CA",0.4907469328404277,49.074693284042766
70,Glassware,Chile,2,"Miami, FL",0.4371105304590459,43.71105304590459
70,Glassware,Chile,3,"Los Angeles, CA",0.01934685562002447,1.9346855620024468
70,Glassware,Chile,4,"Savannah, GA",0.0161439066411507,1.6143906641150703
70,Glassware,Chile,5,"Seattle, WA",0.012059831774722415,1.2059831774722414
70,Glassware,Chile,6,"Charleston, SC",0.007750537023488785,0.7750537023488785
70,Glassware,Chile,7,"Chicago, IL",0.005998178958564591,0.5998178958564592
70,Glassware,Chile,8,"New York City, NY",0.00427739560586621,0.42773956058662105
70,Glassware,Chile,9,"Norfolk, VA",0.0041923305065391025,0.41923305065391026
70,Glassware,Chile,10,"Houston-Galveston, TX",0.0023735005701700854,0.23735005701700854
70,Glassware,China,1,"Los Angeles, CA",0.3465742637600454,34.657426376004544
70,Glassware,China,2,"New York City, NY",0.15118722453476227,15.118722453476227
70,Glassware,China,3,"Savannah, GA",0.11270137356604994,11.270137356604994
70,Glassware,China,4,"Chicago, IL",0.0770149276447527,7.701492764475271
70,Glassware,China,5,"Houston-Galveston, TX",0.0701481386824028,7.01481386824028
70,Glassware,China,6,"San Francisco, CA",0.05848830931981661,5.848830931981661
70,Glassware,China,7,"Cleveland, OH",0.052511546176994287,5.251154617699429
70,Glassware,China,8,"Seattle, WA",0.05114752268804172,5.114752268804172
70,Glassware,China,9,"Dallas-Fort Worth, TX",0.04173074145285855,4.173074145285855
70,Glassware,China,10,"Norfolk, VA",0.03849595217427561,3.8495952174275607
70,Glassware,Colombia,1,"Miami, FL",0.6003964171253441,60.03964171253441
70,Glassware,Colombia,2,"New York City, NY",0.11820584547731654,11.820584547731654
70,Glassware,Colombia,3,"Houston-Galveston, TX",0.10455354744833115,10.455354744833114
70,Glassware,Colombia,4,"Charleston, SC",0.09566809386993033,9.566809386993032
70,Glassware,Colombia,5,"Cleveland, OH",0.024277363325680226,2.4277363325680223
70,Glassware,Colombia,6,"Seattle, WA",0.014502809163873968,1.4502809163873969
70,Glassware,Colombia,7,"San Francisco, CA",0.013892932254517968,1.3892932254517967
70,Glassware,Colombia,8,"Norfolk, VA",0.010405811231452657,1.0405811231452657
70,Glassware,Colombia,9,"Los Angeles, CA",0.010203578459300141,1.020357845930014
70,Glassware,Colombia,10,"Detroit, MI",0.007893601644252887,0.7893601644252888
70,Glassware,Costa Rica,1,"Philadelphia, PA",0.48897977692591293,48.89797769259129
70,Glassware,Costa Rica,2,"Miami, FL",0.23090328210261984,23.090328210261983
70,Glassware,Costa Rica,3,"Cleveland, OH",0.1255083444503128,12.550834445031281
70,Glassware,Costa Rica,4,"Houston-Galveston, TX",0.12062893936611828,12.062893936611827
70,Glassware,Costa Rica,5,"Minneapolis, MN",0.020537630287077113,2.0537630287077113
70,Glassware,Costa Rica,6,"New Orleans, LA",0.003693097187705617,0.3693097187705617
70,Glassware,Costa Rica,7,"New York City, NY",0.0035989469515661367,0.35989469515661365
70,Glassware,Costa Rica,8,"Boston, MA",0.002159144978382639,0.21591449783826389
70,Glassware,Costa Rica,9,"Chicago, IL",0.002075890420601921,0.20758904206019207
70,Glassware,Costa Rica,10,"St. Louis, MO",0.0019149473297026892,0.19149473297026892
70,Glassware,Czech Republic,1,"New York City, NY",0.3884667097060569,38.84667097060569
70,Glassware,Czech Republic,2,"Los Angeles, CA",0.11281019226137357,11.281019226137357
70,Glassware,Czech Republic,3,"Cleveland, OH",0.102040716859705,10.2040716859705
70,Glassware,Czech Republic,4,"Philadelphia, PA",0.08310701360168908,8.310701360168908
70,Glassware,Czech Republic,5,"Chicago, IL",0.06670203972743342,6.670203972743343
70,Glassware,Czech Republic,6,"New Orleans, LA",0.063615583731198,6.3615583731197995
70,Glassware,Czech Republic,7,"Dallas-Fort Worth, TX",0.053292924506764115,5.329292450676411
70,Glassware,Czech Republic,8,"Detroit, MI",0.05028031441486548,5.028031441486548
70,Glassware,Czech Republic,9,"Seattle, WA",0.04431496607527882,4.431496607527882
70,Glassware,Czech Republic,10,"Charleston, SC",0.03536953911563558,3.5369539115635584
70,Glassware,Egypt,1,"Savannah, GA",0.22538256740810528,22.538256740810528
70,Glassware,Egypt,2,"New York City, NY",0.2038495166604871,20.38495166604871
70,Glassware,Egypt,3,"Houston-Galveston, TX",0.17164415640433708,17.16441564043371
70,Glassware,Egypt,4,"Charleston, SC",0.16594269695003988,16.594269695003987
70,Glassware,Egypt,5,"Miami, FL",0.057187815315232565,5.718781531523256
70,Glassware,Egypt,6,"Boston, MA",0.04464472661468963,4.464472661468963
70,Glassware,Egypt,7,"Norfolk, VA",0.037451176929699376,3.7451176929699375
70,Glassware,Egypt,8,"Cleveland, OH",0.03358155297753001,3.358155297753001
70,Glassware,Egypt,9,"Los Angeles, CA",0.03249741210235191,3.249741210235191
70,Glassware,Egypt,10,"Chicago, IL",0.027818378637527053,2.7818378637527053
70,Glassware,France,1,"New York City, NY",0.2922706810677084,29.227068106770844
70,Glassware,France,2,"Charleston, SC",0.2170838221657495,21.70838221657495
70,Glassware,France,3,"Norfolk, VA",0.0947975760838895,9.479757608388951
70,Glassware,France,4,"Cleveland, OH",0.07324713578843435,7.324713578843435
70,Glassware,France,5,"San Francisco, CA",0.0683712987480802,6.837129874808021
70,Glassware,France,6,"Wilmington, NC",0.06303185264892362,6.303185264892362
70,Glassware,France,7,"Los Angeles, CA",0.056583003493673296,5.658300349367329
70,Glassware,France,8,"Savannah, GA",0.04979255225487469,4.979255225487469
70,Glassware,France,9,"Chicago, IL",0.04295020592796314,4.295020592796314
70,Glassware,France,10,"St. Louis, MO",0.041871871820703344,4.187187182070335
70,Glassware,Germany,1,"New York City, NY",0.24733842230016861,24.73384223001686
70,Glassware,Germany,2,"Savannah, GA",0.1875337094852408,18.753370948524083
70,Glassware,Germany,3,"Cleveland, OH",0.14353761673671114,14.353761673671114
70,Glassware,Germany,4,"Chicago, IL",0.08921314979846158,8.921314979846159
70,Glassware,Germany,5,"Philadelphia, PA",0.0699001964720302,6.99001964720302
70,Glassware,Germany,6,"Charleston, SC",0.06368248456848305,6.368248456848305
70,Glassware,Germany,7,"Norfolk, VA",0.05660666464520385,5.660666464520385
70,Glassware,Germany,8,"New Orleans, LA",0.05114167060738876,5.114167060738875
70,Glassware,Germany,9,"Houston-Galveston, TX",0.048493654765045954,4.8493654765045955
70,Glassware,Germany,10,"Detroit, MI",0.042552430621266096,4.25524306212661
70,Glassware,Greece,1,"New York City, NY",0.6294998440036977,62.94998440036977
70,Glassware,Greece,2,"Savannah, GA",0.07906152186956633,7.906152186956633
70,Glassware,Greece,3,"Great Falls, MT",0.06379621673621597,6.379621673621597
70,Glassware,Greece,4,"Columbia-Snake, OR",0.047982527997330854,4.798252799733086
70,Glassware,Greece,5,"Miami, FL",0.04642575421556302,4.642575421556302
70,Glassware,Greece,6,"San Francisco, CA",0.04016916436880902,4.016916436880901
70,Glassware,Greece,7,"Houston-Galveston, TX",0.037303653519467884,3.7303653519467885
70,Glassware,Greece,8,"Boston, MA",0.021829612801917878,2.1829612801917877
70,Glassware,Greece,9,"Tampa, FL",0.017883239489449414,1.7883239489449414
70,Glassware,Greece,10,"Los Angeles, CA",0.016048464997981907,1.6048464997981908
70,Glassware,Hong Kong,1,"New York City, NY",0.21462122448153706,21.462122448153707
70,Glassware,Hong Kong,2,"Los Angeles, CA",0.17582066972461569,17.58206697246157
70,Glassware,Hong Kong,3,"Miami, FL",0.13115299943757355,13.115299943757355
70,Glassware,Hong Kong,4,"Houston-Galveston, TX",0.11124496290045208,11.124496290045208
70,Glassware,Hong Kong,5,"Savannah, GA",0.10125138249206048,10.125138249206048
70,Glassware,Hong Kong,6,"Tampa, FL",0.06195615793600094,6.195615793600094
70,Glassware,Hong Kong,7,"St. Louis, MO",0.05635336785045906,5.635336785045906
70,Glassware,Hong Kong,8,"Cleveland, OH",0.053777272583620965,5.377727258362096
70,Glassware,Hong Kong,9,"Seattle, WA",0.04729648635565029,4.729648635565029
70,Glassware,Hong Kong,10,"New Orleans, LA",0.04652547623802986,4.652547623802986
70,Glassware,Hungary,1,"Detroit, MI",0.21962795794500542,21.962795794500543
70,Glassware,Hungary,2,"Chicago, IL",0.2028004504183783,20.28004504183783
70,Glassware,Hungary,3,"New York City, NY",0.18199738767703086,18.199738767703085
70,Glassware,Hungary,4,"New Orleans, LA",0.1145781405457333,11.45781405457333
70,Glassware,Hungary,5,"Cleveland, OH",0.08453178210922975,8.453178210922975
70,Glassware,Hungary,6,"Charleston, SC",0.07150545275558536,7.150545275558535
70,Glassware,Hungary,7,"Savannah, GA",0.03754066891691202,3.7540668916912017
70,Glassware,Hungary,8,"Philadelphia, PA",0.03476519485390259,3.476519485390259
70,Glassware,Hungary,9,"Laredo, TX",0.031357357486376546,3.1357357486376545
70,Glassware,Hungary,10,"Washington, DC",0.021295607291845823,2.129560729184582
70,Glassware,India,1,"New York City, NY",0.44807958649012447,44.80795864901245
70,Glassware,India,2,"Savannah, GA",0.14567532469609024,14.567532469609024
70,Glassware,India,3,"Charleston, SC",0.11504891752998894,11.504891752998894
70,Glassware,India,4,"Los Angeles, CA",0.06922308284051462,6.9223082840514625
70,Glassware,India,5,"Norfolk, VA",0.05214730583582683,5.214730583582683
70,Glassware,India,6,"Houston-Galveston, TX",0.051187405703543944,5.118740570354395
70,Glassware,India,7,"Cleveland, OH",0.04754759892657552,4.754759892657552
70,Glassware,India,8,"Chicago, IL",0.03333255977089647,3.333255977089647
70,Glassware,India,9,"San Francisco, CA",0.021283841869503193,2.1283841869503193
70,Glassware,India,10,"New Orleans, LA",0.016474376336935884,1.6474376336935885
70,Glassware,Indonesia,1,"Los Angeles, CA",0.26035089782957915,26.035089782957915
70,Glassware,Indonesia,2,"San Francisco, CA",0.19463454757541207,19.463454757541207
70,Glassware,Indonesia,3,"Norfolk, VA",0.1062790027561424,10.62790027561424
70,Glassware,Indonesia,4,"Seattle, WA",0.08814866446027024,8.814866446027024
70,Glassware,Indonesia,5,"Houston-Galveston, TX",0.07993426705435698,7.993426705435698
70,Glassware,Indonesia,6,"New York City, NY",0.06796333619765864,6.796333619765864
70,Glassware,Indonesia,7,"Savannah, GA",0.06713701786504762,6.713701786504762
70,Glassware,Indonesia,8,"Dallas-Fort Worth, TX",0.05638456442388453,5.638456442388453
70,Glassware,Indonesia,9,"Cleveland, OH",0.042405327606982346,4.240532760698235
70,Glassware,Indonesia,10,"Miami, FL",0.03676237423066595,3.676237423066595
70,Glassware,Ireland,1,"New York City, NY",0.334452238673381,33.4452238673381
70,Glassware,Ireland,2,"Philadelphia, PA",0.20173966372960356,20.173966372960354
70,Glassware,Ireland,3,"Chicago, IL",0.16004171526764904,16.004171526764903
70,Glassware,Ireland,4,"Boston, MA",0.0866753411211595,8.66753411211595
70,Glassware,Ireland,5,"San Francisco, CA",0.06495710013115615,6.495710013115614
70,Glassware,Ireland,6,"Cleveland, OH",0.06211620576176748,6.211620576176748
70,Glassware,Ireland,7,"Houston-Galveston, TX",0.02609158467196145,2.6091584671961447
70,Glassware,Ireland,8,"Seattle, WA",0.022545411360592585,2.2545411360592587
70,Glassware,Ireland,9,"Los Angeles, CA",0.020778278937025774,2.0778278937025774
70,Glassware,Ireland,10,"New Orleans, LA",0.020602460345703583,2.0602460345703584
70,Glassware,Italy,1,"New York City, NY",0.43300601839852143,43.30060183985214
70,Glassware,Italy,2,"Cleveland, OH",0.11462087059472521,11.462087059472521
70,Glassware,Italy,3,"Savannah, GA",0.1004040131387142,10.040401313871419
70,Glassware,Italy,4,"New Orleans, LA",0.08048901652178493,8.048901652178493
70,Glassware,Italy,5,"Los Angeles, CA",0.06603355215770634,6.603355215770634
70,Glassware,Italy,6,"Chicago, IL",0.060804332004968854,6.080433200496885
70,Glassware,Italy,7,"Miami, FL",0.047687689265010935,4.768768926501093
70,Glassware,Italy,8,"San Francisco, CA",0.0417113273047194,4.17113273047194
70,Glassware,Italy,9,"Philadelphia, PA",0.028221854338089807,2.822185433808981
70,Glassware,Italy,10,"Houston-Galveston, TX",0.027021326275758904,2.7021326275758906
70,Glassware,Japan,1,"Los Angeles, CA",0.20956990348748858,20.956990348748857
70,Glassware,Japan,2,"San Francisco, CA",0.19868824598030674,19.868824598030674
70,Glassware,Japan,3,"Seattle, WA",0.12221362813606534,12.221362813606534
70,Glassware,Japan,4,"Savannah, GA",0.12212792780802223,12.212792780802223
70,Glassware,Japan,5,"Chicago, IL",0.09828907726654654,9.828907726654654
70,Glassware,Japan,6,"Cleveland, OH",0.06478953242315696,6.478953242315696
70,Glassware,Japan,7,"New York City, NY",0.057476555073634424,5.747655507363443
70,Glassware,Japan,8,"Columbia-Snake, OR",0.050395343009067,5.0395343009067
70,Glassware,Japan,9,"Detroit, MI",0.04022561753502239,4.022561753502239
70,Glassware,Japan,10,"Dallas-Fort Worth, TX",0.03622416928068981,3.622416928068981
70,Glassware,"Korea, South",1,"Savannah, GA",0.37659626587208844,37.65962658720884
70,Glassware,"Korea, South",2,"Los Angeles, CA",0.24253986366622676,24.253986366622676
70,Glassware,"Korea, South",3,"New York City, NY",0.11771785434818327,11.771785434818327
70,Glassware,"Korea, South",4,"Dallas-Fort Worth, TX",0.05065838219229855,5.065838219229855
70,Glassware,"Korea, South",5,"Houston-Galveston, TX",0.048893413168362335,4.889341316836234
70,Glassware,"Korea, South",6,"Detroit, MI",0.04101064803869469,4.101064803869469
70,Glassware,"Korea, South",7,"Cleveland, OH",0.03516120697154784,3.5161206971547845
70,Glassware,"Korea, South",8,"Mobile, AL",0.03484300383290537,3.484300383290537
70,Glassware,"Korea, South",9,"Charleston, SC",0.026742898927274997,2.6742898927275
70,Glassware,"Korea, South",10,"Chicago, IL",0.025836462982417697,2.58364629824177
70,Glassware,Latvia,1,"New York City, NY",0.3258911670627444,32.58911670627444
70,Glassware,Latvia,2,"Charleston, SC",0.1855741185126961,18.55741185126961
70,Glassware,Latvia,3,"Norfolk, VA",0.09918546105096235,9.918546105096235
70,Glassware,Latvia,4,"Philadelphia, PA",0.09173929616560164,9.173929616560164
70,Glassware,Latvia,5,"Houston-Galveston, TX",0.08591231597425807,8.591231597425807
70,Glassware,Latvia,6,"Savannah, GA",0.06188453427357505,6.188453427357505
70,Glassware,Latvia,7,"El Paso, TX",0.05533599516366249,5.533599516366249
70,Glassware,Latvia,8,"Baltimore, MD",0.038389649519219984,3.8389649519219984
70,Glassware,Latvia,9,"Boston, MA",0.029052708493287584,2.9052708493287582
70,Glassware,Latvia,10,"Cleveland, OH",0.027034753783992414,2.7034753783992413
70,Glassware,Liechtenstein,1,"Buffalo, NY",0.6308300963012319,63.083009630123186
70,Glassware,Liechtenstein,2,"New York City, NY",0.287686765833755,28.768676583375502
70,Glassware,Liechtenstein,3,"Seattle, WA",0.037883549082888456,3.7883549082888455
70,Glassware,Liechtenstein,4,"Cleveland, OH",0.019043789206838177,1.9043789206838178
70,Glassware,Liechtenstein,5,"Boston, MA",0.00927708252372809,0.927708252372809
70,Glassware,Liechtenstein,6,"Chicago, IL",0.00904880400372526,0.904880400372526
70,Glassware,Liechtenstein,7,"New Orleans, LA",0.005521849960689452,0.5521849960689452
70,Glassware,Liechtenstein,8,"Los Angeles, CA",0.00034614094057767406,0.03461409405776741
70,Glassware,Liechtenstein,9,"Charleston, SC",0.00021215473130933282,0.021215473130933284
70,Glassware,Liechtenstein,10,"San Francisco, CA",0.00014976741525653413,0.014976741525653413
70,Glassware,Malaysia,1,"Cleveland, OH",0.2363975272377127,23.63975272377127
70,Glassware,Malaysia,2,"Houston-Galveston, TX",0.13793122994778828,13.793122994778829
70,Glassware,Malaysia,3,"Tampa, FL",0.09686370111985981,9.686370111985982
70,Glassware,Malaysia,4,"New York City, NY",0.09671616604983063,9.671616604983063
70,Glassware,Malaysia,5,"Detroit, MI",0.09482394882073782,9.482394882073782
70,Glassware,Malaysia,6,"New Orleans, LA",0.07885462442495605,7.885462442495605
70,Glassware,Malaysia,7,"Savannah, GA",0.07709734287954481,7.709734287954481
70,Glassware,Malaysia,8,"Seattle, WA",0.06929382009638957,6.929382009638957
70,Glassware,Malaysia,9,"Los Angeles, CA",0.05939595136368933,5.939595136368933
70,Glassware,Malaysia,10,"San Francisco, CA",0.05262568805949104,5.262568805949104
70,Glassware,Mexico,1,"Laredo, TX",0.8140357786312667,81.40357786312667
70,Glassware,Mexico,2,"San Diego, CA",0.13571214611109958,13.571214611109959
70,Glassware,Mexico,3,"El Paso, TX",0.017767416500644152,1.7767416500644153
70,Glassware,Mexico,4,"Tampa, FL",0.013178983098010567,1.3178983098010566
70,Glassware,Mexico,5,"San Francisco, CA",0.008382788173256278,0.8382788173256278
70,Glassware,Mexico,6,"Miami, FL",0.002925356145376284,0.2925356145376284
70,Glassware,Mexico,7,"New Orleans, LA",0.002883496509203823,0.2883496509203823
70,Glassware,Mexico,8,"Nogales, AZ",0.00244725994553914,0.24472599455391397
70,Glassware,Mexico,9,"Cleveland, OH",0.0013522985038423219,0.1352298503842322
70,Glassware,Mexico,10,"Detroit, MI",0.001314476381761163,0.1314476381761163
70,Glassware,Netherlands,1,"Charleston, SC",0.17860668548689373,17.860668548689375
70,Glassware,Netherlands,2,"New Orleans, LA",0.16877441554790898,16.8774415547909
70,Glassware,Netherlands,3,"New York City, NY",0.11293852321131582,11.293852321131583
70,Glassware,Netherlands,4,"Cleveland, OH",0.09988817241140414,9.988817241140415
70,Glassware,Netherlands,5,"Philadelphia, PA",0.08331053641733638,8.331053641733638
70,Glassware,Netherlands,6,"Chicago, IL",0.08084060447431554,8.084060447431554
70,Glassware,Netherlands,7,"Houston-Galveston, TX",0.07907641539451846,7.907641539451846
70,Glassware,Netherlands,8,"Savannah, GA",0.07327912357551519,7.3279123575515195
70,Glassware,Netherlands,9,"Baltimore, MD",0.06367086393396874,6.367086393396875
70,Glassware,Netherlands,10,"Los Angeles, CA",0.05961465954682291,5.961465954682291
70,Glassware,Peru,1,"New York City, NY",0.3177144417893446,31.77144417893446
70,Glassware,Peru,2,"Miami, FL",0.2878856212517111,28.788562125171108
70,Glassware,Peru,3,"San Francisco, CA",0.23574030585531308,23.574030585531307
70,Glassware,Peru,4,"Cleveland, OH",0.05461005051029068,5.461005051029068
70,Glassware,Peru,5,"Los Angeles, CA",0.03499702802345854,3.499702802345854
70,Glassware,Peru,6,"Detroit, MI",0.03496173097545329,3.496173097545329
70,Glassware,Peru,7,"Houston-Galveston, TX",0.020855533711417587,2.0855533711417586
70,Glassware,Peru,8,"Savannah, GA",0.007875044321241066,0.7875044321241066
70,Glassware,Peru,9,"Tampa, FL",0.0027443045317824596,0.27443045317824594
70,Glassware,Peru,10,"Philadelphia, PA",0.0026159390299876437,0.2615939029987644
70,Glassware,Poland,1,"New York City, NY",0.39706313758022876,39.70631375802288
70,Glassware,Poland,2,"Los Angeles, CA",0.18428004658077027,18.428004658077025
70,Glassware,Poland,3,"Cleveland, OH",0.174503725417684,17.4503725417684
70,Glassware,Poland,4,"Charleston, SC",0.05250477598458838,5.250477598458838
70,Glassware,Poland,5,"Houston-Galveston, TX",0.04300840391901579,4.300840391901579
70,Glassware,Poland,6,"St. Louis, MO",0.03678824548927947,3.6788245489279467
70,Glassware,Poland,7,"Chicago, IL",0.0357752524036812,3.57752524036812
70,Glassware,Poland,8,"Savannah, GA",0.027832228158971222,2.783222815897122
70,Glassware,Poland,9,"Philadelphia, PA",0.025751193700618683,2.575119370061868
70,Glassware,Poland,10,"Ogdensburg, NY",0.02249299076516227,2.2492990765162273
70,Glassware,Singapore,1,"San Francisco, CA",0.9542446487116866,95.42446487116865
70,Glassware,Singapore,2,"New York City, NY",0.013516544328403216,1.3516544328403217
70,Glassware,Singapore,3,"Los Angeles, CA",0.012525578754755587,1.2525578754755586
70,Glassware,Singapore,4,"Miami, FL",0.0041507532018450555,0.41507532018450555
70,Glassware,Singapore,5,"Cleveland, OH",0.004078973265950106,0.4078973265950106
70,Glassware,Singapore,6,"Savannah, GA",0.0038247390992188447,0.38247390992188446
70,Glassware,Singapore,7,"Houston-Galveston, TX",0.0025399027518838014,0.25399027518838013
70,Glassware,Singapore,8,"Tampa, FL",0.0021125099227924907,0.21125099227924907
70,Glassware,Singapore,9,"New Orleans, LA",0.0017809153271429634,0.17809153271429634
70,Glassware,Singapore,10,"Columbia-Snake, OR",0.001225434636321218,0.1225434636321218
70,Glassware,Spain,1,"New York City, NY",0.45279131006029444,45.279131006029445
70,Glassware,Spain,2,"Norfolk, VA",0.1472567272997676,14.725672729976761
70,Glassware,Spain,3,"Houston-Galveston, TX",0.08031351821282673,8.031351821282673
70,Glassware,Spain,4,"Miami, FL",0.06215114060031964,6.215114060031964
70,Glassware,Spain,5,"Savannah, GA",0.056371784259191315,5.6371784259191315
70,Glassware,Spain,6,"Los Angeles, CA",0.04820558818755632,4.820558818755631
70,Glassware,Spain,7,"Cleveland, OH",0.048086490430106356,4.808649043010636
70,Glassware,Spain,8,"St. Louis, MO",0.03761125112365674,3.7611251123656744
70,Glassware,Spain,9,"Chicago, IL",0.036252867407859934,3.6252867407859934
70,Glassware,Spain,10,"New Orleans, LA",0.030959322418420986,3.0959322418420987
70,Glassware,Sweden,1,"New York City, NY",0.8436850036259719,84.36850036259719
70,Glassware,Sweden,2,"Chicago, IL",0.04981686761730161,4.9816867617301615
70,Glassware,Sweden,3,"Cleveland, OH",0.03702449888709589,3.702449888709589
70,Glassware,Sweden,4,"Charleston, SC",0.02099931765942764,2.099931765942764
70,Glassware,Sweden,5,"New Orleans, LA",0.015047088160284515,1.5047088160284514
70,Glassware,Sweden,6,"Los Angeles, CA",0.014290611750634697,1.4290611750634696
70,Glassware,Sweden,7,"Savannah, GA",0.007849231166303393,0.7849231166303393
70,Glassware,Sweden,8,"Philadelphia, PA",0.0038635356245619564,0.3863535624561956
70,Glassware,Sweden,9,"Miami, FL",0.003816474813429358,0.3816474813429358
70,Glassware,Sweden,10,"San Francisco, CA",0.0036073706949890203,0.36073706949890205
70,Glassware,Switzerland,1,"New York City, NY",0.2901502327191546,29.015023271915457
70,Glassware,Switzerland,2,"Cleveland, OH",0.15765140844439904,15.765140844439903
70,Glassware,Switzerland,3,"Washington, DC",0.14578763501341904,14.578763501341903
70,Glassware,Switzerland,4,"Los Angeles, CA",0.08682043413331039,8.682043413331039
70,Glassware,Switzerland,5,"Boston, MA",0.07671783536612176,7.671783536612176
70,Glassware,Switzerland,6,"New Orleans, LA",0.053559008606800476,5.355900860680047
70,Glassware,Switzerland,7,"Philadelphia, PA",0.05104469057463422,5.1044690574634215
70,Glassware,Switzerland,8,"Dallas-Fort Worth, TX",0.049672660610149376,4.9672660610149375
70,Glassware,Switzerland,9,"Chicago, IL",0.048904917378808394,4.890491737880839
70,Glassware,Switzerland,10,"Portland, ME",0.039691177153202646,3.9691177153202646
70,Glassware,Taiwan,1,"Los Angeles, CA",0.2952880969201547,29.528809692015468
70,Glassware,Taiwan,2,"Charleston, SC",0.15828598839383207,15.828598839383206
70,Glassware,Taiwan,3,"New York City, NY",0.1060079094514688,10.60079094514688
70,Glassware,Taiwan,4,"San Francisco, CA",0.10332244716049137,10.332244716049138
70,Glassware,Taiwan,5,"Chicago, IL",0.08369800922492955,8.369800922492955
70,Glassware,Taiwan,6,"Savannah, GA",0.07599461880592885,7.5994618805928855
70,Glassware,Taiwan,7,"St. Louis, MO",0.052207461621697426,5.220746162169743
70,Glassware,Taiwan,8,"Houston-Galveston, TX",0.05089678550737167,5.089678550737167
70,Glassware,Taiwan,9,"Seattle, WA",0.03835448380800642,3.835448380800642
70,Glassware,Taiwan,10,"Cleveland, OH",0.03594419910611926,3.594419910611926
70,Glassware,Thailand,1,"Los Angeles, CA",0.3216099590400217,32.16099590400217
70,Glassware,Thailand,2,"Detroit, MI",0.17291304615995484,17.291304615995486
70,Glassware,Thailand,3,"New York City, NY",0.11053853449075049,11.05385344907505
70,Glassware,Thailand,4,"Chicago, IL",0.10117154317640134,10.117154317640134
70,Glassware,Thailand,5,"Cleveland, OH",0.06943492997532172,6.9434929975321715
70,Glassware,Thailand,6,"San Francisco, CA",0.06637280318242886,6.637280318242886
70,Glassware,Thailand,7,"Seattle, WA",0.0516989868086168,5.16989868086168
70,Glassware,Thailand,8,"Savannah, GA",0.044058021818155824,4.405802181815583
70,Glassware,Thailand,9,"Minneapolis, MN",0.03452018839233025,3.452018839233025
70,Glassware,Thailand,10,"Charleston, SC",0.02768198695601818,2.768198695601818
70,Glassware,Turkey,1,"New York City, NY",0.3816832352788458,38.16832352788458
70,Glassware,Turkey,2,"Savannah, GA",0.12856327008805932,12.856327008805932
70,Glassware,Turkey,3,"Miami, FL",0.1250886649842982,12.50886649842982
70,Glassware,Turkey,4,"Houston-Galveston, TX",0.11819943218677684,11.819943218677684
70,Glassware,Turkey,5,"Los Angeles, CA",0.0866753904920627,8.66753904920627
70,Glassware,Turkey,6,"Chicago, IL",0.043205671708651916,4.320567170865192
70,Glassware,Turkey,7,"Norfolk, VA",0.03661744706951662,3.6617447069516618
70,Glassware,Turkey,8,"Cleveland, OH",0.03201146547058707,3.2011465470587073
70,Glassware,Turkey,9,"San Francisco, CA",0.028873656600515104,2.8873656600515103
70,Glassware,Turkey,10,"New Orleans, LA",0.019081766120686454,1.9081766120686454
70,Glassware,United Arab Emirates,1,"San Francisco, CA",0.6441937882041118,64.41937882041118
70,Glassware,United Arab Emirates,2,"New York City, NY",0.09143689568809055,9.143689568809055
70,Glassware,United Arab Emirates,3,"Houston-Galveston, TX",0.05660666679340506,5.660666679340506
70,Glassware,United Arab Emirates,4,"Miami, FL",0.04733807012981751,4.73380701298175
70,Glassware,United Arab Emirates,5,"Seattle, WA",0.045381095966818795,4.538109596681879
70,Glassware,United Arab Emirates,6,"Los Angeles, CA",0.03911664853417009,3.9116648534170086
70,Glassware,United Arab Emirates,7,"Cleveland, OH",0.03458413980846413,3.4584139808464127
70,Glassware,United Arab Emirates,8,"Norfolk, VA",0.015334540159033332,1.5334540159033332
70,Glassware,United Arab Emirates,9,"Savannah, GA",0.01501991363910767,1.5019913639107672
70,Glassware,United Arab Emirates,10,"Buffalo, NY",0.010988241076981185,1.0988241076981184
70,Glassware,United Kingdom,1,"New York City, NY",0.24141634599117148,24.141634599117147
70,Glassware,United Kingdom,2,"New Orleans, LA",0.12715936615996418,12.715936615996418
70,Glassware,United Kingdom,3,"Cleveland, OH",0.11753267523623653,11.753267523623654
70,Glassware,United Kingdom,4,"Los Angeles, CA",0.09937297032131413,9.937297032131413
70,Glassware,United Kingdom,5,"Chicago, IL",0.09702190722391545,9.702190722391544
70,Glassware,United Kingdom,6,"Charleston, SC",0.08662832250660436,8.662832250660436
70,Glassware,United Kingdom,7,"Philadelphia, PA",0.07846866336062129,7.846866336062129
70,Glassware,United Kingdom,8,"Savannah, GA",0.05980220465261051,5.980220465261051
70,Glassware,United Kingdom,9,"Dallas-Fort Worth, TX",0.04658234411452118,4.658234411452118
70,Glassware,United Kingdom,10,"Houston-Galveston, TX",0.046015200433040845,4.601520043304085
70,Glassware,Vietnam,1,"Los Angeles, CA",0.3410268715700659,34.10268715700659
70,Glassware,Vietnam,2,"Savannah, GA",0.11964571133876503,11.964571133876504
70,Glassware,Vietnam,3,"New York City, NY",0.0936473998841548,9.36473998841548
70,Glassware,Vietnam,4,"San Francisco, CA",0.088959876032098,8.8959876032098
70,Glassware,Vietnam,5,"Cleveland, OH",0.07779947441375114,7.779947441375114
70,Glassware,Vietnam,6,"Detroit, MI",0.06515296326989922,6.5152963269899224
70,Glassware,Vietnam,7,"Chicago, IL",0.06483076200676571,6.483076200676571
70,Glassware,Vietnam,8,"Norfolk, VA",0.06272275697055227,6.2722756970552265
70,Glassware,Vietnam,9,"Houston-Galveston, TX",0.043669654531765,4.3669654531765
70,Glassware,Vietnam,10,"Charleston, SC",0.04254452998218304,4.254452998218304
73,Articles of iron or steel,Australia,1,"Los Angeles, CA",0.19491987974109012,19.491987974109012
73,Articles of iron or steel,Australia,2,"New Orleans, LA",0.15964259036959855,15.964259036959854
73,Articles of iron or steel,Australia,3,"Houston-Galveston, TX",0.1595219529252268,15.952195292522681
73,Articles of iron or steel,Australia,4,"San Francisco, CA",0.10958760514840163,10.958760514840163
73,Articles of iron or steel,Australia,5,"Seattle, WA",0.09927570431687371,9.927570431687371
73,Articles of iron or steel,Australia,6,"Savannah, GA",0.06757017025084626,6.757017025084626
73,Articles of iron or steel,Australia,7,"Baltimore, MD",0.05488231384956054,5.4882313849560544
73,Articles of iron or steel,Australia,8,"Cleveland, OH",0.05460807034213436,5.460807034213436
73,Articles of iron or steel,Australia,9,"Charleston, SC",0.0504135323519814,5.04135323519814
73,Articles of iron or steel,Australia,10,"Philadelphia, PA",0.049578180704286726,4.957818070428672
73,Articles of iron or steel,Austria,1,"Houston-Galveston, TX",0.6525082574777625,65.25082574777625
73,Articles of iron or steel,Austria,2,"Chicago, IL",0.08440302540907123,8.440302540907123
73,Articles of iron or steel,Austria,3,"Baltimore, MD",0.07930975762012862,7.930975762012863
73,Articles of iron or steel,Austria,4,"New York City, NY",0.04846825395698911,4.846825395698911
73,Articles of iron or steel,Austria,5,"Cleveland, OH",0.02741485211563314,2.741485211563314
73,Articles of iron or steel,Austria,6,"Norfolk, VA",0.024499074194373,2.4499074194373
73,Articles of iron or steel,Austria,7,"Charleston, SC",0.02295874820883025,2.295874820883025
73,Articles of iron or steel,Austria,8,"Boston, MA",0.02271066911470076,2.2710669114700757
73,Articles of iron or steel,Austria,9,"Savannah, GA",0.020407302914615066,2.0407302914615064
73,Articles of iron or steel,Austria,10,"San Francisco, CA",0.01732005898789634,1.732005898789634
73,Articles of iron or steel,Brazil,1,"Houston-Galveston, TX",0.7165437794297372,71.65437794297372
73,Articles of iron or steel,Brazil,2,"Charleston, SC",0.06463505891576747,6.463505891576747
73,Articles of iron or steel,Brazil,3,"Chicago, IL",0.0559184693427697,5.59184693427697
73,Articles of iron or steel,Brazil,4,"Miami, FL",0.036880400743795345,3.6880400743795345
73,Articles of iron or steel,Brazil,5,"New York City, NY",0.035963771181074716,3.5963771181074717
73,Articles of iron or steel,Brazil,6,"Cleveland, OH",0.031895509965454164,3.1895509965454165
73,Articles of iron or steel,Brazil,7,"New Orleans, LA",0.01807146737097377,1.807146737097377
73,Articles of iron or steel,Brazil,8,"Norfolk, VA",0.01686120635053092,1.686120635053092
73,Articles of iron or steel,Brazil,9,"Laredo, TX",0.014870291317660905,1.4870291317660906
73,Articles of iron or steel,Brazil,10,"Dallas-Fort Worth, TX",0.008360045382235835,0.8360045382235834
73,Articles of iron or steel,Cambodia,1,"Los Angeles, CA",0.258447149630009,25.844714963000897
73,Articles of iron or steel,Cambodia,2,"Houston-Galveston, TX",0.14994137004020303,14.994137004020303
73,Articles of iron or steel,Cambodia,3,"New York City, NY",0.13782208005510574,13.782208005510574
73,Articles of iron or steel,Cambodia,4,"Savannah, GA",0.11107463003091086,11.107463003091086
73,Articles of iron or steel,Cambodia,5,"Norfolk, VA",0.08187534218954416,8.187534218954417
73,Articles of iron or steel,Cambodia,6,"Cleveland, OH",0.06866460545698841,6.866460545698841
73,Articles of iron or steel,Cambodia,7,"Charleston, SC",0.0672272828885254,6.72272828885254
73,Articles of iron or steel,Cambodia,8,"Chicago, IL",0.04484540258824993,4.4845402588249925
73,Articles of iron or steel,Cambodia,9,"Seattle, WA",0.04256222621813917,4.256222621813917
73,Articles of iron or steel,Cambodia,10,"San Francisco, CA",0.03753991090232421,3.753991090232421
73,Articles of iron or steel,Canada,1,"Detroit, MI",0.48954712713370835,48.95471271337083
73,Articles of iron or steel,Canada,2,"Buffalo, NY",0.15699852614335097,15.699852614335096
73,Articles of iron or steel,Canada,3,"Ogdensburg, NY",0.08742794521502732,8.742794521502733
73,Articles of iron or steel,Canada,4,"Seattle, WA",0.06937232354638727,6.937232354638727
73,Articles of iron or steel,Canada,5,"Pembina, ND",0.06723984081015379,6.723984081015379
73,Articles of iron or steel,Canada,6,"St. Albans, VT",0.0524615227611296,5.24615227611296
73,Articles of iron or steel,Canada,7,"Great Falls, MT",0.04119284732459187,4.119284732459187
73,Articles of iron or steel,Canada,8,"Portland, ME",0.02802546945943094,2.802546945943094
73,Articles of iron or steel,Canada,9,"New Orleans, LA",0.004354002813874338,0.43540028138743375
73,Articles of iron or steel,Canada,10,"Cleveland, OH",0.003380394792345647,0.33803947923456473
73,Articles of iron or steel,China,1,"Los Angeles, CA",0.3156625278147807,31.56625278147807
73,Articles of iron or steel,China,2,"Houston-Galveston, TX",0.13066481077031525,13.066481077031526
73,Articles of iron or steel,China,3,"New York City, NY",0.11959073746565138,11.959073746565139
73,Articles of iron or steel,China,4,"Chicago, IL",0.10974395435319775,10.974395435319776
73,Articles of iron or steel,China,5,"Savannah, GA",0.10971888937619112,10.971888937619113
73,Articles of iron or steel,China,6,"Seattle, WA",0.058295022604952874,5.829502260495287
73,Articles of iron or steel,China,7,"Cleveland, OH",0.046324423742781555,4.632442374278155
73,Articles of iron or steel,China,8,"Norfolk, VA",0.04029157152633164,4.029157152633164
73,Articles of iron or steel,China,9,"Dallas-Fort Worth, TX",0.03539348594396361,3.539348594396361
73,Articles of iron or steel,China,10,"San Francisco, CA",0.034314576401834176,3.431457640183418
73,Articles of iron or steel,Colombia,1,"Houston-Galveston, TX",0.7933372287696674,79.33372287696673
73,Articles of iron or steel,Colombia,2,"Miami, FL",0.09394511167025979,9.394511167025978
73,Articles of iron or steel,Colombia,3,"Minneapolis, MN",0.044114939711565104,4.41149397115651
73,Articles of iron or steel,Colombia,4,"Savannah, GA",0.02273515605601362,2.273515605601362
73,Articles of iron or steel,Colombia,5,"New York City, NY",0.014019774819954015,1.4019774819954014
73,Articles of iron or steel,Colombia,6,"Philadelphia, PA",0.012259049447963863,1.2259049447963863
73,Articles of iron or steel,Colombia,7,"Charleston, SC",0.006915370341287879,0.6915370341287879
73,Articles of iron or steel,Colombia,8,"Detroit, MI",0.00495598858798651,0.495598858798651
73,Articles of iron or steel,Colombia,9,"New Orleans, LA",0.004200773354601837,0.4200773354601837
73,Articles of iron or steel,Colombia,10,"Norfolk, VA",0.003516607240699853,0.3516607240699853
73,Articles of iron or steel,Czech Republic,1,"Houston-Galveston, TX",0.24277680610611502,24.2776806106115
73,Articles of iron or steel,Czech Republic,2,"Wilmington, NC",0.12200313944355982,12.200313944355983
73,Articles of iron or steel,Czech Republic,3,"Savannah, GA",0.11811192511579355,11.811192511579355
73,Articles of iron or steel,Czech Republic,4,"Chicago, IL",0.1178295632579934,11.78295632579934
73,Articles of iron or steel,Czech Republic,5,"Cleveland, OH",0.10737536691709337,10.737536691709337
73,Articles of iron or steel,Czech Republic,6,"New York City, NY",0.08072142303421735,8.072142303421735
73,Articles of iron or steel,Czech Republic,7,"Charleston, SC",0.07993419258472712,7.993419258472711
73,Articles of iron or steel,Czech Republic,8,"San Francisco, CA",0.04729586011693314,4.729586011693314
73,Articles of iron or steel,Czech Republic,9,"Norfolk, VA",0.04201509292125242,4.201509292125242
73,Articles of iron or steel,Czech Republic,10,"Miami, FL",0.04193663050231484,4.193663050231484
73,Articles of iron or steel,Denmark,1,"Norfolk, VA",0.3426685328472874,34.26685328472874
73,Articles of iron or steel,Denmark,2,"Boston, MA",0.25283999672612556,25.283999672612556
73,Articles of iron or steel,Denmark,3,"Houston-Galveston, TX",0.0841455705444245,8.414557054442449
73,Articles of iron or steel,Denmark,4,"Charleston, SC",0.05483023795492167,5.4830237954921675
73,Articles of iron or steel,Denmark,5,"Providence, RI",0.0544904540726959,5.4490454072695895
73,Articles of iron or steel,Denmark,6,"Chicago, IL",0.04795450983771692,4.795450983771692
73,Articles of iron or steel,Denmark,7,"Cleveland, OH",0.04726289726680565,4.726289726680565
73,Articles of iron or steel,Denmark,8,"New York City, NY",0.04657009137376383,4.657009137376384
73,Articles of iron or steel,Denmark,9,"Great Falls, MT",0.03517960876566873,3.5179608765668733
73,Articles of iron or steel,Denmark,10,"Savannah, GA",0.034058100610589837,3.4058100610589834
73,Articles of iron or steel,Dominican Republic,1,"Miami, FL",0.8941200098958509,89.4120009895851
73,Articles of iron or steel,Dominican Republic,2,"Houston-Galveston, TX",0.04857920077410445,4.857920077410445
73,Articles of iron or steel,Dominican Republic,3,"Savannah, GA",0.028829462318872033,2.8829462318872032
73,Articles of iron or steel,Dominican Republic,4,"Tampa, FL",0.0053397614684555245,0.5339761468455525
73,Articles of iron or steel,Dominican Republic,5,"New York City, NY",0.005103617612351605,0.5103617612351605
73,Articles of iron or steel,Dominican Republic,6,"El Paso, TX",0.00505509205604685,0.505509205604685
73,Articles of iron or steel,Dominican Republic,7,"Cleveland, OH",0.00494789618218222,0.494789618218222
73,Articles of iron or steel,Dominican Republic,8,"New Orleans, LA",0.004903215733182325,0.49032157331823245
73,Articles of iron or steel,Dominican Republic,9,"Los Angeles, CA",0.001803657240721783,0.1803657240721783
73,Articles of iron or steel,Dominican Republic,10,"Charleston, SC",0.0013180867182322718,0.1318086718232272
73,Articles of iron or steel,France,1,"Charleston, SC",0.20471501170019787,20.47150117001979
73,Articles of iron or steel,France,2,"Cleveland, OH",0.1588853203613649,15.88853203613649
73,Articles of iron or steel,France,3,"Houston-Galveston, TX",0.14277945036689146,14.277945036689147
73,Articles of iron or steel,France,4,"New York City, NY",0.11618227259056488,11.618227259056487
73,Articles of iron or steel,France,5,"Boston, MA",0.09251813040113643,9.251813040113642
73,Articles of iron or steel,France,6,"Chicago, IL",0.0811165821355026,8.11165821355026
73,Articles of iron or steel,France,7,"New Orleans, LA",0.06343633924337305,6.343633924337305
73,Articles of iron or steel,France,8,"Savannah, GA",0.053144948709164495,5.31449487091645
73,Articles of iron or steel,France,9,"Philadelphia, PA",0.04641910657014888,4.641910657014888
73,Articles of iron or steel,France,10,"Dallas-Fort Worth, TX",0.040802837921655434,4.0802837921655435
73,Articles of iron or steel,Germany,1,"Houston-Galveston, TX",0.2520477650966872,25.20477650966872
73,Articles of iron or steel,Germany,2,"Norfolk, VA",0.11474882324253868,11.47488232425387
73,Articles of iron or steel,Germany,3,"Charleston, SC",0.11464486095979427,11.464486095979428
73,Articles of iron or steel,Germany,4,"Chicago, IL",0.11111874695423958,11.111874695423959
73,Articles of iron or steel,Germany,5,"New York City, NY",0.08737442588606455,8.737442588606454
73,Articles of iron or steel,Germany,6,"New Orleans, LA",0.08175182164698705,8.175182164698706
73,Articles of iron or steel,Germany,7,"Philadelphia, PA",0.0713081086428154,7.130810864281539
73,Articles of iron or steel,Germany,8,"Cleveland, OH",0.06522366781858156,6.522366781858156
73,Articles of iron or steel,Germany,9,"Providence, RI",0.05314158771175047,5.314158771175046
73,Articles of iron or steel,Germany,10,"Savannah, GA",0.04864019204054113,4.864019204054113
73,Articles of iron or steel,Greece,1,"Houston-Galveston, TX",0.6064530458314541,60.64530458314541
73,Articles of iron or steel,Greece,2,"Laredo, TX",0.16388923107957704,16.388923107957705
73,Articles of iron or steel,Greece,3,"New York City, NY",0.05423595814199174,5.423595814199174
73,Articles of iron or steel,Greece,4,"Seattle, WA",0.051457531792054506,5.1457531792054505
73,Articles of iron or steel,Greece,5,"Cleveland, OH",0.04458442931231115,4.458442931231115
73,Articles of iron or steel,Greece,6,"Mobile, AL",0.02416841047988358,2.416841047988358
73,Articles of iron or steel,Greece,7,"Chicago, IL",0.020143372119470364,2.014337211947036
73,Articles of iron or steel,Greece,8,"Baltimore, MD",0.015596358700992435,1.5596358700992434
73,Articles of iron or steel,Greece,9,"Los Angeles, CA",0.011141599361893115,1.1141599361893115
73,Articles of iron or steel,Greece,10,"Savannah, GA",0.00833006318037198,0.833006318037198
73,Articles of iron or steel,Hungary,1,"Houston-Galveston, TX",0.26360080704465844,26.360080704465844
73,Articles of iron or steel,Hungary,2,"Miami, FL",0.14458082589687854,14.458082589687853
73,Articles of iron or steel,Hungary,3,"Savannah, GA",0.1400664225682584,14.006642256825842
73,Articles of iron or steel,Hungary,4,"Chicago, IL",0.09074466207802781,9.07446620780278
73,Articles of iron or steel,Hungary,5,"New York City, NY",0.09026055789717208,9.026055789717208
73,Articles of iron or steel,Hungary,6,"Cleveland, OH",0.07560731505710502,7.5607315057105025
73,Articles of iron or steel,Hungary,7,"Los Angeles, CA",0.07126856862022907,7.1268568620229065
73,Articles of iron or steel,Hungary,8,"Wilmington, NC",0.05301044631720312,5.301044631720312
73,Articles of iron or steel,Hungary,9,"Charleston, SC",0.03780488657643215,3.7804886576432146
73,Articles of iron or steel,Hungary,10,"Baltimore, MD",0.03305550794403526,3.305550794403526
73,Articles of iron or steel,India,1,"Houston-Galveston, TX",0.31574212992656103,31.574212992656104
73,Articles of iron or steel,India,2,"New York City, NY",0.1309737090620149,13.097370906201489
73,Articles of iron or steel,India,3,"Savannah, GA",0.10484686291637753,10.484686291637752
73,Articles of iron or steel,India,4,"Chicago, IL",0.10047122333290813,10.047122333290814
73,Articles of iron or steel,India,5,"Los Angeles, CA",0.0902393915712125,9.02393915712125
73,Articles of iron or steel,India,6,"Norfolk, VA",0.0744287515565696,7.44287515565696
73,Articles of iron or steel,India,7,"Cleveland, OH",0.05981843480445757,5.9818434804457565
73,Articles of iron or steel,India,8,"Charleston, SC",0.05247750817375953,5.247750817375953
73,Articles of iron or steel,India,9,"Tampa, FL",0.03707780392468126,3.707780392468126
73,Articles of iron or steel,India,10,"New Orleans, LA",0.03392418473145797,3.3924184731457965
73,Articles of iron or steel,Indonesia,1,"Los Angeles, CA",0.23424003215723985,23.424003215723985
73,Articles of iron or steel,Indonesia,2,"New York City, NY",0.17679960557499247,17.679960557499246
73,Articles of iron or steel,Indonesia,3,"Houston-Galveston, TX",0.1618332379057827,16.183323790578267
73,Articles of iron or steel,Indonesia,4,"New Orleans, LA",0.1561096835564594,15.61096835564594
73,Articles of iron or steel,Indonesia,5,"Savannah, GA",0.07507324951874168,7.5073249518741685
73,Articles of iron or steel,Indonesia,6,"Charleston, SC",0.07407316951293157,7.407316951293157
73,Articles of iron or steel,Indonesia,7,"Columbia-Snake, OR",0.03513255348499453,3.513255348499453
73,Articles of iron or steel,Indonesia,8,"Seattle, WA",0.03401878356901194,3.401878356901194
73,Articles of iron or steel,Indonesia,9,"San Francisco, CA",0.02659090521477263,2.659090521477263
73,Articles of iron or steel,Indonesia,10,"Norfolk, VA",0.026128779505073172,2.6128779505073174
73,Articles of iron or steel,Italy,1,"Houston-Galveston, TX",0.42350831549405754,42.350831549405754
73,Articles of iron or steel,Italy,2,"New York City, NY",0.1390091540260688,13.90091540260688
73,Articles of iron or steel,Italy,3,"Chicago, IL",0.11069152638070982,11.069152638070982
73,Articles of iron or steel,Italy,4,"New Orleans, LA",0.07755294089253664,7.755294089253664
73,Articles of iron or steel,Italy,5,"Los Angeles, CA",0.06464604612127361,6.464604612127362
73,Articles of iron or steel,Italy,6,"Miami, FL",0.047960639353757654,4.7960639353757655
73,Articles of iron or steel,Italy,7,"Savannah, GA",0.04643322185568545,4.643322185568545
73,Articles of iron or steel,Italy,8,"Cleveland, OH",0.040563978686368025,4.056397868636803
73,Articles of iron or steel,Italy,9,"Norfolk, VA",0.026337021892229747,2.6337021892229746
73,Articles of iron or steel,Italy,10,"Charleston, SC",0.02329715529731273,2.329715529731273
73,Articles of iron or steel,Japan,1,"Houston-Galveston, TX",0.2414743859231537,24.14743859231537
73,Articles of iron or steel,Japan,2,"Chicago, IL",0.15547890920272517,15.547890920272517
73,Articles of iron or steel,Japan,3,"Los Angeles, CA",0.1380449445019756,13.804494450197561
73,Articles of iron or steel,Japan,4,"Cleveland, OH",0.10945662814157486,10.945662814157487
73,Articles of iron or steel,Japan,5,"New Orleans, LA",0.1086872458423371,10.86872458423371
73,Articles of iron or steel,Japan,6,"Seattle, WA",0.07714318953931314,7.714318953931314
73,Articles of iron or steel,Japan,7,"Savannah, GA",0.0728421026595927,7.2842102659592705
73,Articles of iron or steel,Japan,8,"Detroit, MI",0.03863414951171287,3.863414951171287
73,Articles of iron or steel,Japan,9,"Wilmington, NC",0.03243209487274616,3.243209487274616
73,Articles of iron or steel,Japan,10,"New York City, NY",0.02580634980486861,2.580634980486861
73,Articles of iron or steel,"Korea, South",1,"Houston-Galveston, TX",0.5279483508378554,52.79483508378554
73,Articles of iron or steel,"Korea, South",2,"Los Angeles, CA",0.1613027774475717,16.130277744757173
73,Articles of iron or steel,"Korea, South",3,"Savannah, GA",0.08834524900857314,8.834524900857314
73,Articles of iron or steel,"Korea, South",4,"Mobile, AL",0.04965002154935603,4.965002154935603
73,Articles of iron or steel,"Korea, South",5,"New York City, NY",0.0443536475051613,4.43536475051613
73,Articles of iron or steel,"Korea, South",6,"Chicago, IL",0.04230805524220639,4.2308055242206395
73,Articles of iron or steel,"Korea, South",7,"Seattle, WA",0.028329742648754257,2.8329742648754257
73,Articles of iron or steel,"Korea, South",8,"New Orleans, LA",0.021647447396609686,2.1647447396609687
73,Articles of iron or steel,"Korea, South",9,"Detroit, MI",0.01999595559980369,1.999595559980369
73,Articles of iron or steel,"Korea, South",10,"Columbia-Snake, OR",0.01611875276410843,1.611875276410843
73,Articles of iron or steel,Liechtenstein,1,"New York City, NY",0.4824155488503767,48.241554885037665
73,Articles of iron or steel,Liechtenstein,2,"Houston-Galveston, TX",0.3359539652728665,33.595396527286645
73,Articles of iron or steel,Liechtenstein,3,"Laredo, TX",0.1311922897047163,13.11922897047163
73,Articles of iron or steel,Liechtenstein,4,"Dallas-Fort Worth, TX",0.04348171033574486,4.348171033574486
73,Articles of iron or steel,Liechtenstein,5,"Detroit, MI",0.0018604424536797818,0.18604424536797817
73,Articles of iron or steel,Liechtenstein,6,"Buffalo, NY",0.0015074828685163325,0.15074828685163325
73,Articles of iron or steel,Liechtenstein,7,"Cleveland, OH",0.0011949219098780033,0.11949219098780033
73,Articles of iron or steel,Liechtenstein,8,"Seattle, WA",0.001045071313909531,0.1045071313909531
73,Articles of iron or steel,Liechtenstein,9,"Norfolk, VA",0.0006986624246878356,0.06986624246878356
73,Articles of iron or steel,Liechtenstein,10,"Tampa, FL",0.0006499048656241136,0.06499048656241135
73,Articles of iron or steel,Lithuania,1,"Savannah, GA",0.20990579041815202,20.990579041815202
73,Articles of iron or steel,Lithuania,2,"Houston-Galveston, TX",0.20264205481056421,20.264205481056422
73,Articles of iron or steel,Lithuania,3,"Charleston, SC",0.16699251882583813,16.699251882583813
73,Articles of iron or steel,Lithuania,4,"New York City, NY",0.09494198408610928,9.494198408610927
73,Articles of iron or steel,Lithuania,5,"Miami, FL",0.08404566809659825,8.404566809659825
73,Articles of iron or steel,Lithuania,6,"Norfolk, VA",0.07437924598252876,7.437924598252876
73,Articles of iron or steel,Lithuania,7,"Seattle, WA",0.053157307019045585,5.315730701904559
73,Articles of iron or steel,Lithuania,8,"Los Angeles, CA",0.045871066263875354,4.587106626387535
73,Articles of iron or steel,Lithuania,9,"Mobile, AL",0.041875460240981155,4.187546024098116
73,Articles of iron or steel,Lithuania,10,"El Paso, TX",0.02618890425630735,2.618890425630735
73,Articles of iron or steel,Luxembourg,1,"Mobile, AL",0.22736013128595034,22.736013128595033
73,Articles of iron or steel,Luxembourg,2,"Houston-Galveston, TX",0.21914629743461486,21.914629743461486
73,Articles of iron or steel,Luxembourg,3,"Philadelphia, PA",0.16461913579796678,16.46191357979668
73,Articles of iron or steel,Luxembourg,4,"St. Albans, VT",0.13678177835885102,13.678177835885103
73,Articles of iron or steel,Luxembourg,5,"Tampa, FL",0.08991482748024808,8.991482748024808
73,Articles of iron or steel,Luxembourg,6,"San Diego, CA",0.05319748190486877,5.319748190486877
73,Articles of iron or steel,Luxembourg,7,"Detroit, MI",0.03599567104424338,3.599567104424338
73,Articles of iron or steel,Luxembourg,8,"Ogdensburg, NY",0.02846194612644293,2.846194612644293
73,Articles of iron or steel,Luxembourg,9,"Boston, MA",0.02535563656391563,2.535563656391563
73,Articles of iron or steel,Luxembourg,10,"Portland, ME",0.01916709400289822,1.916709400289822
73,Articles of iron or steel,Malaysia,1,"Houston-Galveston, TX",0.2666200206311918,26.66200206311918
73,Articles of iron or steel,Malaysia,2,"Los Angeles, CA",0.20478449936942844,20.478449936942845
73,Articles of iron or steel,Malaysia,3,"New York City, NY",0.1140850527999121,11.40850527999121
73,Articles of iron or steel,Malaysia,4,"Savannah, GA",0.08688934886074702,8.688934886074701
73,Articles of iron or steel,Malaysia,5,"New Orleans, LA",0.06991096306964134,6.991096306964134
73,Articles of iron or steel,Malaysia,6,"Cleveland, OH",0.06195666688442971,6.195666688442971
73,Articles of iron or steel,Malaysia,7,"Charleston, SC",0.05163814643173437,5.1638146431734375
73,Articles of iron or steel,Malaysia,8,"San Francisco, CA",0.0503553547337254,5.03553547337254
73,Articles of iron or steel,Malaysia,9,"Chicago, IL",0.04896653943359134,4.896653943359134
73,Articles of iron or steel,Malaysia,10,"Norfolk, VA",0.04479340778559842,4.479340778559842
73,Articles of iron or steel,Mexico,1,"Laredo, TX",0.7883822147114896,78.83822147114896
73,Articles of iron or steel,Mexico,2,"San Diego, CA",0.07902695796836673,7.902695796836673
73,Articles of iron or steel,Mexico,3,"El Paso, TX",0.07401401581811082,7.401401581811082
73,Articles of iron or steel,Mexico,4,"Houston-Galveston, TX",0.0441353801064257,4.41353801064257
73,Articles of iron or steel,Mexico,5,"Nogales, AZ",0.00831785766173455,0.831785766173455
73,Articles of iron or steel,Mexico,6,"Cleveland, OH",0.0014359223453793515,0.14359223453793515
73,Articles of iron or steel,Mexico,7,"Tampa, FL",0.0013498232200339104,0.13498232200339103
73,Articles of iron or steel,Mexico,8,"Norfolk, VA",0.0012153206861241096,0.12153206861241095
73,Articles of iron or steel,Mexico,9,"New Orleans, LA",0.0011330822339621635,0.11330822339621635
73,Articles of iron or steel,Mexico,10,"New York City, NY",0.000989425248373052,0.09894252483730522
73,Articles of iron or steel,Netherlands,1,"New York City, NY",0.3891503299324908,38.915032993249085
73,Articles of iron or steel,Netherlands,2,"Houston-Galveston, TX",0.18617197058360851,18.61719705836085
73,Articles of iron or steel,Netherlands,3,"Savannah, GA",0.07149652767081274,7.149652767081275
73,Articles of iron or steel,Netherlands,4,"Philadelphia, PA",0.056555251928013035,5.655525192801304
73,Articles of iron or steel,Netherlands,5,"Cleveland, OH",0.056264568514341286,5.626456851434129
73,Articles of iron or steel,Netherlands,6,"Seattle, WA",0.05318830349644391,5.318830349644391
73,Articles of iron or steel,Netherlands,7,"Chicago, IL",0.0529099933557498,5.29099933557498
73,Articles of iron or steel,Netherlands,8,"Los Angeles, CA",0.050199863849488276,5.019986384948828
73,Articles of iron or steel,Netherlands,9,"New Orleans, LA",0.04222933447012571,4.222933447012571
73,Articles of iron or steel,Netherlands,10,"Charleston, SC",0.04183385619892592,4.183385619892592
73,Articles of iron or steel,Oman,1,"Houston-Galveston, TX",0.2542159975725469,25.421599757254693
73,Articles of iron or steel,Oman,2,"Charleston, SC",0.18778379145305987,18.778379145305987
73,Articles of iron or steel,Oman,3,"Savannah, GA",0.14503267729903488,14.503267729903488
73,Articles of iron or steel,Oman,4,"New York City, NY",0.1101932375511443,11.01932375511443
73,Articles of iron or steel,Oman,5,"Los Angeles, CA",0.07137504668069217,7.137504668069217
73,Articles of iron or steel,Oman,6,"Cleveland, OH",0.06409470941687245,6.409470941687245
73,Articles of iron or steel,Oman,7,"Baltimore, MD",0.05266542498767064,5.266542498767064
73,Articles of iron or steel,Oman,8,"San Francisco, CA",0.04612792724532369,4.612792724532369
73,Articles of iron or steel,Oman,9,"Norfolk, VA",0.03513588921483874,3.513588921483874
73,Articles of iron or steel,Oman,10,"Minneapolis, MN",0.03337529857881633,3.3375298578816333
73,Articles of iron or steel,Poland,1,"Norfolk, VA",0.20137724806312882,20.13772480631288
73,Articles of iron or steel,Poland,2,"New York City, NY",0.15827105748876336,15.827105748876335
73,Articles of iron or steel,Poland,3,"Houston-Galveston, TX",0.1455834006952612,14.558340069526121
73,Articles of iron or steel,Poland,4,"Chicago, IL",0.10915772505733742,10.915772505733742
73,Articles of iron or steel,Poland,5,"Charleston, SC",0.09947341680711223,9.947341680711224
73,Articles of iron or steel,Poland,6,"Detroit, MI",0.09895369187422752,9.895369187422752
73,Articles of iron or steel,Poland,7,"Cleveland, OH",0.07131526225975708,7.131526225975708
73,Articles of iron or steel,Poland,8,"Savannah, GA",0.04679856588890823,4.679856588890823
73,Articles of iron or steel,Poland,9,"Boston, MA",0.036512347995853366,3.6512347995853367
73,Articles of iron or steel,Poland,10,"Buffalo, NY",0.0325572838696508,3.2557283869650804
73,Articles of iron or steel,Portugal,1,"Houston-Galveston, TX",0.36383292655133337,36.38329265513334
73,Articles of iron or steel,Portugal,2,"Norfolk, VA",0.14150568299847452,14.150568299847452
73,Articles of iron or steel,Portugal,3,"New York City, NY",0.13743217419277717,13.743217419277718
73,Articles of iron or steel,Portugal,4,"Boston, MA",0.09697160564848822,9.697160564848822
73,Articles of iron or steel,Portugal,5,"Cleveland, OH",0.09353049898748135,9.353049898748136
73,Articles of iron or steel,Portugal,6,"Miami, FL",0.0545125762517268,5.45125762517268
73,Articles of iron or steel,Portugal,7,"Savannah, GA",0.044143075950241466,4.414307595024146
73,Articles of iron or steel,Portugal,8,"Chicago, IL",0.030129380828419126,3.0129380828419126
73,Articles of iron or steel,Portugal,9,"San Francisco, CA",0.01923751141850561,1.923751141850561
73,Articles of iron or steel,Portugal,10,"Mobile, AL",0.01870456717255225,1.8704567172552249
73,Articles of iron or steel,Romania,1,"Houston-Galveston, TX",0.6379972458896301,63.79972458896302
73,Articles of iron or steel,Romania,2,"Charleston, SC",0.28852367482197616,28.852367482197614
73,Articles of iron or steel,Romania,3,"Savannah, GA",0.030790728877656534,3.0790728877656535
73,Articles of iron or steel,Romania,4,"Norfolk, VA",0.013025196437514937,1.3025196437514936
73,Articles of iron or steel,Romania,5,"New York City, NY",0.006637768099602415,0.6637768099602416
73,Articles of iron or steel,Romania,6,"Detroit, MI",0.006157033124711538,0.6157033124711538
73,Articles of iron or steel,Romania,7,"Cleveland, OH",0.004847292949381137,0.4847292949381137
73,Articles of iron or steel,Romania,8,"Los Angeles, CA",0.004197395049838115,0.4197395049838115
73,Articles of iron or steel,Romania,9,"New Orleans, LA",0.003974855590811652,0.3974855590811652
73,Articles of iron or steel,Romania,10,"Chicago, IL",0.003848809158877364,0.3848809158877364
73,Articles of iron or steel,South Africa,1,"Houston-Galveston, TX",0.6193010152790546,61.93010152790546
73,Articles of iron or steel,South Africa,2,"Charleston, SC",0.12753637935831388,12.753637935831389
73,Articles of iron or steel,South Africa,3,"New York City, NY",0.05323344893611745,5.323344893611745
73,Articles of iron or steel,South Africa,4,"Norfolk, VA",0.052580202770735274,5.258020277073527
73,Articles of iron or steel,South Africa,5,"Los Angeles, CA",0.04801967980749336,4.801967980749336
73,Articles of iron or steel,South Africa,6,"Detroit, MI",0.027592936954152825,2.7592936954152822
73,Articles of iron or steel,South Africa,7,"New Orleans, LA",0.021760121730378414,2.1760121730378414
73,Articles of iron or steel,South Africa,8,"Seattle, WA",0.021699592493391824,2.1699592493391826
73,Articles of iron or steel,South Africa,9,"Baltimore, MD",0.01717819285069141,1.7178192850691412
73,Articles of iron or steel,South Africa,10,"Wilmington, NC",0.011098429819671018,1.1098429819671018
73,Articles of iron or steel,Spain,1,"Houston-Galveston, TX",0.5403493671783214,54.03493671783214
73,Articles of iron or steel,Spain,2,"New York City, NY",0.0828667307664732,8.28667307664732
73,Articles of iron or steel,Spain,3,"Boston, MA",0.07195514579663173,7.195514579663173
73,Articles of iron or steel,Spain,4,"Chicago, IL",0.06034294355895785,6.034294355895785
73,Articles of iron or steel,Spain,5,"Savannah, GA",0.05330817196943457,5.330817196943457
73,Articles of iron or steel,Spain,6,"New Orleans, LA",0.04652787276088705,4.652787276088706
73,Articles of iron or steel,Spain,7,"Detroit, MI",0.041187300564229125,4.118730056422913
73,Articles of iron or steel,Spain,8,"Charleston, SC",0.04075408370049455,4.0754083700494546
73,Articles of iron or steel,Spain,9,"Great Falls, MT",0.032125912569982776,3.2125912569982775
73,Articles of iron or steel,Spain,10,"Cleveland, OH",0.030582471134587653,3.058247113458765
73,Articles of iron or steel,Switzerland,1,"New York City, NY",0.2658137166005422,26.58137166005422
73,Articles of iron or steel,Switzerland,2,"Chicago, IL",0.13780079713858287,13.780079713858287
73,Articles of iron or steel,Switzerland,3,"Cleveland, OH",0.12057612757663153,12.057612757663152
73,Articles of iron or steel,Switzerland,4,"Norfolk, VA",0.08043244271452216,8.043244271452215
73,Articles of iron or steel,Switzerland,5,"Savannah, GA",0.07728406908080195,7.728406908080195
73,Articles of iron or steel,Switzerland,6,"Los Angeles, CA",0.07517132921563932,7.517132921563932
73,Articles of iron or steel,Switzerland,7,"Charleston, SC",0.07128318854589764,7.128318854589764
73,Articles of iron or steel,Switzerland,8,"Houston-Galveston, TX",0.07038504574699485,7.038504574699485
73,Articles of iron or steel,Switzerland,9,"New Orleans, LA",0.06887009494924519,6.887009494924519
73,Articles of iron or steel,Switzerland,10,"Miami, FL",0.03238318843114237,3.238318843114237
73,Articles of iron or steel,Taiwan,1,"Los Angeles, CA",0.24018298421826106,24.018298421826106
73,Articles of iron or steel,Taiwan,2,"Chicago, IL",0.2109365838475819,21.09365838475819
73,Articles of iron or steel,Taiwan,3,"New York City, NY",0.12241714001608303,12.241714001608303
73,Articles of iron or steel,Taiwan,4,"Houston-Galveston, TX",0.12087292939705983,12.087292939705984
73,Articles of iron or steel,Taiwan,5,"Savannah, GA",0.07491805487745574,7.491805487745575
73,Articles of iron or steel,Taiwan,6,"Cleveland, OH",0.061174112217197124,6.1174112217197125
73,Articles of iron or steel,Taiwan,7,"Seattle, WA",0.05069768812134075,5.0697688121340745
73,Articles of iron or steel,Taiwan,8,"Detroit, MI",0.045534791293651324,4.553479129365132
73,Articles of iron or steel,Taiwan,9,"San Francisco, CA",0.04037938456503957,4.037938456503957
73,Articles of iron or steel,Taiwan,10,"New Orleans, LA",0.03288633144632972,3.288633144632972
73,Articles of iron or steel,Thailand,1,"Los Angeles, CA",0.290208100897901,29.0208100897901
73,Articles of iron or steel,Thailand,2,"Houston-Galveston, TX",0.24053031460654545,24.053031460654545
73,Articles of iron or steel,Thailand,3,"New York City, NY",0.12101061333613627,12.101061333613627
73,Articles of iron or steel,Thailand,4,"Chicago, IL",0.09054184878059629,9.05418487805963
73,Articles of iron or steel,Thailand,5,"Savannah, GA",0.08320519588323286,8.320519588323286
73,Articles of iron or steel,Thailand,6,"San Francisco, CA",0.04654432968473934,4.654432968473934
73,Articles of iron or steel,Thailand,7,"Tampa, FL",0.03671619018412726,3.6716190184127258
73,Articles of iron or steel,Thailand,8,"Charleston, SC",0.03263231792644078,3.2632317926440777
73,Articles of iron or steel,Thailand,9,"Seattle, WA",0.03083353696840912,3.083353696840912
73,Articles of iron or steel,Thailand,10,"Norfolk, VA",0.02777755173187171,2.777755173187171
73,Articles of iron or steel,Turkey,1,"Houston-Galveston, TX",0.612953902748334,61.295390274833395
73,Articles of iron or steel,Turkey,2,"New York City, NY",0.12173224958430713,12.173224958430714
73,Articles of iron or steel,Turkey,3,"Savannah, GA",0.06477054261407204,6.477054261407204
73,Articles of iron or steel,Turkey,4,"New Orleans, LA",0.046086782295723945,4.608678229572394
73,Articles of iron or steel,Turkey,5,"Port Arthur, TX",0.03884896521127062,3.884896521127062
73,Articles of iron or steel,Turkey,6,"Chicago, IL",0.026012439155578854,2.6012439155578853
73,Articles of iron or steel,Turkey,7,"Cleveland, OH",0.02476142829546905,2.4761428295469052
73,Articles of iron or steel,Turkey,8,"Norfolk, VA",0.02380410544258323,2.3804105442583228
73,Articles of iron or steel,Turkey,9,"Miami, FL",0.02095278674297624,2.095278674297624
73,Articles of iron or steel,Turkey,10,"Los Angeles, CA",0.02007679790968499,2.007679790968499
73,Articles of iron or steel,Ukraine,1,"Houston-Galveston, TX",0.8923993222631585,89.23993222631586
73,Articles of iron or steel,Ukraine,2,"New York City, NY",0.040992747973567854,4.099274797356785
73,Articles of iron or steel,Ukraine,3,"Miami, FL",0.015601547111199389,1.5601547111199388
73,Articles of iron or steel,Ukraine,4,"St. Louis, MO",0.015484451462824563,1.5484451462824562
73,Articles of iron or steel,Ukraine,5,"Charleston, SC",0.00992429484968094,0.992429484968094
73,Articles of iron or steel,Ukraine,6,"Savannah, GA",0.006403350489104153,0.6403350489104154
73,Articles of iron or steel,Ukraine,7,"Chicago, IL",0.00639690246309969,0.639690246309969
73,Articles of iron or steel,Ukraine,8,"Los Angeles, CA",0.005099728051677496,0.5099728051677496
73,Articles of iron or steel,Ukraine,9,"Minneapolis, MN",0.003979795288759044,0.3979795288759044
73,Articles of iron or steel,Ukraine,10,"Philadelphia, PA",0.003717860046928213,0.3717860046928213
73,Articles of iron or steel,United Arab Emirates,1,"Houston-Galveston, TX",0.6131900461306126,61.31900461306125
73,Articles of iron or steel,United Arab Emirates,2,"Mobile, AL",0.07363716301388236,7.363716301388236
73,Articles of iron or steel,United Arab Emirates,3,"Los Angeles, CA",0.05913282932892879,5.913282932892879
73,Articles of iron or steel,United Arab Emirates,4,"Savannah, GA",0.05857164626983251,5.857164626983251
73,Articles of iron or steel,United Arab Emirates,5,"New York City, NY",0.05550084698800438,5.550084698800438
73,Articles of iron or steel,United Arab Emirates,6,"Baltimore, MD",0.039674376483614576,3.9674376483614577
73,Articles of iron or steel,United Arab Emirates,7,"Tampa, FL",0.03533424253652124,3.533424253652124
73,Articles of iron or steel,United Arab Emirates,8,"San Francisco, CA",0.03038101654417607,3.038101654417607
73,Articles of iron or steel,United Arab Emirates,9,"New Orleans, LA",0.02096058420892345,2.0960584208923447
73,Articles of iron or steel,United Arab Emirates,10,"Seattle, WA",0.013617248495504015,1.3617248495504015
73,Articles of iron or steel,United Kingdom,1,"Houston-Galveston, TX",0.27664654390030724,27.664654390030723
73,Articles of iron or steel,United Kingdom,2,"New York City, NY",0.1317697236539492,13.17697236539492
73,Articles of iron or steel,United Kingdom,3,"New Orleans, LA",0.1184799329746508,11.84799329746508
73,Articles of iron or steel,United Kingdom,4,"Detroit, MI",0.10136089976959382,10.136089976959383
73,Articles of iron or steel,United Kingdom,5,"Cleveland, OH",0.09927709768393218,9.927709768393218
73,Articles of iron or steel,United Kingdom,6,"Dallas-Fort Worth, TX",0.07399974862339936,7.399974862339937
73,Articles of iron or steel,United Kingdom,7,"Chicago, IL",0.07029152733614559,7.029152733614559
73,Articles of iron or steel,United Kingdom,8,"Philadelphia, PA",0.0512891766609199,5.12891766609199
73,Articles of iron or steel,United Kingdom,9,"Savannah, GA",0.041698991696138867,4.1698991696138865
73,Articles of iron or steel,United Kingdom,10,"Baltimore, MD",0.03518635770096308,3.5186357700963082
73,Articles of iron or steel,Vietnam,1,"Los Angeles, CA",0.2186782461414908,21.867824614149082
73,Articles of iron or steel,Vietnam,2,"Savannah, GA",0.20687658827132693,20.687658827132694
73,Articles of iron or steel,Vietnam,3,"Houston-Galveston, TX",0.18579102757277433,18.579102757277433
73,Articles of iron or steel,Vietnam,4,"New York City, NY",0.10839058281419922,10.839058281419922
73,Articles of iron or steel,Vietnam,5,"Chicago, IL",0.06868272434791953,6.868272434791953
73,Articles of iron or steel,Vietnam,6,"Norfolk, VA",0.05964990119227362,5.9649901192273616
73,Articles of iron or steel,Vietnam,7,"Seattle, WA",0.047731412078437625,4.7731412078437625
73,Articles of iron or steel,Vietnam,8,"Cleveland, OH",0.04326894875344144,4.326894875344144
73,Articles of iron or steel,Vietnam,9,"Dallas-Fort Worth, TX",0.033544766739201454,3.3544766739201455
73,Articles of iron or steel,Vietnam,10,"San Francisco, CA",0.027385802088935048,2.738580208893505
76,Articles of aluminum,Argentina,1,"Tampa, FL",0.4713500143486113,47.13500143486113
76,Articles of aluminum,Argentina,2,"Mobile, AL",0.2568098169571799,25.680981695717993
76,Articles of aluminum,Argentina,3,"Port Arthur, TX",0.2560424231094855,25.60424231094855
76,Articles of aluminum,Argentina,4,"Cleveland, OH",0.005157541392000717,0.5157541392000717
76,Articles of aluminum,Argentina,5,"New York City, NY",0.003805246579819525,0.3805246579819525
76,Articles of aluminum,Argentina,6,"Houston-Galveston, TX",0.003036347867804964,0.30363478678049644
76,Articles of aluminum,Argentina,7,"Minneapolis, MN",0.0028252706945664664,0.28252706945664663
76,Articles of aluminum,Argentina,8,"Miami, FL",0.0005120612125621806,0.05120612125621806
76,Articles of aluminum,Argentina,9,"New Orleans, LA",0.00023145405119328987,0.023145405119328985
76,Articles of aluminum,Argentina,10,"Chicago, IL",0.00022982378677626852,0.02298237867762685
76,Articles of aluminum,Australia,1,"New Orleans, LA",0.3782427255445176,37.82427255445176
76,Articles of aluminum,Australia,2,"Los Angeles, CA",0.24882968754577048,24.882968754577046
76,Articles of aluminum,Australia,3,"Baltimore, MD",0.13698537640529146,13.698537640529146
76,Articles of aluminum,Australia,4,"Charleston, SC",0.0884010455548128,8.84010455548128
76,Articles of aluminum,Australia,5,"Houston-Galveston, TX",0.05624512104647599,5.624512104647599
76,Articles of aluminum,Australia,6,"Savannah, GA",0.029752733204211606,2.9752733204211608
76,Articles of aluminum,Australia,7,"Philadelphia, PA",0.020060991479144072,2.0060991479144072
76,Articles of aluminum,Australia,8,"Laredo, TX",0.01826645244204989,1.826645244204989
76,Articles of aluminum,Australia,9,"Seattle, WA",0.018012547824401887,1.8012547824401888
76,Articles of aluminum,Australia,10,"New York City, NY",0.005203318953324176,0.5203318953324176
76,Articles of aluminum,Austria,1,"New York City, NY",0.5410538300196662,54.10538300196662
76,Articles of aluminum,Austria,2,"Charleston, SC",0.11674176724618315,11.674176724618315
76,Articles of aluminum,Austria,3,"Houston-Galveston, TX",0.06779077981468182,6.779077981468181
76,Articles of aluminum,Austria,4,"Los Angeles, CA",0.058539219221535745,5.8539219221535745
76,Articles of aluminum,Austria,5,"Norfolk, VA",0.04748895944034986,4.748895944034985
76,Articles of aluminum,Austria,6,"Savannah, GA",0.041829700955727196,4.18297009557272
76,Articles of aluminum,Austria,7,"Chicago, IL",0.03923623451870372,3.923623451870372
76,Articles of aluminum,Austria,8,"St. Louis, MO",0.03817302611578918,3.8173026115789184
76,Articles of aluminum,Austria,9,"Cleveland, OH",0.025038288495322664,2.5038288495322663
76,Articles of aluminum,Austria,10,"Seattle, WA",0.024108194172040402,2.4108194172040402
76,Articles of aluminum,Bahrain,1,"Baltimore, MD",0.34986781906260445,34.98678190626045
76,Articles of aluminum,Bahrain,2,"Houston-Galveston, TX",0.20011607920978472,20.011607920978474
76,Articles of aluminum,Bahrain,3,"Savannah, GA",0.1725299901214178,17.252999012141778
76,Articles of aluminum,Bahrain,4,"New Orleans, LA",0.07473533512320296,7.473533512320296
76,Articles of aluminum,Bahrain,5,"New York City, NY",0.07233596810329036,7.233596810329036
76,Articles of aluminum,Bahrain,6,"Los Angeles, CA",0.05501515932457757,5.501515932457757
76,Articles of aluminum,Bahrain,7,"Tampa, FL",0.040594665953401686,4.059466595340169
76,Articles of aluminum,Bahrain,8,"Norfolk, VA",0.01539258626497808,1.5392586264978079
76,Articles of aluminum,Bahrain,9,"Charleston, SC",0.012680177961274337,1.2680177961274337
76,Articles of aluminum,Bahrain,10,"Seattle, WA",0.006732218875468121,0.6732218875468121
76,Articles of aluminum,Belgium,1,"Philadelphia, PA",0.350811280659606,35.0811280659606
76,Articles of aluminum,Belgium,2,"Houston-Galveston, TX",0.1608848842954034,16.08848842954034
76,Articles of aluminum,Belgium,3,"Savannah, GA",0.13631151935428154,13.631151935428154
76,Articles of aluminum,Belgium,4,"Charleston, SC",0.08131506104284153,8.131506104284153
76,Articles of aluminum,Belgium,5,"New York City, NY",0.06529554041880552,6.5295540418805516
76,Articles of aluminum,Belgium,6,"Norfolk, VA",0.06521786362398338,6.521786362398338
76,Articles of aluminum,Belgium,7,"Detroit, MI",0.04612382835219688,4.612382835219688
76,Articles of aluminum,Belgium,8,"Chicago, IL",0.044463748147835006,4.446374814783501
76,Articles of aluminum,Belgium,9,"Los Angeles, CA",0.029416758485715427,2.941675848571543
76,Articles of aluminum,Belgium,10,"San Francisco, CA",0.020159515619331277,2.015951561933128
76,Articles of aluminum,Brazil,1,"Houston-Galveston, TX",0.3596541504795692,35.965415047956924
76,Articles of aluminum,Brazil,2,"Savannah, GA",0.3348357383003173,33.48357383003173
76,Articles of aluminum,Brazil,3,"Charleston, SC",0.10313032809000384,10.313032809000385
76,Articles of aluminum,Brazil,4,"New Orleans, LA",0.07110723541727858,7.110723541727857
76,Articles of aluminum,Brazil,5,"Chicago, IL",0.031879254140001805,3.1879254140001803
76,Articles of aluminum,Brazil,6,"New York City, NY",0.028858865195794482,2.885886519579448
76,Articles of aluminum,Brazil,7,"Philadelphia, PA",0.02312893905320418,2.3128939053204176
76,Articles of aluminum,Brazil,8,"Baltimore, MD",0.017518256496419075,1.7518256496419076
76,Articles of aluminum,Brazil,9,"Cleveland, OH",0.016208377492013273,1.6208377492013273
76,Articles of aluminum,Brazil,10,"Buffalo, NY",0.013678855335398237,1.3678855335398237
76,Articles of aluminum,Cambodia,1,"Los Angeles, CA",0.2663827804884345,26.63827804884345
76,Articles of aluminum,Cambodia,2,"Charleston, SC",0.17747996957255718,17.74799695725572
76,Articles of aluminum,Cambodia,3,"New York City, NY",0.120649620344619,12.0649620344619
76,Articles of aluminum,Cambodia,4,"Savannah, GA",0.11705741640969022,11.705741640969022
76,Articles of aluminum,Cambodia,5,"New Orleans, LA",0.08292558275525796,8.292558275525796
76,Articles of aluminum,Cambodia,6,"Seattle, WA",0.07048521881868622,7.048521881868622
76,Articles of aluminum,Cambodia,7,"Norfolk, VA",0.054210655089671475,5.421065508967147
76,Articles of aluminum,Cambodia,8,"Minneapolis, MN",0.03958329002375345,3.9583290023753452
76,Articles of aluminum,Cambodia,9,"Chicago, IL",0.03724538510622586,3.724538510622586
76,Articles of aluminum,Cambodia,10,"Dallas-Fort Worth, TX",0.03398008139110415,3.398008139110415
76,Articles of aluminum,Canada,1,"Detroit, MI",0.48280813735011324,48.28081373501132
76,Articles of aluminum,Canada,2,"Ogdensburg, NY",0.1931588303291818,19.31588303291818
76,Articles of aluminum,Canada,3,"Buffalo, NY",0.08477447374297,8.477447374297
76,Articles of aluminum,Canada,4,"Cleveland, OH",0.056011641616892975,5.601164161689297
76,Articles of aluminum,Canada,5,"Baltimore, MD",0.044703740659405126,4.470374065940512
76,Articles of aluminum,Canada,6,"New Orleans, LA",0.04155750014819142,4.155750014819142
76,Articles of aluminum,Canada,7,"Seattle, WA",0.039124832209980254,3.912483220998025
76,Articles of aluminum,Canada,8,"Duluth, MN",0.031615194341120416,3.1615194341120416
76,Articles of aluminum,Canada,9,"Pembina, ND",0.016874601562591376,1.6874601562591376
76,Articles of aluminum,Canada,10,"St. Albans, VT",0.009371048039553445,0.9371048039553446
76,Articles of aluminum,Chile,1,"New York City, NY",0.2926805612369418,29.26805612369418
76,Articles of aluminum,Chile,2,"Chicago, IL",0.2069405472644815,20.69405472644815
76,Articles of aluminum,Chile,3,"Savannah, GA",0.12687897727899108,12.687897727899108
76,Articles of aluminum,Chile,4,"New Orleans, LA",0.10740122826846162,10.74012282684616
76,Articles of aluminum,Chile,5,"Miami, FL",0.0913281866206743,9.132818662067429
76,Articles of aluminum,Chile,6,"Los Angeles, CA",0.06337395080973152,6.337395080973152
76,Articles of aluminum,Chile,7,"Charleston, SC",0.05834545454759944,5.834545454759945
76,Articles of aluminum,Chile,8,"San Francisco, CA",0.03490506472473114,3.4905064724731143
76,Articles of aluminum,Chile,9,"Mobile, AL",0.011631102380483503,1.1631102380483502
76,Articles of aluminum,Chile,10,"Wilmington, NC",0.006514926867903965,0.6514926867903965
76,Articles of aluminum,China,1,"Los Angeles, CA",0.3540082028151359,35.40082028151359
76,Articles of aluminum,China,2,"New York City, NY",0.17158133601574116,17.158133601574114
76,Articles of aluminum,China,3,"Chicago, IL",0.0916056688199418,9.16056688199418
76,Articles of aluminum,China,4,"Savannah, GA",0.09025976104578355,9.025976104578355
76,Articles of aluminum,China,5,"Houston-Galveston, TX",0.08462015839328649,8.462015839328648
76,Articles of aluminum,China,6,"San Francisco, CA",0.06111005851460658,6.111005851460658
76,Articles of aluminum,China,7,"Cleveland, OH",0.044518115406199904,4.451811540619991
76,Articles of aluminum,China,8,"Seattle, WA",0.044464057657288045,4.446405765728804
76,Articles of aluminum,China,9,"Detroit, MI",0.028943876088204264,2.8943876088204266
76,Articles of aluminum,China,10,"Charleston, SC",0.028888765243812432,2.888876524381243
76,Articles of aluminum,Colombia,1,"Miami, FL",0.9056016920385184,90.56016920385184
76,Articles of aluminum,Colombia,2,"New York City, NY",0.03132314960741483,3.132314960741483
76,Articles of aluminum,Colombia,3,"New Orleans, LA",0.022539579442828674,2.253957944282867
76,Articles of aluminum,Colombia,4,"Houston-Galveston, TX",0.01643063732561717,1.643063732561717
76,Articles of aluminum,Colombia,5,"Boston, MA",0.005110555181062319,0.5110555181062318
76,Articles of aluminum,Colombia,6,"Los Angeles, CA",0.004849677667817504,0.48496776678175035
76,Articles of aluminum,Colombia,7,"Savannah, GA",0.003941103267519606,0.3941103267519606
76,Articles of aluminum,Colombia,8,"San Francisco, CA",0.0037903831384020884,0.37903831384020886
76,Articles of aluminum,Colombia,9,"Baltimore, MD",0.0034009257243506376,0.34009257243506374
76,Articles of aluminum,Colombia,10,"Charleston, SC",0.0030122966064688203,0.301229660646882
76,Articles of aluminum,Dominican Republic,1,"Miami, FL",0.8454284690924643,84.54284690924642
76,Articles of aluminum,Dominican Republic,2,"Savannah, GA",0.052619518780923746,5.261951878092375
76,Articles of aluminum,Dominican Republic,3,"Houston-Galveston, TX",0.03452337361079103,3.452337361079103
76,Articles of aluminum,Dominican Republic,4,"New York City, NY",0.029093463795039597,2.9093463795039596
76,Articles of aluminum,Dominican Republic,5,"Los Angeles, CA",0.01692989135662887,1.6929891356628872
76,Articles of aluminum,Dominican Republic,6,"Philadelphia, PA",0.010122533662264689,1.0122533662264688
76,Articles of aluminum,Dominican Republic,7,"New Orleans, LA",0.006743490474806443,0.6743490474806443
76,Articles of aluminum,Dominican Republic,8,"Great Falls, MT",0.001563694383324119,0.1563694383324119
76,Articles of aluminum,Dominican Republic,9,"Seattle, WA",0.0015381455530582662,0.1538145553058266
76,Articles of aluminum,Dominican Republic,10,"Norfolk, VA",0.0014374192906990207,0.14374192906990207
76,Articles of aluminum,Ecuador,1,"Miami, FL",0.8708888036778051,87.0888803677805
76,Articles of aluminum,Ecuador,2,"New Orleans, LA",0.038441245222919154,3.8441245222919154
76,Articles of aluminum,Ecuador,3,"Savannah, GA",0.025601474961788773,2.5601474961788773
76,Articles of aluminum,Ecuador,4,"Houston-Galveston, TX",0.02403788572595921,2.403788572595921
76,Articles of aluminum,Ecuador,5,"Charleston, SC",0.015015965067489648,1.501596506748965
76,Articles of aluminum,Ecuador,6,"Philadelphia, PA",0.009129760821142705,0.9129760821142705
76,Articles of aluminum,Ecuador,7,"New York City, NY",0.008189646873577233,0.8189646873577233
76,Articles of aluminum,Ecuador,8,"Los Angeles, CA",0.005116818166651947,0.5116818166651947
76,Articles of aluminum,Ecuador,9,"Chicago, IL",0.0022492042745276683,0.22492042745276683
76,Articles of aluminum,Ecuador,10,"San Francisco, CA",0.0013291952081385435,0.13291952081385436
76,Articles of aluminum,El Salvador,1,"New Orleans, LA",0.45607997851556126,45.60799785155613
76,Articles of aluminum,El Salvador,2,"Chicago, IL",0.1099433112895457,10.994331128954569
76,Articles of aluminum,El Salvador,3,"Great Falls, MT",0.09531646220069487,9.531646220069486
76,Articles of aluminum,El Salvador,4,"Mobile, AL",0.09456621144395197,9.456621144395196
76,Articles of aluminum,El Salvador,5,"Miami, FL",0.06059142615181197,6.059142615181197
76,Articles of aluminum,El Salvador,6,"New York City, NY",0.0543465205426733,5.43465205426733
76,Articles of aluminum,El Salvador,7,"Houston-Galveston, TX",0.05174277850930633,5.174277850930633
76,Articles of aluminum,El Salvador,8,"Wilmington, NC",0.03175730449916197,3.175730449916197
76,Articles of aluminum,El Salvador,9,"Los Angeles, CA",0.027052910652847303,2.7052910652847304
76,Articles of aluminum,El Salvador,10,"Philadelphia, PA",0.0186030961944454,1.86030961944454
76,Articles of aluminum,France,1,"Norfolk, VA",0.2815808197847428,28.158081978474282
76,Articles of aluminum,France,2,"New York City, NY",0.23930834176491306,23.930834176491306
76,Articles of aluminum,France,3,"Cleveland, OH",0.19002316524540674,19.002316524540674
76,Articles of aluminum,France,4,"Los Angeles, CA",0.0712056826693629,7.12056826693629
76,Articles of aluminum,France,5,"Wilmington, NC",0.04709244276603079,4.709244276603079
76,Articles of aluminum,France,6,"Chicago, IL",0.043007700888706896,4.3007700888706895
76,Articles of aluminum,France,7,"Great Falls, MT",0.04244567968073273,4.244567968073273
76,Articles of aluminum,France,8,"Charleston, SC",0.03344076299643576,3.344076299643576
76,Articles of aluminum,France,9,"San Francisco, CA",0.026900747922451694,2.6900747922451695
76,Articles of aluminum,France,10,"New Orleans, LA",0.02499465628121668,2.499465628121668
76,Articles of aluminum,Germany,1,"Charleston, SC",0.1918025726700368,19.180257267003682
76,Articles of aluminum,Germany,2,"New York City, NY",0.1794377906358591,17.94377906358591
76,Articles of aluminum,Germany,3,"Chicago, IL",0.11730064251299646,11.730064251299646
76,Articles of aluminum,Germany,4,"Houston-Galveston, TX",0.1038356002351214,10.383560023512139
76,Articles of aluminum,Germany,5,"Cleveland, OH",0.09777093761399062,9.777093761399062
76,Articles of aluminum,Germany,6,"St. Louis, MO",0.07282492677692401,7.282492677692401
76,Articles of aluminum,Germany,7,"Savannah, GA",0.0714197040693998,7.141970406939981
76,Articles of aluminum,Germany,8,"Norfolk, VA",0.06206875134622075,6.206875134622075
76,Articles of aluminum,Germany,9,"Baltimore, MD",0.05269246717547472,5.269246717547472
76,Articles of aluminum,Germany,10,"Detroit, MI",0.0508466069639763,5.08466069639763
76,Articles of aluminum,Greece,1,"Chicago, IL",0.2788695327542626,27.886953275426258
76,Articles of aluminum,Greece,2,"New York City, NY",0.15680213325228906,15.680213325228905
76,Articles of aluminum,Greece,3,"Baltimore, MD",0.14800702113862016,14.800702113862016
76,Articles of aluminum,Greece,4,"New Orleans, LA",0.08797744979773675,8.797744979773675
76,Articles of aluminum,Greece,5,"Cleveland, OH",0.07562878971663833,7.562878971663833
76,Articles of aluminum,Greece,6,"Savannah, GA",0.06381307522799234,6.381307522799235
76,Articles of aluminum,Greece,7,"Wilmington, NC",0.058853673489908775,5.8853673489908775
76,Articles of aluminum,Greece,8,"Boston, MA",0.04923028507533988,4.923028507533988
76,Articles of aluminum,Greece,9,"Tampa, FL",0.042974515135961504,4.29745151359615
76,Articles of aluminum,Greece,10,"Houston-Galveston, TX",0.03784352441125056,3.7843524411250558
76,Articles of aluminum,Guatemala,1,"Mobile, AL",0.4568683530921221,45.686835309212206
76,Articles of aluminum,Guatemala,2,"New Orleans, LA",0.3159365014028495,31.59365014028495
76,Articles of aluminum,Guatemala,3,"Charleston, SC",0.11169339712307481,11.169339712307481
76,Articles of aluminum,Guatemala,4,"Miami, FL",0.036347771997927526,3.6347771997927527
76,Articles of aluminum,Guatemala,5,"Los Angeles, CA",0.02895278819581721,2.895278819581721
76,Articles of aluminum,Guatemala,6,"San Francisco, CA",0.01717619689091516,1.7176196890915159
76,Articles of aluminum,Guatemala,7,"Savannah, GA",0.014202064322625151,1.4202064322625152
76,Articles of aluminum,Guatemala,8,"Houston-Galveston, TX",0.013472338821517379,1.3472338821517378
76,Articles of aluminum,Guatemala,9,"Baltimore, MD",0.004204817377053415,0.4204817377053415
76,Articles of aluminum,Guatemala,10,"Chicago, IL",0.001145770776097652,0.1145770776097652
76,Articles of aluminum,Honduras,1,"Miami, FL",0.7144245008035386,71.44245008035386
76,Articles of aluminum,Honduras,2,"Tampa, FL",0.13087931536276773,13.087931536276773
76,Articles of aluminum,Honduras,3,"Norfolk, VA",0.03802721647227924,3.8027216472279237
76,Articles of aluminum,Honduras,4,"Mobile, AL",0.022433008242760684,2.2433008242760684
76,Articles of aluminum,Honduras,5,"Wilmington, NC",0.02134312897651293,2.134312897651293
76,Articles of aluminum,Honduras,6,"Houston-Galveston, TX",0.019045351144546963,1.9045351144546963
76,Articles of aluminum,Honduras,7,"Charleston, SC",0.01791864727472164,1.791864727472164
76,Articles of aluminum,Honduras,8,"New Orleans, LA",0.01571736978452449,1.5717369784524489
76,Articles of aluminum,Honduras,9,"Savannah, GA",0.011387926292965098,1.1387926292965098
76,Articles of aluminum,Honduras,10,"New York City, NY",0.008823535645382637,0.8823535645382636
76,Articles of aluminum,India,1,"Houston-Galveston, TX",0.21090694221454168,21.090694221454168
76,Articles of aluminum,India,2,"New York City, NY",0.1574673629337599,15.74673629337599
76,Articles of aluminum,India,3,"Baltimore, MD",0.12600780827222735,12.600780827222735
76,Articles of aluminum,India,4,"Savannah, GA",0.11880586530213347,11.880586530213346
76,Articles of aluminum,India,5,"New Orleans, LA",0.08834125668472126,8.834125668472126
76,Articles of aluminum,India,6,"Los Angeles, CA",0.08257555343396962,8.257555343396962
76,Articles of aluminum,India,7,"Norfolk, VA",0.059090454979424514,5.909045497942452
76,Articles of aluminum,India,8,"Laredo, TX",0.0565926853851861,5.65926853851861
76,Articles of aluminum,India,9,"Chicago, IL",0.05410476634125802,5.410476634125802
76,Articles of aluminum,India,10,"Seattle, WA",0.046107304452778115,4.610730445277811
76,Articles of aluminum,Indonesia,1,"Tampa, FL",0.2511470305241673,25.114703052416733
76,Articles of aluminum,Indonesia,2,"Los Angeles, CA",0.19499473948970988,19.499473948970987
76,Articles of aluminum,Indonesia,3,"New York City, NY",0.12445110893349812,12.445110893349812
76,Articles of aluminum,Indonesia,4,"Chicago, IL",0.10298433426955914,10.298433426955913
76,Articles of aluminum,Indonesia,5,"Savannah, GA",0.07304600156838428,7.304600156838428
76,Articles of aluminum,Indonesia,6,"Charleston, SC",0.06646734485821493,6.646734485821493
76,Articles of aluminum,Indonesia,7,"Houston-Galveston, TX",0.06462885334551277,6.462885334551277
76,Articles of aluminum,Indonesia,8,"Norfolk, VA",0.05047231815193043,5.047231815193043
76,Articles of aluminum,Indonesia,9,"Miami, FL",0.0366471534896573,3.6647153489657303
76,Articles of aluminum,Indonesia,10,"Laredo, TX",0.03516111536936583,3.5161115369365827
76,Articles of aluminum,Israel,1,"New York City, NY",0.5787224658527701,57.87224658527701
76,Articles of aluminum,Israel,2,"Chicago, IL",0.12540729730071268,12.540729730071268
76,Articles of aluminum,Israel,3,"Tampa, FL",0.06760215853884582,6.760215853884582
76,Articles of aluminum,Israel,4,"New Orleans, LA",0.05597795380918582,5.597795380918582
76,Articles of aluminum,Israel,5,"Cleveland, OH",0.041629882054750864,4.162988205475086
76,Articles of aluminum,Israel,6,"St. Louis, MO",0.04149858209257661,4.149858209257661
76,Articles of aluminum,Israel,7,"Savannah, GA",0.03815958176177548,3.8159581761775483
76,Articles of aluminum,Israel,8,"Buffalo, NY",0.022331830030814594,2.2331830030814595
76,Articles of aluminum,Israel,9,"Miami, FL",0.015245378544304437,1.5245378544304438
76,Articles of aluminum,Israel,10,"Dallas-Fort Worth, TX",0.01342487001426367,1.342487001426367
76,Articles of aluminum,Italy,1,"New York City, NY",0.46085906469823085,46.08590646982309
76,Articles of aluminum,Italy,2,"Chicago, IL",0.11053200362511188,11.053200362511188
76,Articles of aluminum,Italy,3,"Savannah, GA",0.10482826465364176,10.482826465364175
76,Articles of aluminum,Italy,4,"Miami, FL",0.05646507865989275,5.646507865989276
76,Articles of aluminum,Italy,5,"Los Angeles, CA",0.054037431422353434,5.403743142235343
76,Articles of aluminum,Italy,6,"Baltimore, MD",0.04714665108024465,4.714665108024465
76,Articles of aluminum,Italy,7,"Cleveland, OH",0.04467593888610603,4.467593888610603
76,Articles of aluminum,Italy,8,"Detroit, MI",0.04314460261115837,4.314460261115837
76,Articles of aluminum,Italy,9,"New Orleans, LA",0.04069681514866494,4.0696815148664935
76,Articles of aluminum,Italy,10,"Charleston, SC",0.03761414921459531,3.761414921459531
76,Articles of aluminum,Japan,1,"Los Angeles, CA",0.3114306249476594,31.14306249476594
76,Articles of aluminum,Japan,2,"San Francisco, CA",0.24366008653895074,24.366008653895076
76,Articles of aluminum,Japan,3,"Seattle, WA",0.11535133365731833,11.535133365731832
76,Articles of aluminum,Japan,4,"Savannah, GA",0.08574034489045922,8.574034489045921
76,Articles of aluminum,Japan,5,"Chicago, IL",0.07606842227767771,7.606842227767771
76,Articles of aluminum,Japan,6,"New Orleans, LA",0.04666111785549167,4.666111785549167
76,Articles of aluminum,Japan,7,"Norfolk, VA",0.04453834263461297,4.453834263461297
76,Articles of aluminum,Japan,8,"Mobile, AL",0.03191681533965241,3.1916815339652413
76,Articles of aluminum,Japan,9,"Cleveland, OH",0.023658125858049796,2.3658125858049797
76,Articles of aluminum,Japan,10,"New York City, NY",0.020974786000127754,2.097478600012775
76,Articles of aluminum,"Korea, South",1,"Los Angeles, CA",0.42607844710953996,42.607844710954
76,Articles of aluminum,"Korea, South",2,"San Francisco, CA",0.12715361376605924,12.715361376605925
76,Articles of aluminum,"Korea, South",3,"Seattle, WA",0.1047693849187177,10.47693849187177
76,Articles of aluminum,"Korea, South",4,"Chicago, IL",0.07397144982402169,7.397144982402169
76,Articles of aluminum,"Korea, South",5,"Houston-Galveston, TX",0.06636449710357804,6.636449710357804
76,Articles of aluminum,"Korea, South",6,"Savannah, GA",0.0660084320783542,6.60084320783542
76,Articles of aluminum,"Korea, South",7,"New York City, NY",0.04562796444948408,4.562796444948408
76,Articles of aluminum,"Korea, South",8,"Cleveland, OH",0.04152363472173929,4.152363472173929
76,Articles of aluminum,"Korea, South",9,"Norfolk, VA",0.02647032520563639,2.647032520563639
76,Articles of aluminum,"Korea, South",10,"Charleston, SC",0.02203225082286947,2.203225082286947
76,Articles of aluminum,Mexico,1,"Laredo, TX",0.5845069777140618,58.450697771406176
76,Articles of aluminum,Mexico,2,"San Diego, CA",0.2111482653497532,21.11482653497532
76,Articles of aluminum,Mexico,3,"El Paso, TX",0.16603203066761985,16.603203066761985
76,Articles of aluminum,Mexico,4,"Tampa, FL",0.021257277088474292,2.125727708847429
76,Articles of aluminum,Mexico,5,"Nogales, AZ",0.008288345260595936,0.8288345260595936
76,Articles of aluminum,Mexico,6,"Houston-Galveston, TX",0.002705174377165604,0.2705174377165604
76,Articles of aluminum,Mexico,7,"Charleston, SC",0.002429139980690395,0.24291399806903952
76,Articles of aluminum,Mexico,8,"New Orleans, LA",0.0013289771485973097,0.13289771485973095
76,Articles of aluminum,Mexico,9,"Miami, FL",0.001285567177292461,0.1285567177292461
76,Articles of aluminum,Mexico,10,"Cleveland, OH",0.0010182452357493353,0.10182452357493353
76,Articles of aluminum,Netherlands,1,"New York City, NY",0.15929822792564755,15.929822792564755
76,Articles of aluminum,Netherlands,2,"Houston-Galveston, TX",0.15330058221738388,15.330058221738389
76,Articles of aluminum,Netherlands,3,"Cleveland, OH",0.1524477266002041,15.24477266002041
76,Articles of aluminum,Netherlands,4,"Chicago, IL",0.11037689533087384,11.037689533087384
76,Articles of aluminum,Netherlands,5,"Seattle, WA",0.0959544072041306,9.59544072041306
76,Articles of aluminum,Netherlands,6,"Savannah, GA",0.08839311046425892,8.839311046425893
76,Articles of aluminum,Netherlands,7,"Baltimore, MD",0.08328079006680025,8.328079006680026
76,Articles of aluminum,Netherlands,8,"Los Angeles, CA",0.07748519322792327,7.748519322792327
76,Articles of aluminum,Netherlands,9,"Mobile, AL",0.04033676102954749,4.0336761029547485
76,Articles of aluminum,Netherlands,10,"Norfolk, VA",0.03912630593323,3.912630593323
76,Articles of aluminum,Oman,1,"New York City, NY",0.4325210790082745,43.252107900827454
76,Articles of aluminum,Oman,2,"Chicago, IL",0.20518911468189907,20.518911468189906
76,Articles of aluminum,Oman,3,"Houston-Galveston, TX",0.10457324810495304,10.457324810495304
76,Articles of aluminum,Oman,4,"Savannah, GA",0.09528348611768056,9.528348611768056
76,Articles of aluminum,Oman,5,"New Orleans, LA",0.030047448215092292,3.004744821509229
76,Articles of aluminum,Oman,6,"Los Angeles, CA",0.0288156223040415,2.8815622304041497
76,Articles of aluminum,Oman,7,"Norfolk, VA",0.028181591132058086,2.8181591132058084
76,Articles of aluminum,Oman,8,"Cleveland, OH",0.026205761070944248,2.6205761070944247
76,Articles of aluminum,Oman,9,"Charleston, SC",0.026111954901753942,2.611195490175394
76,Articles of aluminum,Oman,10,"Baltimore, MD",0.023070694463302874,2.3070694463302877
76,Articles of aluminum,Panama,1,"Tampa, FL",0.3153485187092461,31.53485187092461
76,Articles of aluminum,Panama,2,"Miami, FL",0.23210074167879938,23.210074167879938
76,Articles of aluminum,Panama,3,"Savannah, GA",0.17575806301095825,17.575806301095824
76,Articles of aluminum,Panama,4,"Charleston, SC",0.11587455027957558,11.587455027957558
76,Articles of aluminum,Panama,5,"New Orleans, LA",0.10331586677106638,10.331586677106639
76,Articles of aluminum,Panama,6,"Philadelphia, PA",0.04128416384519379,4.128416384519379
76,Articles of aluminum,Panama,7,"Houston-Galveston, TX",0.009400844774660076,0.9400844774660075
76,Articles of aluminum,Panama,8,"Mobile, AL",0.0064855274762553854,0.6485527476255385
76,Articles of aluminum,Panama,9,"New York City, NY",0.0003023430753173484,0.03023430753173484
76,Articles of aluminum,Panama,10,"Cleveland, OH",0.0001293803789277513,0.012938037892775131
76,Articles of aluminum,Poland,1,"New York City, NY",0.3997116113783747,39.97116113783747
76,Articles of aluminum,Poland,2,"Savannah, GA",0.10276207971890883,10.276207971890884
76,Articles of aluminum,Poland,3,"Chicago, IL",0.09775267144431925,9.775267144431925
76,Articles of aluminum,Poland,4,"Los Angeles, CA",0.07879541548884349,7.879541548884348
76,Articles of aluminum,Poland,5,"Charleston, SC",0.07308904903269627,7.308904903269626
76,Articles of aluminum,Poland,6,"Houston-Galveston, TX",0.06315815327585883,6.315815327585883
76,Articles of aluminum,Poland,7,"Cleveland, OH",0.06046100316898638,6.046100316898638
76,Articles of aluminum,Poland,8,"Baltimore, MD",0.04599230776502427,4.599230776502427
76,Articles of aluminum,Poland,9,"Great Falls, MT",0.044081004829621094,4.4081004829621095
76,Articles of aluminum,Poland,10,"Norfolk, VA",0.03419670389736692,3.419670389736692
76,Articles of aluminum,Qatar,1,"Baltimore, MD",0.5597391760903666,55.97391760903666
76,Articles of aluminum,Qatar,2,"Savannah, GA",0.1614713836304039,16.14713836304039
76,Articles of aluminum,Qatar,3,"Houston-Galveston, TX",0.13563415650198338,13.563415650198337
76,Articles of aluminum,Qatar,4,"New Orleans, LA",0.039558451143918184,3.9558451143918183
76,Articles of aluminum,Qatar,5,"Los Angeles, CA",0.03677940291139889,3.677940291139889
76,Articles of aluminum,Qatar,6,"Seattle, WA",0.03462825211687787,3.462825211687787
76,Articles of aluminum,Qatar,7,"New York City, NY",0.024598339122177054,2.4598339122177055
76,Articles of aluminum,Qatar,8,"Wilmington, NC",0.005385637239761832,0.5385637239761832
76,Articles of aluminum,Qatar,9,"Chicago, IL",0.0016617963096751747,0.16617963096751748
76,Articles of aluminum,Qatar,10,"Charleston, SC",0.0005434049334370745,0.054340493343707455
76,Articles of aluminum,Russia,1,"New Orleans, LA",0.2966118556315944,29.661185563159442
76,Articles of aluminum,Russia,2,"Los Angeles, CA",0.22067862239686972,22.06786223968697
76,Articles of aluminum,Russia,3,"New York City, NY",0.21324958049473294,21.324958049473295
76,Articles of aluminum,Russia,4,"Baltimore, MD",0.11716322009674264,11.716322009674265
76,Articles of aluminum,Russia,5,"Cleveland, OH",0.11043282752978945,11.043282752978945
76,Articles of aluminum,Russia,6,"Houston-Galveston, TX",0.01667243584971387,1.6672435849713871
76,Articles of aluminum,Russia,7,"Chicago, IL",0.00827931154589466,0.8279311545894661
76,Articles of aluminum,Russia,8,"Charleston, SC",0.006179737652565555,0.6179737652565555
76,Articles of aluminum,Russia,9,"Philadelphia, PA",0.005891807353455519,0.5891807353455519
76,Articles of aluminum,Russia,10,"Savannah, GA",0.00484060144864113,0.48406014486411303
76,Articles of aluminum,Saudi Arabia,1,"Savannah, GA",0.30998689183051265,30.998689183051265
76,Articles of aluminum,Saudi Arabia,2,"Baltimore, MD",0.2176099526469036,21.76099526469036
76,Articles of aluminum,Saudi Arabia,3,"Houston-Galveston, TX",0.21029938476794174,21.029938476794175
76,Articles of aluminum,Saudi Arabia,4,"Charleston, SC",0.15555897180988615,15.555897180988614
76,Articles of aluminum,Saudi Arabia,5,"New York City, NY",0.0736769705914077,7.367697059140769
76,Articles of aluminum,Saudi Arabia,6,"Norfolk, VA",0.00793227676193549,0.7932276761935491
76,Articles of aluminum,Saudi Arabia,7,"Detroit, MI",0.007452009139467093,0.7452009139467093
76,Articles of aluminum,Saudi Arabia,8,"Chicago, IL",0.006973090491183467,0.6973090491183467
76,Articles of aluminum,Saudi Arabia,9,"Los Angeles, CA",0.0065786344365550906,0.6578634436555091
76,Articles of aluminum,Saudi Arabia,10,"Minneapolis, MN",0.003931817524206986,0.3931817524206986
76,Articles of aluminum,South Africa,1,"Baltimore, MD",0.3747945532920316,37.47945532920316
76,Articles of aluminum,South Africa,2,"Houston-Galveston, TX",0.20935216683881225,20.935216683881226
76,Articles of aluminum,South Africa,3,"Laredo, TX",0.1453672376720311,14.53672376720311
76,Articles of aluminum,South Africa,4,"Los Angeles, CA",0.08497996122990914,8.497996122990914
76,Articles of aluminum,South Africa,5,"St. Louis, MO",0.04187873118620625,4.187873118620625
76,Articles of aluminum,South Africa,6,"New York City, NY",0.040766674305744995,4.076667430574499
76,Articles of aluminum,South Africa,7,"Charleston, SC",0.03499198139438528,3.499198139438528
76,Articles of aluminum,South Africa,8,"Chicago, IL",0.0334013044881063,3.34013044881063
76,Articles of aluminum,South Africa,9,"Seattle, WA",0.019972974481985935,1.9972974481985935
76,Articles of aluminum,South Africa,10,"Savannah, GA",0.01449441511078722,1.449441511078722
76,Articles of aluminum,Spain,1,"New York City, NY",0.24563166411510984,24.563166411510984
76,Articles of aluminum,Spain,2,"Houston-Galveston, TX",0.15066813985253824,15.066813985253823
76,Articles of aluminum,Spain,3,"Chicago, IL",0.1251616516121765,12.516165161217648
76,Articles of aluminum,Spain,4,"Miami, FL",0.12120340235738634,12.120340235738635
76,Articles of aluminum,Spain,5,"Philadelphia, PA",0.07930151318327075,7.930151318327075
76,Articles of aluminum,Spain,6,"Savannah, GA",0.07800545925402226,7.8005459254022265
76,Articles of aluminum,Spain,7,"Los Angeles, CA",0.06589436462018688,6.589436462018688
76,Articles of aluminum,Spain,8,"Baltimore, MD",0.05614859159596928,5.614859159596928
76,Articles of aluminum,Spain,9,"New Orleans, LA",0.039678709254392125,3.9678709254392124
76,Articles of aluminum,Spain,10,"Norfolk, VA",0.03830650415494779,3.830650415494779
76,Articles of aluminum,Taiwan,1,"Los Angeles, CA",0.2990006464921669,29.90006464921669
76,Articles of aluminum,Taiwan,2,"Chicago, IL",0.14849757753324344,14.849757753324344
76,Articles of aluminum,Taiwan,3,"New York City, NY",0.1364473222529184,13.64473222529184
76,Articles of aluminum,Taiwan,4,"Cleveland, OH",0.09156488200664438,9.156488200664437
76,Articles of aluminum,Taiwan,5,"Savannah, GA",0.07488543881337752,7.488543881337752
76,Articles of aluminum,Taiwan,6,"Seattle, WA",0.06727188523539794,6.727188523539794
76,Articles of aluminum,Taiwan,7,"San Francisco, CA",0.05676040402218097,5.6760404022180975
76,Articles of aluminum,Taiwan,8,"New Orleans, LA",0.04492538923806025,4.492538923806025
76,Articles of aluminum,Taiwan,9,"Norfolk, VA",0.04072315167588597,4.072315167588597
76,Articles of aluminum,Taiwan,10,"Minneapolis, MN",0.03992330273012412,3.992330273012412
76,Articles of aluminum,Thailand,1,"Los Angeles, CA",0.2964747857002638,29.64747857002638
76,Articles of aluminum,Thailand,2,"Chicago, IL",0.15754196108629584,15.754196108629584
76,Articles of aluminum,Thailand,3,"San Francisco, CA",0.13219694243350502,13.219694243350503
76,Articles of aluminum,Thailand,4,"Seattle, WA",0.07976886446303506,7.9768864463035065
76,Articles of aluminum,Thailand,5,"Houston-Galveston, TX",0.0749590191540868,7.49590191540868
76,Articles of aluminum,Thailand,6,"New York City, NY",0.07274164206137679,7.274164206137678
76,Articles of aluminum,Thailand,7,"Savannah, GA",0.07080206166342218,7.080206166342218
76,Articles of aluminum,Thailand,8,"Cleveland, OH",0.05768646157123389,5.7686461571233885
76,Articles of aluminum,Thailand,9,"St. Louis, MO",0.029628519309200234,2.9628519309200234
76,Articles of aluminum,Thailand,10,"Detroit, MI",0.02819974255758041,2.8199742557580407
76,Articles of aluminum,Turkey,1,"Savannah, GA",0.2890479566641061,28.90479566641061
76,Articles of aluminum,Turkey,2,"New York City, NY",0.2812490483543147,28.12490483543147
76,Articles of aluminum,Turkey,3,"Chicago, IL",0.09418240081617502,9.418240081617501
76,Articles of aluminum,Turkey,4,"Miami, FL",0.06800515307091341,6.8005153070913416
76,Articles of aluminum,Turkey,5,"Houston-Galveston, TX",0.05962820710150488,5.962820710150488
76,Articles of aluminum,Turkey,6,"Norfolk, VA",0.053973152579624824,5.397315257962482
76,Articles of aluminum,Turkey,7,"Baltimore, MD",0.051204208009381434,5.120420800938144
76,Articles of aluminum,Turkey,8,"Tampa, FL",0.04140367136407885,4.140367136407885
76,Articles of aluminum,Turkey,9,"Cleveland, OH",0.035130538973009356,3.5130538973009355
76,Articles of aluminum,Turkey,10,"Boston, MA",0.026175663066891487,2.617566306689149
76,Articles of aluminum,United Arab Emirates,1,"New York City, NY",0.23931532232014865,23.931532232014867
76,Articles of aluminum,United Arab Emirates,2,"Houston-Galveston, TX",0.14096244089615823,14.096244089615823
76,Articles of aluminum,United Arab Emirates,3,"Savannah, GA",0.13218253216587703,13.218253216587703
76,Articles of aluminum,United Arab Emirates,4,"Baltimore, MD",0.13117551253976853,13.117551253976853
76,Articles of aluminum,United Arab Emirates,5,"Chicago, IL",0.10759289743620658,10.759289743620657
76,Articles of aluminum,United Arab Emirates,6,"Los Angeles, CA",0.0927076750751755,9.270767507517549
76,Articles of aluminum,United Arab Emirates,7,"Columbia-Snake, OR",0.08918553875438555,8.918553875438555
76,Articles of aluminum,United Arab Emirates,8,"New Orleans, LA",0.049556108242391136,4.9556108242391135
76,Articles of aluminum,United Arab Emirates,9,"Seattle, WA",0.010366802141020627,1.0366802141020628
76,Articles of aluminum,United Arab Emirates,10,"Cleveland, OH",0.006955170428868253,0.6955170428868253
76,Articles of aluminum,United Kingdom,1,"New York City, NY",0.1886326400212047,18.86326400212047
76,Articles of aluminum,United Kingdom,2,"Savannah, GA",0.15383467053491612,15.383467053491612
76,Articles of aluminum,United Kingdom,3,"Norfolk, VA",0.13187707964643114,13.187707964643113
76,Articles of aluminum,United Kingdom,4,"Houston-Galveston, TX",0.09870697154472596,9.870697154472596
76,Articles of aluminum,United Kingdom,5,"Cleveland, OH",0.09446106469595061,9.446106469595062
76,Articles of aluminum,United Kingdom,6,"Chicago, IL",0.08451297248054138,8.451297248054138
76,Articles of aluminum,United Kingdom,7,"Charleston, SC",0.07591511376665297,7.591511376665297
76,Articles of aluminum,United Kingdom,8,"New Orleans, LA",0.06372969399997708,6.372969399997707
76,Articles of aluminum,United Kingdom,9,"Los Angeles, CA",0.055890364129661814,5.589036412966181
76,Articles of aluminum,United Kingdom,10,"Tampa, FL",0.05243942917993826,5.243942917993826
76,Articles of aluminum,Vietnam,1,"Los Angeles, CA",0.24099603682490886,24.099603682490887
76,Articles of aluminum,Vietnam,2,"New York City, NY",0.22825177311191483,22.82517731119148
76,Articles of aluminum,Vietnam,3,"Chicago, IL",0.13564126142613991,13.564126142613992
76,Articles of aluminum,Vietnam,4,"Savannah, GA",0.0957178517534984,9.57178517534984
76,Articles of aluminum,Vietnam,5,"Houston-Galveston, TX",0.08359839903206064,8.359839903206064
76,Articles of aluminum,Vietnam,6,"Tampa, FL",0.04939690237133532,4.939690237133532
76,Articles of aluminum,Vietnam,7,"San Francisco, CA",0.045563952151020534,4.556395215102054
76,Articles of aluminum,Vietnam,8,"Seattle, WA",0.04523153920120586,4.523153920120586
76,Articles of aluminum,Vietnam,9,"Cleveland, OH",0.03809241835701106,3.809241835701106
76,Articles of aluminum,Vietnam,10,"Charleston, SC",0.03750986577090463,3.7509865770904627
82,Tools and cutlery,Austria,1,"New York City, NY",0.24349929510178056,24.349929510178058
82,Tools and cutlery,Austria,2,"Chicago, IL",0.19511800368347296,19.511800368347295
82,Tools and cutlery,Austria,3,"Cleveland, OH",0.14503925555274133,14.503925555274133
82,Tools and cutlery,Austria,4,"Savannah, GA",0.09448342804013371,9.448342804013372
82,Tools and cutlery,Austria,5,"Houston-Galveston, TX",0.07484705011765155,7.484705011765155
82,Tools and cutlery,Austria,6,"Los Angeles, CA",0.07361791953584049,7.361791953584048
82,Tools and cutlery,Austria,7,"Philadelphia, PA",0.06847598905474829,6.847598905474829
82,Tools and cutlery,Austria,8,"Charleston, SC",0.058527420672343275,5.8527420672343275
82,Tools and cutlery,Austria,9,"Seattle, WA",0.027120781366176818,2.7120781366176816
82,Tools and cutlery,Austria,10,"Norfolk, VA",0.01927085687511109,1.927085687511109
82,Tools and cutlery,Brazil,1,"Houston-Galveston, TX",0.33468932973705806,33.468932973705805
82,Tools and cutlery,Brazil,2,"Cleveland, OH",0.18051137595643268,18.05113759564327
82,Tools and cutlery,Brazil,3,"New York City, NY",0.0923499857597118,9.234998575971181
82,Tools and cutlery,Brazil,4,"Chicago, IL",0.09085845947312512,9.085845947312512
82,Tools and cutlery,Brazil,5,"Norfolk, VA",0.08084393917055442,8.084393917055442
82,Tools and cutlery,Brazil,6,"New Orleans, LA",0.0571656801285386,5.71656801285386
82,Tools and cutlery,Brazil,7,"Charleston, SC",0.05146896346380002,5.146896346380002
82,Tools and cutlery,Brazil,8,"Laredo, TX",0.046203021464765494,4.62030214647655
82,Tools and cutlery,Brazil,9,"Miami, FL",0.03340760684096912,3.340760684096912
82,Tools and cutlery,Brazil,10,"Wilmington, NC",0.03250163800504479,3.250163800504479
82,Tools and cutlery,Cambodia,1,"Los Angeles, CA",0.17896576894308167,17.896576894308165
82,Tools and cutlery,Cambodia,2,"Norfolk, VA",0.1659961690059711,16.599616900597113
82,Tools and cutlery,Cambodia,3,"Chicago, IL",0.16427011595887708,16.42701159588771
82,Tools and cutlery,Cambodia,4,"New York City, NY",0.09585970587871591,9.585970587871591
82,Tools and cutlery,Cambodia,5,"Charleston, SC",0.0785159813222933,7.85159813222933
82,Tools and cutlery,Cambodia,6,"Houston-Galveston, TX",0.07687239129417595,7.687239129417595
82,Tools and cutlery,Cambodia,7,"Seattle, WA",0.07544150329084233,7.544150329084233
82,Tools and cutlery,Cambodia,8,"Great Falls, MT",0.059730901566971493,5.9730901566971495
82,Tools and cutlery,Cambodia,9,"Savannah, GA",0.05839570907641061,5.839570907641061
82,Tools and cutlery,Cambodia,10,"Mobile, AL",0.04595175366266065,4.595175366266065
82,Tools and cutlery,Canada,1,"Detroit, MI",0.5577558699632729,55.775586996327284
82,Tools and cutlery,Canada,2,"Buffalo, NY",0.10588264115055637,10.588264115055637
82,Tools and cutlery,Canada,3,"Ogdensburg, NY",0.09637404532234489,9.63740453223449
82,Tools and cutlery,Canada,4,"Seattle, WA",0.08340693055286925,8.340693055286925
82,Tools and cutlery,Canada,5,"Great Falls, MT",0.04408492081666336,4.408492081666336
82,Tools and cutlery,Canada,6,"Cleveland, OH",0.03516325188485432,3.5163251884854323
82,Tools and cutlery,Canada,7,"Pembina, ND",0.031700826294420455,3.1700826294420454
82,Tools and cutlery,Canada,8,"New Orleans, LA",0.02545899163237163,2.5458991632371633
82,Tools and cutlery,Canada,9,"St. Albans, VT",0.01308575103739931,1.3085751037399311
82,Tools and cutlery,Canada,10,"El Paso, TX",0.007086771345247474,0.7086771345247475
82,Tools and cutlery,China,1,"Los Angeles, CA",0.3141418763597191,31.414187635971906
82,Tools and cutlery,China,2,"New York City, NY",0.12336518148856786,12.336518148856786
82,Tools and cutlery,China,3,"Savannah, GA",0.09774629525504513,9.774629525504514
82,Tools and cutlery,China,4,"New Orleans, LA",0.09105380952675009,9.10538095267501
82,Tools and cutlery,China,5,"Chicago, IL",0.09094323411869674,9.094323411869674
82,Tools and cutlery,China,6,"Charleston, SC",0.06931901296435852,6.931901296435853
82,Tools and cutlery,China,7,"Norfolk, VA",0.05588748002816198,5.588748002816199
82,Tools and cutlery,China,8,"Seattle, WA",0.05577922610602913,5.577922610602913
82,Tools and cutlery,China,9,"Cleveland, OH",0.053498595800259445,5.349859580025944
82,Tools and cutlery,China,10,"Houston-Galveston, TX",0.048265288352411985,4.826528835241199
82,Tools and cutlery,Colombia,1,"Minneapolis, MN",0.580960316080218,58.0960316080218
82,Tools and cutlery,Colombia,2,"Miami, FL",0.3105685333859104,31.05685333859104
82,Tools and cutlery,Colombia,3,"Wilmington, NC",0.043436521274345545,4.343652127434554
82,Tools and cutlery,Colombia,4,"New York City, NY",0.019578234723188575,1.9578234723188574
82,Tools and cutlery,Colombia,5,"Los Angeles, CA",0.011780829029238644,1.1780829029238644
82,Tools and cutlery,Colombia,6,"Savannah, GA",0.010838914508252043,1.0838914508252042
82,Tools and cutlery,Colombia,7,"New Orleans, LA",0.009655702501360752,0.9655702501360752
82,Tools and cutlery,Colombia,8,"Houston-Galveston, TX",0.006402909948589636,0.6402909948589636
82,Tools and cutlery,Colombia,9,"Chicago, IL",0.004150445607853223,0.41504456078532226
82,Tools and cutlery,Colombia,10,"Laredo, TX",0.002627592941043184,0.2627592941043184
82,Tools and cutlery,Czech Republic,1,"Philadelphia, PA",0.4273803437014017,42.73803437014017
82,Tools and cutlery,Czech Republic,2,"Cleveland, OH",0.26424094001130616,26.424094001130616
82,Tools and cutlery,Czech Republic,3,"Chicago, IL",0.1288560159368768,12.885601593687678
82,Tools and cutlery,Czech Republic,4,"Detroit, MI",0.04474376586806522,4.474376586806522
82,Tools and cutlery,Czech Republic,5,"New York City, NY",0.04078172746255,4.078172746255
82,Tools and cutlery,Czech Republic,6,"Buffalo, NY",0.026554225813199703,2.65542258131997
82,Tools and cutlery,Czech Republic,7,"Houston-Galveston, TX",0.0199935889778225,1.99935889778225
82,Tools and cutlery,Czech Republic,8,"Charleston, SC",0.018992335933176504,1.8992335933176503
82,Tools and cutlery,Czech Republic,9,"New Orleans, LA",0.014674025068176026,1.4674025068176026
82,Tools and cutlery,Czech Republic,10,"Savannah, GA",0.01378303122742545,1.3783031227425449
82,Tools and cutlery,Finland,1,"Cleveland, OH",0.2003272496927494,20.03272496927494
82,Tools and cutlery,Finland,2,"New Orleans, LA",0.19476523579959323,19.476523579959323
82,Tools and cutlery,Finland,3,"Chicago, IL",0.13142017042090431,13.142017042090432
82,Tools and cutlery,Finland,4,"New York City, NY",0.10436465513854085,10.436465513854085
82,Tools and cutlery,Finland,5,"Savannah, GA",0.10268496379550875,10.268496379550875
82,Tools and cutlery,Finland,6,"Dallas-Fort Worth, TX",0.06421867364359782,6.421867364359782
82,Tools and cutlery,Finland,7,"Charleston, SC",0.059868058324396956,5.986805832439695
82,Tools and cutlery,Finland,8,"Houston-Galveston, TX",0.057646671972440486,5.764667197244049
82,Tools and cutlery,Finland,9,"Minneapolis, MN",0.0565469881694657,5.65469881694657
82,Tools and cutlery,Finland,10,"Seattle, WA",0.028157333042802473,2.8157333042802475
82,Tools and cutlery,France,1,"Cleveland, OH",0.28278326050711305,28.278326050711307
82,Tools and cutlery,France,2,"Chicago, IL",0.1554705124945308,15.54705124945308
82,Tools and cutlery,France,3,"New York City, NY",0.1152187369750861,11.52187369750861
82,Tools and cutlery,France,4,"Charleston, SC",0.10960695569224463,10.960695569224463
82,Tools and cutlery,France,5,"Savannah, GA",0.10879722625881438,10.879722625881438
82,Tools and cutlery,France,6,"New Orleans, LA",0.0899986012252979,8.99986012252979
82,Tools and cutlery,France,7,"St. Louis, MO",0.0457460588569818,4.57460588569818
82,Tools and cutlery,France,8,"Houston-Galveston, TX",0.03544242927883079,3.544242927883079
82,Tools and cutlery,France,9,"Dallas-Fort Worth, TX",0.0337531710968505,3.37531710968505
82,Tools and cutlery,France,10,"Philadelphia, PA",0.023183047614250007,2.3183047614250007
82,Tools and cutlery,Germany,1,"Chicago, IL",0.2632951298205738,26.32951298205738
82,Tools and cutlery,Germany,2,"Cleveland, OH",0.19739885634114188,19.739885634114188
82,Tools and cutlery,Germany,3,"New York City, NY",0.14562272820323366,14.562272820323367
82,Tools and cutlery,Germany,4,"Philadelphia, PA",0.14506455649573463,14.506455649573462
82,Tools and cutlery,Germany,5,"Charleston, SC",0.06966472396379156,6.966472396379156
82,Tools and cutlery,Germany,6,"Savannah, GA",0.05257410115049221,5.257410115049221
82,Tools and cutlery,Germany,7,"New Orleans, LA",0.04979585185877174,4.979585185877174
82,Tools and cutlery,Germany,8,"Norfolk, VA",0.027992533983823748,2.799253398382375
82,Tools and cutlery,Germany,9,"Wilmington, NC",0.025035563714266122,2.5035563714266122
82,Tools and cutlery,Germany,10,"Nogales, AZ",0.023555954468170687,2.355595446817069
82,Tools and cutlery,Greece,1,"Laredo, TX",0.5722136289915847,57.221362899158464
82,Tools and cutlery,Greece,2,"Savannah, GA",0.29041192665725796,29.041192665725795
82,Tools and cutlery,Greece,3,"New York City, NY",0.08067891807164838,8.067891807164838
82,Tools and cutlery,Greece,4,"Charleston, SC",0.019507954373169392,1.9507954373169392
82,Tools and cutlery,Greece,5,"Chicago, IL",0.011388988632304553,1.1388988632304553
82,Tools and cutlery,Greece,6,"Ogdensburg, NY",0.008329801498249585,0.8329801498249585
82,Tools and cutlery,Greece,7,"Wilmington, NC",0.005559807601798735,0.5559807601798735
82,Tools and cutlery,Greece,8,"Detroit, MI",0.0046678371042497314,0.46678371042497313
82,Tools and cutlery,Greece,9,"Buffalo, NY",0.004308030781438754,0.4308030781438754
82,Tools and cutlery,Greece,10,"Miami, FL",0.002933106288298217,0.2933106288298217
82,Tools and cutlery,India,1,"Cleveland, OH",0.2747652441764633,27.47652441764633
82,Tools and cutlery,India,2,"New York City, NY",0.179860458532873,17.9860458532873
82,Tools and cutlery,India,3,"Chicago, IL",0.14306345757017783,14.306345757017782
82,Tools and cutlery,India,4,"Los Angeles, CA",0.11034636977138428,11.034636977138428
82,Tools and cutlery,India,5,"Charleston, SC",0.09173038497523292,9.173038497523292
82,Tools and cutlery,India,6,"Savannah, GA",0.06381801329881892,6.381801329881892
82,Tools and cutlery,India,7,"Norfolk, VA",0.04898257907735098,4.898257907735098
82,Tools and cutlery,India,8,"Houston-Galveston, TX",0.04195439004131074,4.1954390041310745
82,Tools and cutlery,India,9,"New Orleans, LA",0.02694922172665303,2.694922172665303
82,Tools and cutlery,India,10,"Baltimore, MD",0.018529880829735074,1.8529880829735075
82,Tools and cutlery,Indonesia,1,"Los Angeles, CA",0.2642557699342036,26.425576993420357
82,Tools and cutlery,Indonesia,2,"Washington, DC",0.19209719792909918,19.20971979290992
82,Tools and cutlery,Indonesia,3,"Savannah, GA",0.15652582494376271,15.652582494376272
82,Tools and cutlery,Indonesia,4,"Chicago, IL",0.11309559393477686,11.309559393477686
82,Tools and cutlery,Indonesia,5,"Charleston, SC",0.09632079894583706,9.632079894583706
82,Tools and cutlery,Indonesia,6,"New York City, NY",0.054974630944658966,5.497463094465896
82,Tools and cutlery,Indonesia,7,"Philadelphia, PA",0.038914141594969844,3.891414159496984
82,Tools and cutlery,Indonesia,8,"Norfolk, VA",0.03580038050757295,3.580038050757295
82,Tools and cutlery,Indonesia,9,"Cleveland, OH",0.027307150053616676,2.7307150053616676
82,Tools and cutlery,Indonesia,10,"Seattle, WA",0.020708511211502165,2.0708511211502167
82,Tools and cutlery,Israel,1,"Dallas-Fort Worth, TX",0.4713421334940964,47.13421334940964
82,Tools and cutlery,Israel,2,"New York City, NY",0.24292370116598425,24.292370116598423
82,Tools and cutlery,Israel,3,"Cleveland, OH",0.09120049620757043,9.120049620757042
82,Tools and cutlery,Israel,4,"Chicago, IL",0.08557833689430377,8.557833689430378
82,Tools and cutlery,Israel,5,"Miami, FL",0.06685528886750632,6.685528886750632
82,Tools and cutlery,Israel,6,"Milwaukee, WI",0.013473938036158647,1.3473938036158646
82,Tools and cutlery,Israel,7,"Laredo, TX",0.00872376356696098,0.872376356696098
82,Tools and cutlery,Israel,8,"New Orleans, LA",0.007277713257471841,0.7277713257471841
82,Tools and cutlery,Israel,9,"Houston-Galveston, TX",0.006516219343619049,0.651621934361905
82,Tools and cutlery,Israel,10,"Philadelphia, PA",0.00610840916632827,0.610840916632827
82,Tools and cutlery,Italy,1,"Norfolk, VA",0.21792836357101944,21.792836357101944
82,Tools and cutlery,Italy,2,"Charleston, SC",0.16488205450814958,16.48820545081496
82,Tools and cutlery,Italy,3,"Chicago, IL",0.12012589420962383,12.012589420962383
82,Tools and cutlery,Italy,4,"Cleveland, OH",0.1170263218103872,11.702632181038721
82,Tools and cutlery,Italy,5,"New York City, NY",0.10161208525397407,10.161208525397408
82,Tools and cutlery,Italy,6,"Wilmington, NC",0.08707388839495438,8.707388839495438
82,Tools and cutlery,Italy,7,"Savannah, GA",0.07315000211405155,7.315000211405155
82,Tools and cutlery,Italy,8,"New Orleans, LA",0.06394662013683411,6.394662013683411
82,Tools and cutlery,Italy,9,"Houston-Galveston, TX",0.0391362724251714,3.9136272425171397
82,Tools and cutlery,Italy,10,"Philadelphia, PA",0.015118497575834375,1.5118497575834375
82,Tools and cutlery,Japan,1,"Chicago, IL",0.3580305748280049,35.80305748280049
82,Tools and cutlery,Japan,2,"Cleveland, OH",0.21132551674325117,21.132551674325118
82,Tools and cutlery,Japan,3,"Los Angeles, CA",0.17626259817771578,17.62625981777158
82,Tools and cutlery,Japan,4,"New Orleans, LA",0.05679701404225683,5.679701404225683
82,Tools and cutlery,Japan,5,"Seattle, WA",0.05628055769882541,5.628055769882541
82,Tools and cutlery,Japan,6,"Savannah, GA",0.0473292617808559,4.73292617808559
82,Tools and cutlery,Japan,7,"Dallas-Fort Worth, TX",0.03269940445415569,3.2699404454155685
82,Tools and cutlery,Japan,8,"New York City, NY",0.028470373449422826,2.8470373449422826
82,Tools and cutlery,Japan,9,"Detroit, MI",0.01981846899546411,1.981846899546411
82,Tools and cutlery,Japan,10,"San Francisco, CA",0.012986229830047305,1.2986229830047304
82,Tools and cutlery,"Korea, South",1,"Chicago, IL",0.2695869576227694,26.95869576227694
82,Tools and cutlery,"Korea, South",2,"Los Angeles, CA",0.21403061992488534,21.403061992488535
82,Tools and cutlery,"Korea, South",3,"Savannah, GA",0.1783738965397432,17.83738965397432
82,Tools and cutlery,"Korea, South",4,"Cleveland, OH",0.08192469523933399,8.192469523933399
82,Tools and cutlery,"Korea, South",5,"Detroit, MI",0.06849049292220952,6.849049292220951
82,Tools and cutlery,"Korea, South",6,"New York City, NY",0.0550157684447517,5.50157684447517
82,Tools and cutlery,"Korea, South",7,"Mobile, AL",0.04911723002270776,4.911723002270776
82,Tools and cutlery,"Korea, South",8,"New Orleans, LA",0.04161222779979972,4.161222779979972
82,Tools and cutlery,"Korea, South",9,"Dallas-Fort Worth, TX",0.025508056276467034,2.5508056276467035
82,Tools and cutlery,"Korea, South",10,"Houston-Galveston, TX",0.016340055207332362,1.6340055207332362
82,Tools and cutlery,Mexico,1,"Laredo, TX",0.7978613233834153,79.78613233834153
82,Tools and cutlery,Mexico,2,"Nogales, AZ",0.14351340791570033,14.351340791570033
82,Tools and cutlery,Mexico,3,"San Diego, CA",0.03197426807207346,3.197426807207346
82,Tools and cutlery,Mexico,4,"Cleveland, OH",0.009126305114374603,0.9126305114374603
82,Tools and cutlery,Mexico,5,"El Paso, TX",0.008567878140729918,0.8567878140729919
82,Tools and cutlery,Mexico,6,"New Orleans, LA",0.003519040970271405,0.3519040970271405
82,Tools and cutlery,Mexico,7,"Norfolk, VA",0.0033293381598513668,0.33293381598513666
82,Tools and cutlery,Mexico,8,"Ogdensburg, NY",0.0007233817458107897,0.07233817458107897
82,Tools and cutlery,Mexico,9,"Buffalo, NY",0.0007218032898991646,0.07218032898991646
82,Tools and cutlery,Mexico,10,"New York City, NY",0.0006632532078736586,0.06632532078736586
82,Tools and cutlery,Netherlands,1,"Cleveland, OH",0.28662935292617214,28.662935292617213
82,Tools and cutlery,Netherlands,2,"Chicago, IL",0.2682555661447979,26.82555661447979
82,Tools and cutlery,Netherlands,3,"New York City, NY",0.10530024124795814,10.530024124795814
82,Tools and cutlery,Netherlands,4,"Philadelphia, PA",0.09064966149098426,9.064966149098426
82,Tools and cutlery,Netherlands,5,"Detroit, MI",0.07523270040994137,7.523270040994137
82,Tools and cutlery,Netherlands,6,"Savannah, GA",0.0588739148542573,5.887391485425731
82,Tools and cutlery,Netherlands,7,"New Orleans, LA",0.04811540403626738,4.811540403626738
82,Tools and cutlery,Netherlands,8,"Miami, FL",0.023709618926074955,2.3709618926074953
82,Tools and cutlery,Netherlands,9,"Los Angeles, CA",0.02242876316131747,2.242876316131747
82,Tools and cutlery,Netherlands,10,"Charleston, SC",0.020804776802228992,2.080477680222899
82,Tools and cutlery,Pakistan,1,"New York City, NY",0.31942314500589536,31.942314500589536
82,Tools and cutlery,Pakistan,2,"Los Angeles, CA",0.16975267771340044,16.975267771340043
82,Tools and cutlery,Pakistan,3,"Baltimore, MD",0.11234283708095787,11.234283708095786
82,Tools and cutlery,Pakistan,4,"Cleveland, OH",0.10314151983641576,10.314151983641576
82,Tools and cutlery,Pakistan,5,"Chicago, IL",0.0873775873251963,8.73775873251963
82,Tools and cutlery,Pakistan,6,"Savannah, GA",0.07402024362373133,7.402024362373133
82,Tools and cutlery,Pakistan,7,"San Diego, CA",0.05530285850813287,5.5302858508132875
82,Tools and cutlery,Pakistan,8,"Detroit, MI",0.033046679866648894,3.3046679866648896
82,Tools and cutlery,Pakistan,9,"Great Falls, MT",0.024532284236174512,2.453228423617451
82,Tools and cutlery,Pakistan,10,"New Orleans, LA",0.021060166803446766,2.1060166803446765
82,Tools and cutlery,Poland,1,"New Orleans, LA",0.3590498465909176,35.90498465909176
82,Tools and cutlery,Poland,2,"New York City, NY",0.15454413161930253,15.454413161930253
82,Tools and cutlery,Poland,3,"Norfolk, VA",0.08106046602646319,8.10604660264632
82,Tools and cutlery,Poland,4,"Savannah, GA",0.07913669783955388,7.913669783955387
82,Tools and cutlery,Poland,5,"Cleveland, OH",0.07131954648485721,7.131954648485721
82,Tools and cutlery,Poland,6,"Baltimore, MD",0.05914599521253721,5.914599521253721
82,Tools and cutlery,Poland,7,"Chicago, IL",0.053894920341759946,5.389492034175994
82,Tools and cutlery,Poland,8,"Boston, MA",0.049517500562246644,4.951750056224665
82,Tools and cutlery,Poland,9,"Minneapolis, MN",0.04940213666233848,4.9402136662338485
82,Tools and cutlery,Poland,10,"Houston-Galveston, TX",0.0429287586600234,4.2928758660023405
82,Tools and cutlery,Portugal,1,"Chicago, IL",0.43490015196717746,43.49001519671775
82,Tools and cutlery,Portugal,2,"New York City, NY",0.19472218318489834,19.472218318489833
82,Tools and cutlery,Portugal,3,"Cleveland, OH",0.10229122324268868,10.229122324268868
82,Tools and cutlery,Portugal,4,"Savannah, GA",0.0923460019924506,9.23460019924506
82,Tools and cutlery,Portugal,5,"Columbia-Snake, OR",0.0449429227330685,4.49429227330685
82,Tools and cutlery,Portugal,6,"New Orleans, LA",0.03953888915763227,3.953888915763227
82,Tools and cutlery,Portugal,7,"Charleston, SC",0.029916980247555708,2.991698024755571
82,Tools and cutlery,Portugal,8,"Philadelphia, PA",0.024257939841037957,2.425793984103796
82,Tools and cutlery,Portugal,9,"Los Angeles, CA",0.020467444552383456,2.0467444552383456
82,Tools and cutlery,Portugal,10,"Boston, MA",0.016616263081107047,1.6616263081107048
82,Tools and cutlery,Singapore,1,"Los Angeles, CA",0.21502696314625122,21.502696314625123
82,Tools and cutlery,Singapore,2,"Chicago, IL",0.17982837236752094,17.982837236752093
82,Tools and cutlery,Singapore,3,"Cleveland, OH",0.1655285086725725,16.55285086725725
82,Tools and cutlery,Singapore,4,"San Francisco, CA",0.13105806653796953,13.105806653796954
82,Tools and cutlery,Singapore,5,"New York City, NY",0.11231793457073161,11.231793457073161
82,Tools and cutlery,Singapore,6,"New Orleans, LA",0.09990651943306804,9.990651943306803
82,Tools and cutlery,Singapore,7,"Dallas-Fort Worth, TX",0.03301747040397079,3.301747040397079
82,Tools and cutlery,Singapore,8,"Houston-Galveston, TX",0.02725815815052125,2.725815815052125
82,Tools and cutlery,Singapore,9,"Savannah, GA",0.025735058104942605,2.5735058104942605
82,Tools and cutlery,Singapore,10,"Charleston, SC",0.010322948612451548,1.0322948612451548
82,Tools and cutlery,Spain,1,"Chicago, IL",0.2222939531040004,22.22939531040004
82,Tools and cutlery,Spain,2,"New York City, NY",0.16739945774185344,16.739945774185344
82,Tools and cutlery,Spain,3,"Baltimore, MD",0.13097300805367387,13.097300805367388
82,Tools and cutlery,Spain,4,"Savannah, GA",0.10085765284329488,10.085765284329488
82,Tools and cutlery,Spain,5,"Cleveland, OH",0.08013482018977997,8.013482018977996
82,Tools and cutlery,Spain,6,"Charleston, SC",0.0722462162044345,7.22462162044345
82,Tools and cutlery,Spain,7,"Philadelphia, PA",0.06712307407064541,6.712307407064541
82,Tools and cutlery,Spain,8,"Norfolk, VA",0.0600005109160475,6.0000510916047505
82,Tools and cutlery,Spain,9,"Dallas-Fort Worth, TX",0.05694691968570651,5.694691968570651
82,Tools and cutlery,Spain,10,"New Orleans, LA",0.04202438719056348,4.202438719056348
82,Tools and cutlery,Sweden,1,"Cleveland, OH",0.6406721449377833,64.06721449377834
82,Tools and cutlery,Sweden,2,"Chicago, IL",0.09272149207244655,9.272149207244656
82,Tools and cutlery,Sweden,3,"New York City, NY",0.06960196787282122,6.960196787282122
82,Tools and cutlery,Sweden,4,"Charleston, SC",0.053107093322286476,5.310709332228647
82,Tools and cutlery,Sweden,5,"Savannah, GA",0.04764278017169751,4.764278017169751
82,Tools and cutlery,Sweden,6,"Baltimore, MD",0.030980982525681072,3.098098252568107
82,Tools and cutlery,Sweden,7,"Houston-Galveston, TX",0.01975049348401023,1.975049348401023
82,Tools and cutlery,Sweden,8,"New Orleans, LA",0.018784532028641887,1.8784532028641887
82,Tools and cutlery,Sweden,9,"Philadelphia, PA",0.013834203040371666,1.3834203040371666
82,Tools and cutlery,Sweden,10,"St. Louis, MO",0.012904310544260153,1.2904310544260154
82,Tools and cutlery,Switzerland,1,"Norfolk, VA",0.32868729979066197,32.868729979066195
82,Tools and cutlery,Switzerland,2,"New York City, NY",0.18703443649829635,18.703443649829634
82,Tools and cutlery,Switzerland,3,"Charleston, SC",0.16319402860444848,16.31940286044485
82,Tools and cutlery,Switzerland,4,"Cleveland, OH",0.10531012907341337,10.531012907341337
82,Tools and cutlery,Switzerland,5,"Wilmington, NC",0.07096967594534115,7.096967594534115
82,Tools and cutlery,Switzerland,6,"New Orleans, LA",0.04969798975225957,4.969798975225957
82,Tools and cutlery,Switzerland,7,"Chicago, IL",0.029919790787700767,2.991979078770077
82,Tools and cutlery,Switzerland,8,"Philadelphia, PA",0.028593575502921856,2.8593575502921857
82,Tools and cutlery,Switzerland,9,"Savannah, GA",0.02701464955161191,2.701464955161191
82,Tools and cutlery,Switzerland,10,"Miami, FL",0.009578424493344555,0.9578424493344555
82,Tools and cutlery,Taiwan,1,"Los Angeles, CA",0.25143348994725523,25.14334899472552
82,Tools and cutlery,Taiwan,2,"New Orleans, LA",0.14038858660460796,14.038858660460797
82,Tools and cutlery,Taiwan,3,"Chicago, IL",0.12587957643441366,12.587957643441367
82,Tools and cutlery,Taiwan,4,"Savannah, GA",0.1064383024036996,10.64383024036996
82,Tools and cutlery,Taiwan,5,"Dallas-Fort Worth, TX",0.09130408231772313,9.130408231772314
82,Tools and cutlery,Taiwan,6,"Charleston, SC",0.081677068023378,8.1677068023378
82,Tools and cutlery,Taiwan,7,"Cleveland, OH",0.07549400520084616,7.549400520084617
82,Tools and cutlery,Taiwan,8,"New York City, NY",0.04930050085626199,4.930050085626199
82,Tools and cutlery,Taiwan,9,"Seattle, WA",0.045864457231595344,4.586445723159534
82,Tools and cutlery,Taiwan,10,"Norfolk, VA",0.0322199309802189,3.22199309802189
82,Tools and cutlery,Thailand,1,"Los Angeles, CA",0.3248639465428932,32.48639465428932
82,Tools and cutlery,Thailand,2,"Charleston, SC",0.18408349470485474,18.408349470485476
82,Tools and cutlery,Thailand,3,"New Orleans, LA",0.13936541795468393,13.936541795468393
82,Tools and cutlery,Thailand,4,"Chicago, IL",0.10066955762913121,10.066955762913121
82,Tools and cutlery,Thailand,5,"Savannah, GA",0.09345010473139721,9.345010473139721
82,Tools and cutlery,Thailand,6,"Cleveland, OH",0.07635696645655488,7.635696645655488
82,Tools and cutlery,Thailand,7,"Wilmington, NC",0.035786636638871695,3.5786636638871694
82,Tools and cutlery,Thailand,8,"New York City, NY",0.01773820496519541,1.773820496519541
82,Tools and cutlery,Thailand,9,"Seattle, WA",0.013964614863073604,1.3964614863073603
82,Tools and cutlery,Thailand,10,"Dallas-Fort Worth, TX",0.013721055513344125,1.3721055513344125
82,Tools and cutlery,United Kingdom,1,"New York City, NY",0.2087202000243443,20.87202000243443
82,Tools and cutlery,United Kingdom,2,"Cleveland, OH",0.20333695976822627,20.33369597682263
82,Tools and cutlery,United Kingdom,3,"Chicago, IL",0.19602352343696633,19.602352343696634
82,Tools and cutlery,United Kingdom,4,"New Orleans, LA",0.14616577544307296,14.616577544307297
82,Tools and cutlery,United Kingdom,5,"Savannah, GA",0.056176974072212664,5.617697407221266
82,Tools and cutlery,United Kingdom,6,"Philadelphia, PA",0.05568221447495205,5.568221447495205
82,Tools and cutlery,United Kingdom,7,"Houston-Galveston, TX",0.04576969116749511,4.576969116749511
82,Tools and cutlery,United Kingdom,8,"Dallas-Fort Worth, TX",0.035948842465819496,3.5948842465819495
82,Tools and cutlery,United Kingdom,9,"Los Angeles, CA",0.03146847575995015,3.1468475759950145
82,Tools and cutlery,United Kingdom,10,"Charleston, SC",0.020707343386960664,2.0707343386960666
82,Tools and cutlery,Vietnam,1,"Los Angeles, CA",0.2839489005889908,28.39489005889908
82,Tools and cutlery,Vietnam,2,"Savannah, GA",0.1583730967701103,15.83730967701103
82,Tools and cutlery,Vietnam,3,"New Orleans, LA",0.12072194869172446,12.072194869172446
82,Tools and cutlery,Vietnam,4,"Charleston, SC",0.09732115575278381,9.732115575278382
82,Tools and cutlery,Vietnam,5,"Norfolk, VA",0.08827612739301242,8.827612739301243
82,Tools and cutlery,Vietnam,6,"New York City, NY",0.06659166948989885,6.659166948989885
82,Tools and cutlery,Vietnam,7,"Chicago, IL",0.06596458927387322,6.596458927387322
82,Tools and cutlery,Vietnam,8,"Seattle, WA",0.05261243524710764,5.261243524710764
82,Tools and cutlery,Vietnam,9,"Cleveland, OH",0.03816985454144204,3.816985454144204
82,Tools and cutlery,Vietnam,10,"Houston-Galveston, TX",0.028020222251056385,2.8020222251056386
83,Miscellaneous articles of base metal,Austria,1,"Charleston, SC",0.3851592131753708,38.51592131753708
83,Miscellaneous articles of base metal,Austria,2,"Wilmington, NC",0.3798623485940519,37.98623485940519
83,Miscellaneous articles of base metal,Austria,3,"Norfolk, VA",0.06352937904431183,6.352937904431183
83,Miscellaneous articles of base metal,Austria,4,"Houston-Galveston, TX",0.041647834475127744,4.164783447512774
83,Miscellaneous articles of base metal,Austria,5,"Great Falls, MT",0.0320213667761169,3.20213667761169
83,Miscellaneous articles of base metal,Austria,6,"Cleveland, OH",0.021729161132877362,2.1729161132877364
83,Miscellaneous articles of base metal,Austria,7,"New York City, NY",0.02081797723199744,2.081797723199744
83,Miscellaneous articles of base metal,Austria,8,"Chicago, IL",0.020627311292325683,2.0627311292325685
83,Miscellaneous articles of base metal,Austria,9,"Columbia-Snake, OR",0.019417802066170674,1.9417802066170675
83,Miscellaneous articles of base metal,Austria,10,"Pembina, ND",0.015187606211649697,1.5187606211649698
83,Miscellaneous articles of base metal,Cambodia,1,"Los Angeles, CA",0.321769062863541,32.176906286354104
83,Miscellaneous articles of base metal,Cambodia,2,"St. Louis, MO",0.15504609335627711,15.50460933562771
83,Miscellaneous articles of base metal,Cambodia,3,"Savannah, GA",0.12694755375300085,12.694755375300085
83,Miscellaneous articles of base metal,Cambodia,4,"Charleston, SC",0.10085522496856816,10.085522496856816
83,Miscellaneous articles of base metal,Cambodia,5,"New York City, NY",0.08619979925398656,8.619979925398656
83,Miscellaneous articles of base metal,Cambodia,6,"Norfolk, VA",0.07470507237306886,7.470507237306887
83,Miscellaneous articles of base metal,Cambodia,7,"Seattle, WA",0.043953527474350204,4.3953527474350205
83,Miscellaneous articles of base metal,Cambodia,8,"Chicago, IL",0.03518011501142645,3.5180115011426447
83,Miscellaneous articles of base metal,Cambodia,9,"Baltimore, MD",0.029910017798264656,2.9910017798264654
83,Miscellaneous articles of base metal,Cambodia,10,"Houston-Galveston, TX",0.02543353314751616,2.543353314751616
83,Miscellaneous articles of base metal,Canada,1,"Detroit, MI",0.7474174401362056,74.74174401362056
83,Miscellaneous articles of base metal,Canada,2,"Buffalo, NY",0.10284395998444702,10.284395998444703
83,Miscellaneous articles of base metal,Canada,3,"Ogdensburg, NY",0.06731317385016533,6.731317385016533
83,Miscellaneous articles of base metal,Canada,4,"Seattle, WA",0.029985760888577094,2.9985760888577095
83,Miscellaneous articles of base metal,Canada,5,"Pembina, ND",0.013332755785895316,1.3332755785895316
83,Miscellaneous articles of base metal,Canada,6,"New Orleans, LA",0.009947513136284334,0.9947513136284334
83,Miscellaneous articles of base metal,Canada,7,"Charleston, SC",0.008110972896234242,0.8110972896234242
83,Miscellaneous articles of base metal,Canada,8,"St. Albans, VT",0.0075809186024639215,0.7580918602463922
83,Miscellaneous articles of base metal,Canada,9,"Great Falls, MT",0.006812482990477453,0.6812482990477453
83,Miscellaneous articles of base metal,Canada,10,"Cleveland, OH",0.006655021729249584,0.6655021729249584
83,Miscellaneous articles of base metal,China,1,"Los Angeles, CA",0.3654135520496776,36.541355204967765
83,Miscellaneous articles of base metal,China,2,"New York City, NY",0.11719486723576135,11.719486723576136
83,Miscellaneous articles of base metal,China,3,"Chicago, IL",0.10448020202645933,10.448020202645933
83,Miscellaneous articles of base metal,China,4,"Cleveland, OH",0.08823820161429356,8.823820161429357
83,Miscellaneous articles of base metal,China,5,"Savannah, GA",0.08412771522446164,8.412771522446164
83,Miscellaneous articles of base metal,China,6,"Dallas-Fort Worth, TX",0.05497619913560402,5.497619913560402
83,Miscellaneous articles of base metal,China,7,"San Francisco, CA",0.05006840017771224,5.006840017771224
83,Miscellaneous articles of base metal,China,8,"Norfolk, VA",0.04876028063148465,4.876028063148465
83,Miscellaneous articles of base metal,China,9,"Seattle, WA",0.04571556667560317,4.571556667560317
83,Miscellaneous articles of base metal,China,10,"Houston-Galveston, TX",0.041025015228942516,4.102501522894252
83,Miscellaneous articles of base metal,Dominican Republic,1,"New York City, NY",0.9526783778815276,95.26783778815276
83,Miscellaneous articles of base metal,Dominican Republic,2,"Miami, FL",0.04350136610313411,4.350136610313411
83,Miscellaneous articles of base metal,Dominican Republic,3,"New Orleans, LA",0.0015360616047827992,0.1536061604782799
83,Miscellaneous articles of base metal,Dominican Republic,4,"Cleveland, OH",0.0008579339216690598,0.08579339216690599
83,Miscellaneous articles of base metal,Dominican Republic,5,"Dallas-Fort Worth, TX",0.0007380675669832799,0.073806756698328
83,Miscellaneous articles of base metal,Dominican Republic,6,"Philadelphia, PA",0.0003501445458732368,0.035014454587323676
83,Miscellaneous articles of base metal,Dominican Republic,7,"Los Angeles, CA",0.00012577674178438305,0.012577674178438305
83,Miscellaneous articles of base metal,Dominican Republic,8,"Boston, MA",8.660933606200708e-05,0.008660933606200707
83,Miscellaneous articles of base metal,Dominican Republic,9,"St. Louis, MO",7.930872106766184e-05,0.007930872106766185
83,Miscellaneous articles of base metal,Dominican Republic,10,"Houston-Galveston, TX",4.635357711575412e-05,0.004635357711575412
83,Miscellaneous articles of base metal,France,1,"Cleveland, OH",0.308520563598876,30.852056359887598
83,Miscellaneous articles of base metal,France,2,"New York City, NY",0.1599458698312224,15.99458698312224
83,Miscellaneous articles of base metal,France,3,"San Francisco, CA",0.0924344200709818,9.24344200709818
83,Miscellaneous articles of base metal,France,4,"Houston-Galveston, TX",0.08912849584234805,8.912849584234806
83,Miscellaneous articles of base metal,France,5,"Detroit, MI",0.08435907940858518,8.435907940858518
83,Miscellaneous articles of base metal,France,6,"New Orleans, LA",0.0793175479069302,7.93175479069302
83,Miscellaneous articles of base metal,France,7,"Los Angeles, CA",0.061240835783475896,6.12408357834759
83,Miscellaneous articles of base metal,France,8,"Chicago, IL",0.04661132698856104,4.661132698856104
83,Miscellaneous articles of base metal,France,9,"Dallas-Fort Worth, TX",0.04628363682103335,4.628363682103335
83,Miscellaneous articles of base metal,France,10,"Mobile, AL",0.032158223747986076,3.2158223747986074
83,Miscellaneous articles of base metal,Germany,1,"Charleston, SC",0.24183968333947786,24.183968333947785
83,Miscellaneous articles of base metal,Germany,2,"Chicago, IL",0.16285721128872685,16.285721128872684
83,Miscellaneous articles of base metal,Germany,3,"Mobile, AL",0.12726681896730946,12.726681896730947
83,Miscellaneous articles of base metal,Germany,4,"Savannah, GA",0.1253182970829425,12.53182970829425
83,Miscellaneous articles of base metal,Germany,5,"Cleveland, OH",0.07481138610171602,7.481138610171602
83,Miscellaneous articles of base metal,Germany,6,"New York City, NY",0.06763468770280864,6.7634687702808645
83,Miscellaneous articles of base metal,Germany,7,"Norfolk, VA",0.055988325089376886,5.598832508937688
83,Miscellaneous articles of base metal,Germany,8,"Philadelphia, PA",0.0556063774805343,5.56063774805343
83,Miscellaneous articles of base metal,Germany,9,"New Orleans, LA",0.04888782574493034,4.888782574493034
83,Miscellaneous articles of base metal,Germany,10,"Detroit, MI",0.039789387202177076,3.9789387202177076
83,Miscellaneous articles of base metal,India,1,"New York City, NY",0.2220136078071243,22.20136078071243
83,Miscellaneous articles of base metal,India,2,"Savannah, GA",0.14401307262242283,14.401307262242282
83,Miscellaneous articles of base metal,India,3,"Norfolk, VA",0.1080243266615395,10.80243266615395
83,Miscellaneous articles of base metal,India,4,"Chicago, IL",0.10078731890076918,10.078731890076918
83,Miscellaneous articles of base metal,India,5,"Cleveland, OH",0.09896017330818933,9.896017330818934
83,Miscellaneous articles of base metal,India,6,"Los Angeles, CA",0.08475748201586299,8.475748201586299
83,Miscellaneous articles of base metal,India,7,"Charleston, SC",0.07865890322477104,7.865890322477104
83,Miscellaneous articles of base metal,India,8,"Houston-Galveston, TX",0.07649599317933478,7.649599317933478
83,Miscellaneous articles of base metal,India,9,"New Orleans, LA",0.056996611075368665,5.699661107536866
83,Miscellaneous articles of base metal,India,10,"Detroit, MI",0.02929251120461734,2.929251120461734
83,Miscellaneous articles of base metal,Indonesia,1,"Los Angeles, CA",0.24709289670758763,24.709289670758764
83,Miscellaneous articles of base metal,Indonesia,2,"Norfolk, VA",0.17752595392001322,17.75259539200132
83,Miscellaneous articles of base metal,Indonesia,3,"Savannah, GA",0.14423113957062064,14.423113957062064
83,Miscellaneous articles of base metal,Indonesia,4,"New Orleans, LA",0.10535001832345696,10.535001832345696
83,Miscellaneous articles of base metal,Indonesia,5,"Houston-Galveston, TX",0.09830003474738591,9.830003474738591
83,Miscellaneous articles of base metal,Indonesia,6,"Cleveland, OH",0.0484348343213134,4.8434834321313405
83,Miscellaneous articles of base metal,Indonesia,7,"Charleston, SC",0.04707697653112306,4.707697653112306
83,Miscellaneous articles of base metal,Indonesia,8,"New York City, NY",0.04630866546009569,4.630866546009569
83,Miscellaneous articles of base metal,Indonesia,9,"Miami, FL",0.04471483558055197,4.471483558055197
83,Miscellaneous articles of base metal,Indonesia,10,"Chicago, IL",0.04096464483785152,4.096464483785152
83,Miscellaneous articles of base metal,Israel,1,"Cleveland, OH",0.3222340622669686,32.22340622669686
83,Miscellaneous articles of base metal,Israel,2,"New York City, NY",0.2676022314907444,26.76022314907444
83,Miscellaneous articles of base metal,Israel,3,"Los Angeles, CA",0.10617611782279766,10.617611782279766
83,Miscellaneous articles of base metal,Israel,4,"Savannah, GA",0.09237565845609301,9.237565845609302
83,Miscellaneous articles of base metal,Israel,5,"Houston-Galveston, TX",0.056352555605456954,5.635255560545695
83,Miscellaneous articles of base metal,Israel,6,"Norfolk, VA",0.046301728538198264,4.630172853819826
83,Miscellaneous articles of base metal,Israel,7,"New Orleans, LA",0.03377891918677992,3.3778919186779923
83,Miscellaneous articles of base metal,Israel,8,"Charleston, SC",0.027923306640816065,2.7923306640816064
83,Miscellaneous articles of base metal,Israel,9,"El Paso, TX",0.025401372930684576,2.5401372930684576
83,Miscellaneous articles of base metal,Israel,10,"Chicago, IL",0.021854047061460474,2.1854047061460475
83,Miscellaneous articles of base metal,Italy,1,"New York City, NY",0.2132897877235065,21.328978772350652
83,Miscellaneous articles of base metal,Italy,2,"Savannah, GA",0.17288100246715757,17.288100246715757
83,Miscellaneous articles of base metal,Italy,3,"Los Angeles, CA",0.13171175594079038,13.171175594079038
83,Miscellaneous articles of base metal,Italy,4,"Cleveland, OH",0.09781442203250246,9.781442203250245
83,Miscellaneous articles of base metal,Italy,5,"Norfolk, VA",0.08633765762928297,8.633765762928297
83,Miscellaneous articles of base metal,Italy,6,"Chicago, IL",0.08485525360752556,8.485525360752556
83,Miscellaneous articles of base metal,Italy,7,"Charleston, SC",0.06591192264052585,6.5911922640525855
83,Miscellaneous articles of base metal,Italy,8,"Miami, FL",0.057488453678602565,5.748845367860256
83,Miscellaneous articles of base metal,Italy,9,"San Francisco, CA",0.04692053973955687,4.692053973955687
83,Miscellaneous articles of base metal,Italy,10,"Houston-Galveston, TX",0.04278920454054921,4.278920454054921
83,Miscellaneous articles of base metal,Japan,1,"Chicago, IL",0.21900653623070096,21.900653623070095
83,Miscellaneous articles of base metal,Japan,2,"Cleveland, OH",0.20695454045180597,20.695454045180597
83,Miscellaneous articles of base metal,Japan,3,"Los Angeles, CA",0.1886893330686797,18.86893330686797
83,Miscellaneous articles of base metal,Japan,4,"New Orleans, LA",0.10220705966994834,10.220705966994833
83,Miscellaneous articles of base metal,Japan,5,"Seattle, WA",0.08664979852131878,8.664979852131879
83,Miscellaneous articles of base metal,Japan,6,"Savannah, GA",0.07566892135108887,7.566892135108887
83,Miscellaneous articles of base metal,Japan,7,"Houston-Galveston, TX",0.040979977393921514,4.097997739392151
83,Miscellaneous articles of base metal,Japan,8,"Mobile, AL",0.039918327200335654,3.9918327200335653
83,Miscellaneous articles of base metal,Japan,9,"New York City, NY",0.025750394581057486,2.5750394581057487
83,Miscellaneous articles of base metal,Japan,10,"Minneapolis, MN",0.014175111531142735,1.4175111531142734
83,Miscellaneous articles of base metal,"Korea, South",1,"Savannah, GA",0.24920535241687675,24.920535241687674
83,Miscellaneous articles of base metal,"Korea, South",2,"Mobile, AL",0.21762327772048595,21.762327772048597
83,Miscellaneous articles of base metal,"Korea, South",3,"Los Angeles, CA",0.1690115375324202,16.90115375324202
83,Miscellaneous articles of base metal,"Korea, South",4,"Chicago, IL",0.10896941857020427,10.896941857020428
83,Miscellaneous articles of base metal,"Korea, South",5,"Detroit, MI",0.07290536900889563,7.290536900889563
83,Miscellaneous articles of base metal,"Korea, South",6,"New York City, NY",0.06188184990048881,6.188184990048881
83,Miscellaneous articles of base metal,"Korea, South",7,"Seattle, WA",0.037858529145679325,3.7858529145679323
83,Miscellaneous articles of base metal,"Korea, South",8,"Houston-Galveston, TX",0.032559589221898964,3.2559589221898966
83,Miscellaneous articles of base metal,"Korea, South",9,"Dallas-Fort Worth, TX",0.026830301983318223,2.683030198331822
83,Miscellaneous articles of base metal,"Korea, South",10,"Cleveland, OH",0.023154774499731873,2.315477449973187
83,Miscellaneous articles of base metal,Malaysia,1,"New York City, NY",0.3541005067893002,35.41005067893002
83,Miscellaneous articles of base metal,Malaysia,2,"Savannah, GA",0.1761986579656703,17.61986579656703
83,Miscellaneous articles of base metal,Malaysia,3,"Los Angeles, CA",0.11623667913689818,11.623667913689818
83,Miscellaneous articles of base metal,Malaysia,4,"Chicago, IL",0.10068708990029594,10.068708990029593
83,Miscellaneous articles of base metal,Malaysia,5,"Houston-Galveston, TX",0.057987743468849086,5.798774346884908
83,Miscellaneous articles of base metal,Malaysia,6,"Cleveland, OH",0.045940819994902835,4.5940819994902835
83,Miscellaneous articles of base metal,Malaysia,7,"New Orleans, LA",0.04258379434848537,4.258379434848536
83,Miscellaneous articles of base metal,Malaysia,8,"San Francisco, CA",0.039857173807783516,3.9857173807783517
83,Miscellaneous articles of base metal,Malaysia,9,"Dallas-Fort Worth, TX",0.03689290834222888,3.689290834222888
83,Miscellaneous articles of base metal,Malaysia,10,"Norfolk, VA",0.029514626245585675,2.9514626245585673
83,Miscellaneous articles of base metal,Mexico,1,"Laredo, TX",0.5041380526902579,50.413805269025794
83,Miscellaneous articles of base metal,Mexico,2,"San Diego, CA",0.2788964860223648,27.889648602236477
83,Miscellaneous articles of base metal,Mexico,3,"Nogales, AZ",0.11804998768862897,11.804998768862896
83,Miscellaneous articles of base metal,Mexico,4,"El Paso, TX",0.08128539041115503,8.128539041115502
83,Miscellaneous articles of base metal,Mexico,5,"New Orleans, LA",0.00705062541631843,0.705062541631843
83,Miscellaneous articles of base metal,Mexico,6,"Cleveland, OH",0.005232804158620356,0.5232804158620357
83,Miscellaneous articles of base metal,Mexico,7,"Charleston, SC",0.0020095564789318243,0.20095564789318243
83,Miscellaneous articles of base metal,Mexico,8,"St. Louis, MO",0.0018205728953493332,0.18205728953493333
83,Miscellaneous articles of base metal,Mexico,9,"Los Angeles, CA",0.0010909739772946977,0.10909739772946977
83,Miscellaneous articles of base metal,Mexico,10,"Detroit, MI",0.00042555026107867606,0.042555026107867606
83,Miscellaneous articles of base metal,Oman,1,"Charleston, SC",0.19088684461286876,19.088684461286874
83,Miscellaneous articles of base metal,Oman,2,"Norfolk, VA",0.18706120062471288,18.70612006247129
83,Miscellaneous articles of base metal,Oman,3,"Mobile, AL",0.16916122724465543,16.916122724465545
83,Miscellaneous articles of base metal,Oman,4,"Los Angeles, CA",0.10839843233491482,10.839843233491482
83,Miscellaneous articles of base metal,Oman,5,"Houston-Galveston, TX",0.0927684822260898,9.27684822260898
83,Miscellaneous articles of base metal,Oman,6,"St. Louis, MO",0.07477179770720324,7.4771797707203245
83,Miscellaneous articles of base metal,Oman,7,"Savannah, GA",0.05796681325765984,5.7966813257659835
83,Miscellaneous articles of base metal,Oman,8,"Baltimore, MD",0.04274506146069291,4.274506146069291
83,Miscellaneous articles of base metal,Oman,9,"San Francisco, CA",0.03991565986397863,3.991565986397863
83,Miscellaneous articles of base metal,Oman,10,"Minneapolis, MN",0.03632448066722372,3.632448066722372
83,Miscellaneous articles of base metal,Poland,1,"Chicago, IL",0.23406312679361269,23.406312679361267
83,Miscellaneous articles of base metal,Poland,2,"New York City, NY",0.17200942040550016,17.200942040550014
83,Miscellaneous articles of base metal,Poland,3,"Cleveland, OH",0.16513518166969388,16.513518166969387
83,Miscellaneous articles of base metal,Poland,4,"Charleston, SC",0.10157425665678152,10.157425665678153
83,Miscellaneous articles of base metal,Poland,5,"Detroit, MI",0.07933033883370927,7.933033883370927
83,Miscellaneous articles of base metal,Poland,6,"San Francisco, CA",0.06918754023013787,6.918754023013787
83,Miscellaneous articles of base metal,Poland,7,"Philadelphia, PA",0.04935746989486155,4.935746989486154
83,Miscellaneous articles of base metal,Poland,8,"Savannah, GA",0.04696315835429594,4.696315835429594
83,Miscellaneous articles of base metal,Poland,9,"Los Angeles, CA",0.0436445694516347,4.364456945163471
83,Miscellaneous articles of base metal,Poland,10,"Houston-Galveston, TX",0.03873493770977236,3.873493770977236
83,Miscellaneous articles of base metal,Slovenia,1,"Cleveland, OH",0.4839277426793055,48.39277426793055
83,Miscellaneous articles of base metal,Slovenia,2,"Chicago, IL",0.26816478532857546,26.816478532857545
83,Miscellaneous articles of base metal,Slovenia,3,"New York City, NY",0.06579055603644096,6.579055603644096
83,Miscellaneous articles of base metal,Slovenia,4,"Charleston, SC",0.06038191458179996,6.038191458179996
83,Miscellaneous articles of base metal,Slovenia,5,"Houston-Galveston, TX",0.03822364080857186,3.8223640808571857
83,Miscellaneous articles of base metal,Slovenia,6,"Baltimore, MD",0.021806128435568266,2.1806128435568266
83,Miscellaneous articles of base metal,Slovenia,7,"Los Angeles, CA",0.02038728331826291,2.038728331826291
83,Miscellaneous articles of base metal,Slovenia,8,"Norfolk, VA",0.017132400582688345,1.7132400582688345
83,Miscellaneous articles of base metal,Slovenia,9,"Detroit, MI",0.012431922623973895,1.2431922623973894
83,Miscellaneous articles of base metal,Slovenia,10,"New Orleans, LA",0.011753625604813018,1.1753625604813018
83,Miscellaneous articles of base metal,Spain,1,"San Francisco, CA",0.28622470196916744,28.622470196916744
83,Miscellaneous articles of base metal,Spain,2,"Detroit, MI",0.26091010692274097,26.091010692274097
83,Miscellaneous articles of base metal,Spain,3,"New York City, NY",0.0949281813621834,9.49281813621834
83,Miscellaneous articles of base metal,Spain,4,"Los Angeles, CA",0.07312344229024502,7.312344229024502
83,Miscellaneous articles of base metal,Spain,5,"Cleveland, OH",0.06648630325356047,6.648630325356048
83,Miscellaneous articles of base metal,Spain,6,"Savannah, GA",0.055280248149198734,5.528024814919873
83,Miscellaneous articles of base metal,Spain,7,"Miami, FL",0.05037463055980455,5.037463055980455
83,Miscellaneous articles of base metal,Spain,8,"Chicago, IL",0.04247710735645423,4.2477107356454225
83,Miscellaneous articles of base metal,Spain,9,"Charleston, SC",0.03643577989630929,3.6435779896309293
83,Miscellaneous articles of base metal,Spain,10,"Norfolk, VA",0.03375949824033586,3.375949824033586
83,Miscellaneous articles of base metal,Sweden,1,"New Orleans, LA",0.22233826059974549,22.233826059974547
83,Miscellaneous articles of base metal,Sweden,2,"Norfolk, VA",0.14050610200351482,14.050610200351482
83,Miscellaneous articles of base metal,Sweden,3,"Laredo, TX",0.13471413933909746,13.471413933909746
83,Miscellaneous articles of base metal,Sweden,4,"Chicago, IL",0.11321674155381575,11.321674155381576
83,Miscellaneous articles of base metal,Sweden,5,"Baltimore, MD",0.10009018825892387,10.009018825892387
83,Miscellaneous articles of base metal,Sweden,6,"New York City, NY",0.0805013385121783,8.050133851217831
83,Miscellaneous articles of base metal,Sweden,7,"Cleveland, OH",0.06520193703430596,6.520193703430596
83,Miscellaneous articles of base metal,Sweden,8,"Charleston, SC",0.06519579647875083,6.519579647875083
83,Miscellaneous articles of base metal,Sweden,9,"Columbia-Snake, OR",0.04316264181023316,4.316264181023316
83,Miscellaneous articles of base metal,Sweden,10,"Philadelphia, PA",0.03507285440943431,3.5072854409434315
83,Miscellaneous articles of base metal,Taiwan,1,"Los Angeles, CA",0.29897512037929286,29.897512037929285
83,Miscellaneous articles of base metal,Taiwan,2,"St. Louis, MO",0.18018288042945668,18.018288042945667
83,Miscellaneous articles of base metal,Taiwan,3,"Chicago, IL",0.13668867958871447,13.668867958871447
83,Miscellaneous articles of base metal,Taiwan,4,"New York City, NY",0.11722928547589746,11.722928547589746
83,Miscellaneous articles of base metal,Taiwan,5,"Savannah, GA",0.08327480604599642,8.327480604599643
83,Miscellaneous articles of base metal,Taiwan,6,"Cleveland, OH",0.06161136384681322,6.161136384681322
83,Miscellaneous articles of base metal,Taiwan,7,"Seattle, WA",0.042640041571672234,4.264004157167223
83,Miscellaneous articles of base metal,Taiwan,8,"San Francisco, CA",0.03546388451841669,3.5463884518416693
83,Miscellaneous articles of base metal,Taiwan,9,"Detroit, MI",0.022497406068619098,2.2497406068619097
83,Miscellaneous articles of base metal,Taiwan,10,"Dallas-Fort Worth, TX",0.0214365320751208,2.14365320751208
83,Miscellaneous articles of base metal,Thailand,1,"Cleveland, OH",0.25938882756433046,25.938882756433046
83,Miscellaneous articles of base metal,Thailand,2,"Los Angeles, CA",0.21838165755537634,21.838165755537634
83,Miscellaneous articles of base metal,Thailand,3,"Chicago, IL",0.16173980495207707,16.173980495207708
83,Miscellaneous articles of base metal,Thailand,4,"New York City, NY",0.10667376442252835,10.667376442252834
83,Miscellaneous articles of base metal,Thailand,5,"Savannah, GA",0.08619995446128641,8.619995446128641
83,Miscellaneous articles of base metal,Thailand,6,"Seattle, WA",0.04442173623720088,4.442173623720088
83,Miscellaneous articles of base metal,Thailand,7,"Houston-Galveston, TX",0.03870653702555276,3.870653702555276
83,Miscellaneous articles of base metal,Thailand,8,"Norfolk, VA",0.029344482825446803,2.9344482825446803
83,Miscellaneous articles of base metal,Thailand,9,"Detroit, MI",0.028743496418767563,2.8743496418767562
83,Miscellaneous articles of base metal,Thailand,10,"Dallas-Fort Worth, TX",0.0263997385374334,2.63997385374334
83,Miscellaneous articles of base metal,United Arab Emirates,1,"New York City, NY",0.771656336875207,77.1656336875207
83,Miscellaneous articles of base metal,United Arab Emirates,2,"Charleston, SC",0.09744903809062504,9.744903809062503
83,Miscellaneous articles of base metal,United Arab Emirates,3,"Baltimore, MD",0.02661301449408187,2.661301449408187
83,Miscellaneous articles of base metal,United Arab Emirates,4,"Savannah, GA",0.022367774384011108,2.236777438401111
83,Miscellaneous articles of base metal,United Arab Emirates,5,"Chicago, IL",0.017286979676613606,1.7286979676613607
83,Miscellaneous articles of base metal,United Arab Emirates,6,"Philadelphia, PA",0.01703322076861768,1.703322076861768
83,Miscellaneous articles of base metal,United Arab Emirates,7,"Cleveland, OH",0.013280879140416065,1.3280879140416064
83,Miscellaneous articles of base metal,United Arab Emirates,8,"New Orleans, LA",0.01212016412919216,1.212016412919216
83,Miscellaneous articles of base metal,United Arab Emirates,9,"Los Angeles, CA",0.011464750079391278,1.1464750079391277
83,Miscellaneous articles of base metal,United Arab Emirates,10,"Seattle, WA",0.010727842361844162,1.0727842361844162
83,Miscellaneous articles of base metal,United Kingdom,1,"New Orleans, LA",0.1719553633298705,17.19553633298705
83,Miscellaneous articles of base metal,United Kingdom,2,"Cleveland, OH",0.1539522532506302,15.39522532506302
83,Miscellaneous articles of base metal,United Kingdom,3,"New York City, NY",0.1451273621990328,14.51273621990328
83,Miscellaneous articles of base metal,United Kingdom,4,"Chicago, IL",0.10738850547873596,10.738850547873596
83,Miscellaneous articles of base metal,United Kingdom,5,"Detroit, MI",0.08971287702800657,8.971287702800657
83,Miscellaneous articles of base metal,United Kingdom,6,"Los Angeles, CA",0.07661697196454303,7.661697196454304
83,Miscellaneous articles of base metal,United Kingdom,7,"Philadelphia, PA",0.07636269638566044,7.636269638566044
83,Miscellaneous articles of base metal,United Kingdom,8,"Savannah, GA",0.0734299464947219,7.34299464947219
83,Miscellaneous articles of base metal,United Kingdom,9,"Charleston, SC",0.05930712883164529,5.930712883164529
83,Miscellaneous articles of base metal,United Kingdom,10,"Houston-Galveston, TX",0.04614689503715328,4.614689503715328
83,Miscellaneous articles of base metal,Vietnam,1,"Los Angeles, CA",0.3550459906630262,35.504599066302625
83,Miscellaneous articles of base metal,Vietnam,2,"New York City, NY",0.12450314981881265,12.450314981881265
83,Miscellaneous articles of base metal,Vietnam,3,"Savannah, GA",0.09761834184205577,9.761834184205577
83,Miscellaneous articles of base metal,Vietnam,4,"Houston-Galveston, TX",0.08937625719665102,8.937625719665101
83,Miscellaneous articles of base metal,Vietnam,5,"Norfolk, VA",0.07349712496930783,7.349712496930783
83,Miscellaneous articles of base metal,Vietnam,6,"Chicago, IL",0.06664238056998041,6.664238056998041
83,Miscellaneous articles of base metal,Vietnam,7,"Mobile, AL",0.06125119059650001,6.125119059650001
83,Miscellaneous articles of base metal,Vietnam,8,"Seattle, WA",0.0532066301359031,5.32066301359031
83,Miscellaneous articles of base metal,Vietnam,9,"Charleston, SC",0.04453047183641584,4.453047183641584
83,Miscellaneous articles of base metal,Vietnam,10,"Nogales, AZ",0.0343284623713471,3.43284623713471
84,Machinery and electrical equipment,Australia,1,"Los Angeles, CA",0.2288576687766035,22.88576687766035
84,Machinery and electrical equipment,Australia,2,"Chicago, IL",0.16659946087805538,16.659946087805537
84,Machinery and electrical equipment,Australia,3,"Cleveland, OH",0.14053187636957365,14.053187636957365
84,Machinery and electrical equipment,Australia,4,"Savannah, GA",0.10591876198065255,10.591876198065254
84,Machinery and electrical equipment,Australia,5,"Charleston, SC",0.07446599809157163,7.4465998091571635
84,Machinery and electrical equipment,Australia,6,"New Orleans, LA",0.07180334212843054,7.180334212843054
84,Machinery and electrical equipment,Australia,7,"Dallas-Fort Worth, TX",0.06260226039493794,6.260226039493793
84,Machinery and electrical equipment,Australia,8,"Houston-Galveston, TX",0.06000466949180989,6.000466949180989
84,Machinery and electrical equipment,Australia,9,"Seattle, WA",0.04620574040951613,4.620574040951613
84,Machinery and electrical equipment,Australia,10,"Philadelphia, PA",0.043010221478848684,4.3010221478848685
84,Machinery and electrical equipment,Austria,1,"Houston-Galveston, TX",0.14553965907742045,14.553965907742045
84,Machinery and electrical equipment,Austria,2,"New York City, NY",0.13744614302206795,13.744614302206795
84,Machinery and electrical equipment,Austria,3,"Charleston, SC",0.1342798375492591,13.42798375492591
84,Machinery and electrical equipment,Austria,4,"Baltimore, MD",0.1219371446626148,12.19371446626148
84,Machinery and electrical equipment,Austria,5,"Chicago, IL",0.09761093693490547,9.761093693490547
84,Machinery and electrical equipment,Austria,6,"Los Angeles, CA",0.08972733220767161,8.97273322076716
84,Machinery and electrical equipment,Austria,7,"Savannah, GA",0.07927531571387349,7.927531571387349
84,Machinery and electrical equipment,Austria,8,"Cleveland, OH",0.07289122464870675,7.289122464870674
84,Machinery and electrical equipment,Austria,9,"Norfolk, VA",0.06717703255077884,6.7177032550778835
84,Machinery and electrical equipment,Austria,10,"New Orleans, LA",0.054115373632701524,5.411537363270153
84,Machinery and electrical equipment,Belgium,1,"Cleveland, OH",0.21465528044752608,21.465528044752606
84,Machinery and electrical equipment,Belgium,2,"Wilmington, NC",0.12008403486980329,12.00840348698033
84,Machinery and electrical equipment,Belgium,3,"New York City, NY",0.09958750088113803,9.958750088113803
84,Machinery and electrical equipment,Belgium,4,"Houston-Galveston, TX",0.09272753295270901,9.2727532952709
84,Machinery and electrical equipment,Belgium,5,"Chicago, IL",0.0895793495856099,8.95793495856099
84,Machinery and electrical equipment,Belgium,6,"Seattle, WA",0.08766911537740142,8.766911537740143
84,Machinery and electrical equipment,Belgium,7,"Baltimore, MD",0.08634618895434289,8.634618895434288
84,Machinery and electrical equipment,Belgium,8,"Savannah, GA",0.0858324296175085,8.58324296175085
84,Machinery and electrical equipment,Belgium,9,"Charleston, SC",0.07615076646564849,7.615076646564849
84,Machinery and electrical equipment,Belgium,10,"New Orleans, LA",0.047367800848312415,4.736780084831241
84,Machinery and electrical equipment,Brazil,1,"Houston-Galveston, TX",0.3208944413108067,32.08944413108067
84,Machinery and electrical equipment,Brazil,2,"Norfolk, VA",0.14261919956241817,14.261919956241817
84,Machinery and electrical equipment,Brazil,3,"Savannah, GA",0.11260919174558683,11.260919174558683
84,Machinery and electrical equipment,Brazil,4,"Miami, FL",0.08013923859050423,8.013923859050424
84,Machinery and electrical equipment,Brazil,5,"Baltimore, MD",0.07337688429535008,7.337688429535008
84,Machinery and electrical equipment,Brazil,6,"Charleston, SC",0.0728272968714732,7.28272968714732
84,Machinery and electrical equipment,Brazil,7,"Chicago, IL",0.06294241661873219,6.294241661873219
84,Machinery and electrical equipment,Brazil,8,"New York City, NY",0.05813064142832166,5.813064142832166
84,Machinery and electrical equipment,Brazil,9,"Cleveland, OH",0.038396488774089,3.8396488774089
84,Machinery and electrical equipment,Brazil,10,"Los Angeles, CA",0.03806420080271803,3.806420080271803
84,Machinery and electrical equipment,Bulgaria,1,"New York City, NY",0.17738077749271366,17.738077749271365
84,Machinery and electrical equipment,Bulgaria,2,"Savannah, GA",0.14965175120594865,14.965175120594864
84,Machinery and electrical equipment,Bulgaria,3,"Cleveland, OH",0.12140406184567629,12.14040618456763
84,Machinery and electrical equipment,Bulgaria,4,"St. Louis, MO",0.11434308492095543,11.434308492095543
84,Machinery and electrical equipment,Bulgaria,5,"Los Angeles, CA",0.1127847611235694,11.278476112356941
84,Machinery and electrical equipment,Bulgaria,6,"Chicago, IL",0.10149882936400911,10.14988293640091
84,Machinery and electrical equipment,Bulgaria,7,"New Orleans, LA",0.0875961060698146,8.759610606981461
84,Machinery and electrical equipment,Bulgaria,8,"Boston, MA",0.061126921542415565,6.112692154241556
84,Machinery and electrical equipment,Bulgaria,9,"Norfolk, VA",0.0411029800460184,4.11029800460184
84,Machinery and electrical equipment,Bulgaria,10,"San Francisco, CA",0.033110726388878874,3.3110726388878873
84,Machinery and electrical equipment,Canada,1,"Detroit, MI",0.500942663070863,50.0942663070863
84,Machinery and electrical equipment,Canada,2,"Buffalo, NY",0.12294260541721196,12.294260541721195
84,Machinery and electrical equipment,Canada,3,"Pembina, ND",0.09948886146805803,9.948886146805803
84,Machinery and electrical equipment,Canada,4,"Ogdensburg, NY",0.0873164999812426,8.731649998124261
84,Machinery and electrical equipment,Canada,5,"Great Falls, MT",0.05315402816906878,5.315402816906878
84,Machinery and electrical equipment,Canada,6,"Seattle, WA",0.043820150792414365,4.3820150792414365
84,Machinery and electrical equipment,Canada,7,"Cleveland, OH",0.026668580026337853,2.666858002633785
84,Machinery and electrical equipment,Canada,8,"New Orleans, LA",0.02559692957405013,2.559692957405013
84,Machinery and electrical equipment,Canada,9,"St. Albans, VT",0.024780849164362777,2.478084916436278
84,Machinery and electrical equipment,Canada,10,"Savannah, GA",0.015288832336390392,1.5288832336390392
84,Machinery and electrical equipment,China,1,"Los Angeles, CA",0.341400440522584,34.1400440522584
84,Machinery and electrical equipment,China,2,"Chicago, IL",0.21892578921176253,21.892578921176252
84,Machinery and electrical equipment,China,3,"New Orleans, LA",0.09165485526127691,9.165485526127691
84,Machinery and electrical equipment,China,4,"Cleveland, OH",0.07156179243328735,7.156179243328735
84,Machinery and electrical equipment,China,5,"Savannah, GA",0.06389311513561853,6.389311513561853
84,Machinery and electrical equipment,China,6,"New York City, NY",0.05966243842194094,5.9662438421940935
84,Machinery and electrical equipment,China,7,"Houston-Galveston, TX",0.04846779915381256,4.846779915381256
84,Machinery and electrical equipment,China,8,"Dallas-Fort Worth, TX",0.03582550930792838,3.5825509307928383
84,Machinery and electrical equipment,China,9,"Philadelphia, PA",0.03489983388414138,3.4899833884141382
84,Machinery and electrical equipment,China,10,"San Francisco, CA",0.033708426667647326,3.3708426667647324
84,Machinery and electrical equipment,Croatia,1,"New York City, NY",0.1970468329743012,19.70468329743012
84,Machinery and electrical equipment,Croatia,2,"Houston-Galveston, TX",0.15933944989891982,15.933944989891982
84,Machinery and electrical equipment,Croatia,3,"Chicago, IL",0.11945665117990359,11.945665117990359
84,Machinery and electrical equipment,Croatia,4,"Savannah, GA",0.1048049314620004,10.48049314620004
84,Machinery and electrical equipment,Croatia,5,"Wilmington, NC",0.10010140715473759,10.010140715473758
84,Machinery and electrical equipment,Croatia,6,"Cleveland, OH",0.08902344460960503,8.902344460960503
84,Machinery and electrical equipment,Croatia,7,"Los Angeles, CA",0.07533065037985097,7.5330650379850965
84,Machinery and electrical equipment,Croatia,8,"New Orleans, LA",0.05873792980258933,5.873792980258933
84,Machinery and electrical equipment,Croatia,9,"Dallas-Fort Worth, TX",0.05236830140044774,5.236830140044774
84,Machinery and electrical equipment,Croatia,10,"Norfolk, VA",0.04379040113764434,4.379040113764434
84,Machinery and electrical equipment,Czech Republic,1,"Charleston, SC",0.26222678816902345,26.222678816902345
84,Machinery and electrical equipment,Czech Republic,2,"Chicago, IL",0.15223852916777558,15.223852916777558
84,Machinery and electrical equipment,Czech Republic,3,"Nogales, AZ",0.11697070530009489,11.697070530009489
84,Machinery and electrical equipment,Czech Republic,4,"New York City, NY",0.11187237121868952,11.187237121868952
84,Machinery and electrical equipment,Czech Republic,5,"Savannah, GA",0.07206823387855607,7.206823387855607
84,Machinery and electrical equipment,Czech Republic,6,"Dallas-Fort Worth, TX",0.06626840589356123,6.626840589356123
84,Machinery and electrical equipment,Czech Republic,7,"Cleveland, OH",0.06606312533263431,6.606312533263431
84,Machinery and electrical equipment,Czech Republic,8,"Houston-Galveston, TX",0.05626996375852697,5.626996375852697
84,Machinery and electrical equipment,Czech Republic,9,"Detroit, MI",0.0541161560132001,5.41161560132001
84,Machinery and electrical equipment,Czech Republic,10,"Los Angeles, CA",0.041905721267937894,4.190572126793789
84,Machinery and electrical equipment,Denmark,1,"Chicago, IL",0.16786107796294067,16.78610779629407
84,Machinery and electrical equipment,Denmark,2,"Houston-Galveston, TX",0.1430051887984241,14.30051887984241
84,Machinery and electrical equipment,Denmark,3,"New York City, NY",0.1404882173014515,14.04882173014515
84,Machinery and electrical equipment,Denmark,4,"Cleveland, OH",0.13318978150775457,13.318978150775457
84,Machinery and electrical equipment,Denmark,5,"Savannah, GA",0.1174923234722718,11.74923234722718
84,Machinery and electrical equipment,Denmark,6,"New Orleans, LA",0.07305611725778481,7.305611725778481
84,Machinery and electrical equipment,Denmark,7,"Charleston, SC",0.06330304303296838,6.330304303296838
84,Machinery and electrical equipment,Denmark,8,"Norfolk, VA",0.06075612680937119,6.075612680937119
84,Machinery and electrical equipment,Denmark,9,"Boston, MA",0.05405524261413601,5.405524261413601
84,Machinery and electrical equipment,Denmark,10,"Los Angeles, CA",0.04679288124289699,4.679288124289699
84,Machinery and electrical equipment,Dominican Republic,1,"Miami, FL",0.7412160695839657,74.12160695839657
84,Machinery and electrical equipment,Dominican Republic,2,"Chicago, IL",0.16705433803273972,16.705433803273973
84,Machinery and electrical equipment,Dominican Republic,3,"New York City, NY",0.04194704258484588,4.194704258484587
84,Machinery and electrical equipment,Dominican Republic,4,"New Orleans, LA",0.015336536510405507,1.5336536510405507
84,Machinery and electrical equipment,Dominican Republic,5,"Cleveland, OH",0.01115541756788291,1.115541756788291
84,Machinery and electrical equipment,Dominican Republic,6,"El Paso, TX",0.007792034174717973,0.7792034174717973
84,Machinery and electrical equipment,Dominican Republic,7,"Houston-Galveston, TX",0.005582415967176171,0.5582415967176171
84,Machinery and electrical equipment,Dominican Republic,8,"Tampa, FL",0.005508696501247171,0.5508696501247171
84,Machinery and electrical equipment,Dominican Republic,9,"Los Angeles, CA",0.0028077775734620778,0.2807777573462078
84,Machinery and electrical equipment,Dominican Republic,10,"Savannah, GA",0.0015996715035568939,0.1599671503556894
84,Machinery and electrical equipment,Finland,1,"Chicago, IL",0.1788063385483574,17.88063385483574
84,Machinery and electrical equipment,Finland,2,"Houston-Galveston, TX",0.14365866739526564,14.365866739526565
84,Machinery and electrical equipment,Finland,3,"New York City, NY",0.1288136414234877,12.881364142348769
84,Machinery and electrical equipment,Finland,4,"Savannah, GA",0.1226438284404626,12.26438284404626
84,Machinery and electrical equipment,Finland,5,"Los Angeles, CA",0.09530033039768737,9.530033039768737
84,Machinery and electrical equipment,Finland,6,"Cleveland, OH",0.08147141252393812,8.147141252393812
84,Machinery and electrical equipment,Finland,7,"Baltimore, MD",0.08002009608000711,8.00200960800071
84,Machinery and electrical equipment,Finland,8,"Charleston, SC",0.07953452304994921,7.95345230499492
84,Machinery and electrical equipment,Finland,9,"New Orleans, LA",0.05293667772178658,5.293667772178658
84,Machinery and electrical equipment,Finland,10,"Detroit, MI",0.03681448441905818,3.6814484419058178
84,Machinery and electrical equipment,France,1,"Cleveland, OH",0.28127616158829594,28.127616158829593
84,Machinery and electrical equipment,France,2,"New York City, NY",0.13283761000151043,13.283761000151042
84,Machinery and electrical equipment,France,3,"Laredo, TX",0.12295620570103506,12.295620570103507
84,Machinery and electrical equipment,France,4,"Chicago, IL",0.09870324740337724,9.870324740337724
84,Machinery and electrical equipment,France,5,"Dallas-Fort Worth, TX",0.07705091042213898,7.705091042213898
84,Machinery and electrical equipment,France,6,"Savannah, GA",0.07682148929292086,7.682148929292086
84,Machinery and electrical equipment,France,7,"Miami, FL",0.0735551024872499,7.355510248724991
84,Machinery and electrical equipment,France,8,"New Orleans, LA",0.05742807709419933,5.742807709419933
84,Machinery and electrical equipment,France,9,"Houston-Galveston, TX",0.04343141665430986,4.343141665430986
84,Machinery and electrical equipment,France,10,"Los Angeles, CA",0.03593977935496237,3.593977935496237
84,Machinery and electrical equipment,Germany,1,"Chicago, IL",0.1665203117110337,16.65203117110337
84,Machinery and electrical equipment,Germany,2,"New York City, NY",0.15436470322537055,15.436470322537055
84,Machinery and electrical equipment,Germany,3,"Charleston, SC",0.13065909181963017,13.065909181963017
84,Machinery and electrical equipment,Germany,4,"Savannah, GA",0.1075776543620345,10.75776543620345
84,Machinery and electrical equipment,Germany,5,"Houston-Galveston, TX",0.09955947300961634,9.955947300961634
84,Machinery and electrical equipment,Germany,6,"Cleveland, OH",0.0985134631172329,9.85134631172329
84,Machinery and electrical equipment,Germany,7,"Baltimore, MD",0.06738192754940485,6.738192754940485
84,Machinery and electrical equipment,Germany,8,"Norfolk, VA",0.06384620339907973,6.384620339907973
84,Machinery and electrical equipment,Germany,9,"New Orleans, LA",0.05980919337167061,5.980919337167061
84,Machinery and electrical equipment,Germany,10,"Los Angeles, CA",0.05176797843492662,5.176797843492662
84,Machinery and electrical equipment,Hungary,1,"Chicago, IL",0.20443943629326838,20.44394362932684
84,Machinery and electrical equipment,Hungary,2,"New York City, NY",0.16272040925222972,16.27204092522297
84,Machinery and electrical equipment,Hungary,3,"Detroit, MI",0.13147014658028522,13.147014658028521
84,Machinery and electrical equipment,Hungary,4,"Savannah, GA",0.12903248415534702,12.903248415534701
84,Machinery and electrical equipment,Hungary,5,"New Orleans, LA",0.10111941477416234,10.111941477416234
84,Machinery and electrical equipment,Hungary,6,"Cleveland, OH",0.07362591543080695,7.362591543080694
84,Machinery and electrical equipment,Hungary,7,"Charleston, SC",0.05694131353124763,5.694131353124763
84,Machinery and electrical equipment,Hungary,8,"Los Angeles, CA",0.054999181324370046,5.499918132437005
84,Machinery and electrical equipment,Hungary,9,"Houston-Galveston, TX",0.054216386366193935,5.421638636619393
84,Machinery and electrical equipment,Hungary,10,"Dallas-Fort Worth, TX",0.03143531229208884,3.1435312292088837
84,Machinery and electrical equipment,India,1,"Houston-Galveston, TX",0.21450581381557443,21.45058138155744
84,Machinery and electrical equipment,India,2,"Chicago, IL",0.14251365388150114,14.251365388150115
84,Machinery and electrical equipment,India,3,"New York City, NY",0.13388469992254093,13.388469992254093
84,Machinery and electrical equipment,India,4,"Savannah, GA",0.1208965665894597,12.08965665894597
84,Machinery and electrical equipment,India,5,"Cleveland, OH",0.10957134212492112,10.957134212492111
84,Machinery and electrical equipment,India,6,"Charleston, SC",0.072414533552623,7.2414533552623
84,Machinery and electrical equipment,India,7,"Norfolk, VA",0.06007734105946452,6.007734105946453
84,Machinery and electrical equipment,India,8,"New Orleans, LA",0.056711993284723324,5.6711993284723325
84,Machinery and electrical equipment,India,9,"Los Angeles, CA",0.04497894318561099,4.497894318561099
84,Machinery and electrical equipment,India,10,"Tampa, FL",0.044445112583580866,4.444511258358086
84,Machinery and electrical equipment,Indonesia,1,"Los Angeles, CA",0.43527324124157757,43.52732412415776
84,Machinery and electrical equipment,Indonesia,2,"San Francisco, CA",0.10037875522516976,10.037875522516975
84,Machinery and electrical equipment,Indonesia,3,"Savannah, GA",0.0965730019276698,9.657300192766979
84,Machinery and electrical equipment,Indonesia,4,"Chicago, IL",0.08884897204341445,8.884897204341446
84,Machinery and electrical equipment,Indonesia,5,"New York City, NY",0.08875341729358831,8.87534172935883
84,Machinery and electrical equipment,Indonesia,6,"New Orleans, LA",0.060019818663446065,6.0019818663446065
84,Machinery and electrical equipment,Indonesia,7,"Cleveland, OH",0.04086674920456081,4.086674920456081
84,Machinery and electrical equipment,Indonesia,8,"Dallas-Fort Worth, TX",0.031947740304300525,3.1947740304300525
84,Machinery and electrical equipment,Indonesia,9,"Seattle, WA",0.03188878225860671,3.188878225860671
84,Machinery and electrical equipment,Indonesia,10,"Miami, FL",0.02544952183766598,2.5449521837665983
84,Machinery and electrical equipment,Ireland,1,"Boston, MA",0.19558055593045395,19.558055593045395
84,Machinery and electrical equipment,Ireland,2,"Cleveland, OH",0.14019231784392935,14.019231784392936
84,Machinery and electrical equipment,Ireland,3,"New York City, NY",0.13581138787993072,13.581138787993071
84,Machinery and electrical equipment,Ireland,4,"Portland, ME",0.1351301757680306,13.51301757680306
84,Machinery and electrical equipment,Ireland,5,"Wilmington, NC",0.11311045406029423,11.311045406029423
84,Machinery and electrical equipment,Ireland,6,"Savannah, GA",0.07370748579708347,7.370748579708347
84,Machinery and electrical equipment,Ireland,7,"Philadelphia, PA",0.05801691092826282,5.801691092826282
84,Machinery and electrical equipment,Ireland,8,"Chicago, IL",0.054719738550560296,5.47197385505603
84,Machinery and electrical equipment,Ireland,9,"Nogales, AZ",0.05087472465383419,5.087472465383419
84,Machinery and electrical equipment,Ireland,10,"New Orleans, LA",0.04285624858762042,4.285624858762041
84,Machinery and electrical equipment,Israel,1,"New York City, NY",0.39476982353351897,39.4769823533519
84,Machinery and electrical equipment,Israel,2,"Savannah, GA",0.10428864758563568,10.428864758563568
84,Machinery and electrical equipment,Israel,3,"Cleveland, OH",0.09207465014289322,9.207465014289323
84,Machinery and electrical equipment,Israel,4,"Chicago, IL",0.07971863508460283,7.971863508460284
84,Machinery and electrical equipment,Israel,5,"Los Angeles, CA",0.06759815185523196,6.7598151855231965
84,Machinery and electrical equipment,Israel,6,"Dallas-Fort Worth, TX",0.06251958953264913,6.251958953264913
84,Machinery and electrical equipment,Israel,7,"San Francisco, CA",0.05552731927058697,5.552731927058697
84,Machinery and electrical equipment,Israel,8,"Houston-Galveston, TX",0.05488691275349034,5.4886912753490344
84,Machinery and electrical equipment,Israel,9,"New Orleans, LA",0.049927541226286495,4.992754122628649
84,Machinery and electrical equipment,Israel,10,"Boston, MA",0.03868872901510441,3.868872901510441
84,Machinery and electrical equipment,Italy,1,"New York City, NY",0.1879596071848132,18.795960718481318
84,Machinery and electrical equipment,Italy,2,"Chicago, IL",0.13366317493272042,13.366317493272042
84,Machinery and electrical equipment,Italy,3,"Houston-Galveston, TX",0.1295590998770514,12.95590998770514
84,Machinery and electrical equipment,Italy,4,"Savannah, GA",0.12728201427954805,12.728201427954804
84,Machinery and electrical equipment,Italy,5,"Cleveland, OH",0.11789795679663664,11.789795679663664
84,Machinery and electrical equipment,Italy,6,"New Orleans, LA",0.07424889470925425,7.424889470925425
84,Machinery and electrical equipment,Italy,7,"Norfolk, VA",0.06748120118991498,6.748120118991498
84,Machinery and electrical equipment,Italy,8,"Baltimore, MD",0.06445957776302398,6.445957776302398
84,Machinery and electrical equipment,Italy,9,"Detroit, MI",0.054837273106280754,5.483727310628075
84,Machinery and electrical equipment,Italy,10,"Los Angeles, CA",0.04261120016075619,4.261120016075619
84,Machinery and electrical equipment,Japan,1,"Los Angeles, CA",0.2754333806335144,27.54333806335144
84,Machinery and electrical equipment,Japan,2,"Savannah, GA",0.15450406442782239,15.450406442782239
84,Machinery and electrical equipment,Japan,3,"Chicago, IL",0.13886055645403622,13.886055645403623
84,Machinery and electrical equipment,Japan,4,"Cleveland, OH",0.09696532884966721,9.696532884966722
84,Machinery and electrical equipment,Japan,5,"Seattle, WA",0.08949640244114546,8.949640244114546
84,Machinery and electrical equipment,Japan,6,"Baltimore, MD",0.05317959818098874,5.317959818098874
84,Machinery and electrical equipment,Japan,7,"New York City, NY",0.05307169157335164,5.3071691573351645
84,Machinery and electrical equipment,Japan,8,"Houston-Galveston, TX",0.04869935423765757,4.869935423765757
84,Machinery and electrical equipment,Japan,9,"San Francisco, CA",0.04595198592009112,4.595198592009112
84,Machinery and electrical equipment,Japan,10,"New Orleans, LA",0.04383763728172528,4.383763728172528
84,Machinery and electrical equipment,"Korea, South",1,"Los Angeles, CA",0.26115109419435284,26.115109419435285
84,Machinery and electrical equipment,"Korea, South",2,"San Francisco, CA",0.19297999960205087,19.297999960205086
84,Machinery and electrical equipment,"Korea, South",3,"Savannah, GA",0.15089673565172648,15.089673565172648
84,Machinery and electrical equipment,"Korea, South",4,"Dallas-Fort Worth, TX",0.08335976844710856,8.335976844710856
84,Machinery and electrical equipment,"Korea, South",5,"New York City, NY",0.07150961675030323,7.150961675030324
84,Machinery and electrical equipment,"Korea, South",6,"Mobile, AL",0.049324684746067604,4.93246847460676
84,Machinery and electrical equipment,"Korea, South",7,"Chicago, IL",0.04907675839869921,4.907675839869921
84,Machinery and electrical equipment,"Korea, South",8,"Houston-Galveston, TX",0.048963579075808825,4.8963579075808825
84,Machinery and electrical equipment,"Korea, South",9,"Cleveland, OH",0.047766843387196736,4.776684338719674
84,Machinery and electrical equipment,"Korea, South",10,"Seattle, WA",0.04497091974668559,4.497091974668559
84,Machinery and electrical equipment,Latvia,1,"New York City, NY",0.3745860753482425,37.45860753482425
84,Machinery and electrical equipment,Latvia,2,"Chicago, IL",0.26058376801851213,26.058376801851214
84,Machinery and electrical equipment,Latvia,3,"Cleveland, OH",0.07537673912495503,7.537673912495503
84,Machinery and electrical equipment,Latvia,4,"Mobile, AL",0.06839018184955963,6.839018184955963
84,Machinery and electrical equipment,Latvia,5,"Dallas-Fort Worth, TX",0.05898723872342388,5.898723872342388
84,Machinery and electrical equipment,Latvia,6,"Charleston, SC",0.04398706942689857,4.398706942689857
84,Machinery and electrical equipment,Latvia,7,"Houston-Galveston, TX",0.033196353162419354,3.319635316241935
84,Machinery and electrical equipment,Latvia,8,"Savannah, GA",0.03181439275640971,3.181439275640971
84,Machinery and electrical equipment,Latvia,9,"Los Angeles, CA",0.028624242918055248,2.862424291805525
84,Machinery and electrical equipment,Latvia,10,"New Orleans, LA",0.02445393867152389,2.445393867152389
84,Machinery and electrical equipment,Malaysia,1,"Los Angeles, CA",0.24644765917755576,24.644765917755578
84,Machinery and electrical equipment,Malaysia,2,"Norfolk, VA",0.1807409143200756,18.07409143200756
84,Machinery and electrical equipment,Malaysia,3,"Cleveland, OH",0.1329354938847256,13.29354938847256
84,Machinery and electrical equipment,Malaysia,4,"New Orleans, LA",0.11231558775791883,11.231558775791884
84,Machinery and electrical equipment,Malaysia,5,"San Francisco, CA",0.08556577752611892,8.556577752611892
84,Machinery and electrical equipment,Malaysia,6,"Chicago, IL",0.07464492598212175,7.464492598212175
84,Machinery and electrical equipment,Malaysia,7,"New York City, NY",0.0677641110181296,6.776411101812959
84,Machinery and electrical equipment,Malaysia,8,"Houston-Galveston, TX",0.03992284560789438,3.9922845607894377
84,Machinery and electrical equipment,Malaysia,9,"Dallas-Fort Worth, TX",0.03605799145471968,3.6057991454719684
84,Machinery and electrical equipment,Malaysia,10,"Savannah, GA",0.02360469327073982,2.360469327073982
84,Machinery and electrical equipment,Mexico,1,"Laredo, TX",0.5092375181801552,50.92375181801552
84,Machinery and electrical equipment,Mexico,2,"El Paso, TX",0.4137617790135297,41.37617790135297
84,Machinery and electrical equipment,Mexico,3,"San Diego, CA",0.03822264367332851,3.8222643673328514
84,Machinery and electrical equipment,Mexico,4,"Nogales, AZ",0.017424032553425537,1.7424032553425537
84,Machinery and electrical equipment,Mexico,5,"New Orleans, LA",0.009465070567243184,0.9465070567243183
84,Machinery and electrical equipment,Mexico,6,"Cleveland, OH",0.003165541210513865,0.31655412105138653
84,Machinery and electrical equipment,Mexico,7,"Tampa, FL",0.003034254807113056,0.3034254807113056
84,Machinery and electrical equipment,Mexico,8,"Los Angeles, CA",0.0026354016356961354,0.2635401635696135
84,Machinery and electrical equipment,Mexico,9,"New York City, NY",0.0018413757932753084,0.18413757932753083
84,Machinery and electrical equipment,Mexico,10,"Miami, FL",0.0012123825657195041,0.12123825657195042
84,Machinery and electrical equipment,Netherlands,1,"Seattle, WA",0.1957750216899587,19.57750216899587
84,Machinery and electrical equipment,Netherlands,2,"Los Angeles, CA",0.1796076201137185,17.960762011371852
84,Machinery and electrical equipment,Netherlands,3,"New York City, NY",0.15661180904068378,15.661180904068377
84,Machinery and electrical equipment,Netherlands,4,"Chicago, IL",0.10557120906049906,10.557120906049906
84,Machinery and electrical equipment,Netherlands,5,"Houston-Galveston, TX",0.09195496163285771,9.195496163285771
84,Machinery and electrical equipment,Netherlands,6,"Cleveland, OH",0.07051272342585285,7.0512723425852855
84,Machinery and electrical equipment,Netherlands,7,"Savannah, GA",0.06652110147901716,6.652110147901716
84,Machinery and electrical equipment,Netherlands,8,"New Orleans, LA",0.04970637069654899,4.9706370696549
84,Machinery and electrical equipment,Netherlands,9,"Charleston, SC",0.04910664079601993,4.910664079601993
84,Machinery and electrical equipment,Netherlands,10,"Dallas-Fort Worth, TX",0.03463254206484346,3.463254206484346
84,Machinery and electrical equipment,New Zealand,1,"Philadelphia, PA",0.23865256483006445,23.865256483006444
84,Machinery and electrical equipment,New Zealand,2,"Los Angeles, CA",0.1826986255858511,18.26986255858511
84,Machinery and electrical equipment,New Zealand,3,"Seattle, WA",0.12576733116801073,12.576733116801073
84,Machinery and electrical equipment,New Zealand,4,"Chicago, IL",0.10868171187411817,10.868171187411816
84,Machinery and electrical equipment,New Zealand,5,"Houston-Galveston, TX",0.08611151960554875,8.611151960554874
84,Machinery and electrical equipment,New Zealand,6,"Charleston, SC",0.059121468116788554,5.912146811678856
84,Machinery and electrical equipment,New Zealand,7,"Savannah, GA",0.05463835580180158,5.463835580180159
84,Machinery and electrical equipment,New Zealand,8,"St. Louis, MO",0.05185467720702723,5.185467720702723
84,Machinery and electrical equipment,New Zealand,9,"New Orleans, LA",0.04872203647459304,4.872203647459304
84,Machinery and electrical equipment,New Zealand,10,"New York City, NY",0.04375170933619639,4.375170933619639
84,Machinery and electrical equipment,Norway,1,"Houston-Galveston, TX",0.2849528611564705,28.49528611564705
84,Machinery and electrical equipment,Norway,2,"Cleveland, OH",0.21099153024361092,21.09915302436109
84,Machinery and electrical equipment,Norway,3,"Charleston, SC",0.18186299736092226,18.186299736092227
84,Machinery and electrical equipment,Norway,4,"New York City, NY",0.08416638059247888,8.416638059247889
84,Machinery and electrical equipment,Norway,5,"New Orleans, LA",0.06639746989004279,6.639746989004279
84,Machinery and electrical equipment,Norway,6,"Boston, MA",0.048817365675915575,4.881736567591558
84,Machinery and electrical equipment,Norway,7,"Mobile, AL",0.03976552691799885,3.9765526917998852
84,Machinery and electrical equipment,Norway,8,"Savannah, GA",0.031003434161321917,3.100343416132192
84,Machinery and electrical equipment,Norway,9,"Ogdensburg, NY",0.027408004184989225,2.7408004184989223
84,Machinery and electrical equipment,Norway,10,"Miami, FL",0.024634429816248984,2.4634429816248984
84,Machinery and electrical equipment,Philippines,1,"Los Angeles, CA",0.49623944186112445,49.623944186112446
84,Machinery and electrical equipment,Philippines,2,"Cleveland, OH",0.11354368144999241,11.354368144999242
84,Machinery and electrical equipment,Philippines,3,"San Francisco, CA",0.09390574748512899,9.390574748512899
84,Machinery and electrical equipment,Philippines,4,"Chicago, IL",0.09004887293722358,9.004887293722359
84,Machinery and electrical equipment,Philippines,5,"New Orleans, LA",0.04862966908506627,4.8629669085066265
84,Machinery and electrical equipment,Philippines,6,"Seattle, WA",0.03902173477595776,3.9021734775957757
84,Machinery and electrical equipment,Philippines,7,"El Paso, TX",0.033472013338766475,3.3472013338766473
84,Machinery and electrical equipment,Philippines,8,"Dallas-Fort Worth, TX",0.0332341785739168,3.32341785739168
84,Machinery and electrical equipment,Philippines,9,"Savannah, GA",0.02874136638438316,2.874136638438316
84,Machinery and electrical equipment,Philippines,10,"Norfolk, VA",0.023163294108440074,2.3163294108440073
84,Machinery and electrical equipment,Poland,1,"New York City, NY",0.39117677433708303,39.1176774337083
84,Machinery and electrical equipment,Poland,2,"Cleveland, OH",0.14232262773538043,14.232262773538043
84,Machinery and electrical equipment,Poland,3,"Savannah, GA",0.09306948011479048,9.306948011479047
84,Machinery and electrical equipment,Poland,4,"Chicago, IL",0.08581649111553336,8.581649111553336
84,Machinery and electrical equipment,Poland,5,"New Orleans, LA",0.07105288884135454,7.105288884135454
84,Machinery and electrical equipment,Poland,6,"Charleston, SC",0.060811457923723146,6.081145792372315
84,Machinery and electrical equipment,Poland,7,"Norfolk, VA",0.04740710141816922,4.740710141816922
84,Machinery and electrical equipment,Poland,8,"Houston-Galveston, TX",0.043628129566658534,4.362812956665853
84,Machinery and electrical equipment,Poland,9,"Wilmington, NC",0.03406917976631742,3.4069179766317417
84,Machinery and electrical equipment,Poland,10,"Detroit, MI",0.030645869180989938,3.0645869180989935
84,Machinery and electrical equipment,Portugal,1,"New York City, NY",0.22095888056628696,22.095888056628695
84,Machinery and electrical equipment,Portugal,2,"Chicago, IL",0.15543610629002855,15.543610629002854
84,Machinery and electrical equipment,Portugal,3,"Houston-Galveston, TX",0.10303601928991929,10.30360192899193
84,Machinery and electrical equipment,Portugal,4,"Savannah, GA",0.10043971397319461,10.04397139731946
84,Machinery and electrical equipment,Portugal,5,"Cleveland, OH",0.08938172669953603,8.938172669953603
84,Machinery and electrical equipment,Portugal,6,"Miami, FL",0.08033694461409194,8.033694461409194
84,Machinery and electrical equipment,Portugal,7,"Charleston, SC",0.07830558551323714,7.830558551323715
84,Machinery and electrical equipment,Portugal,8,"New Orleans, LA",0.05884836579940634,5.884836579940634
84,Machinery and electrical equipment,Portugal,9,"Wilmington, NC",0.05669037840819311,5.669037840819311
84,Machinery and electrical equipment,Portugal,10,"Detroit, MI",0.056566278846106086,5.656627884610608
84,Machinery and electrical equipment,Romania,1,"Savannah, GA",0.19024379968623423,19.02437996862342
84,Machinery and electrical equipment,Romania,2,"Charleston, SC",0.15055742033673755,15.055742033673756
84,Machinery and electrical equipment,Romania,3,"New Orleans, LA",0.14303183572866646,14.303183572866645
84,Machinery and electrical equipment,Romania,4,"Houston-Galveston, TX",0.12667210301574827,12.667210301574826
84,Machinery and electrical equipment,Romania,5,"Chicago, IL",0.10240714367665768,10.240714367665769
84,Machinery and electrical equipment,Romania,6,"New York City, NY",0.08902219446859164,8.902219446859164
84,Machinery and electrical equipment,Romania,7,"Cleveland, OH",0.068514218721396,6.8514218721396
84,Machinery and electrical equipment,Romania,8,"Norfolk, VA",0.05276328836261828,5.276328836261828
84,Machinery and electrical equipment,Romania,9,"Philadelphia, PA",0.0499250060562868,4.99250060562868
84,Machinery and electrical equipment,Romania,10,"Miami, FL",0.026862989947063057,2.6862989947063056
84,Machinery and electrical equipment,Singapore,1,"Los Angeles, CA",0.3487204489105973,34.87204489105973
84,Machinery and electrical equipment,Singapore,2,"New York City, NY",0.10701020172557678,10.701020172557678
84,Machinery and electrical equipment,Singapore,3,"San Francisco, CA",0.09497884691411095,9.497884691411095
84,Machinery and electrical equipment,Singapore,4,"Cleveland, OH",0.08133897095629074,8.133897095629074
84,Machinery and electrical equipment,Singapore,5,"Dallas-Fort Worth, TX",0.07834361598876649,7.834361598876649
84,Machinery and electrical equipment,Singapore,6,"Norfolk, VA",0.07120898892238803,7.120898892238802
84,Machinery and electrical equipment,Singapore,7,"Chicago, IL",0.07033751373681243,7.033751373681244
84,Machinery and electrical equipment,Singapore,8,"Seattle, WA",0.06333921011057136,6.333921011057137
84,Machinery and electrical equipment,Singapore,9,"Savannah, GA",0.049765723655507986,4.9765723655507985
84,Machinery and electrical equipment,Singapore,10,"Houston-Galveston, TX",0.03495647907937792,3.495647907937792
84,Machinery and electrical equipment,Slovakia,1,"Charleston, SC",0.20090660957146234,20.090660957146234
84,Machinery and electrical equipment,Slovakia,2,"Chicago, IL",0.16299761023047601,16.2997610230476
84,Machinery and electrical equipment,Slovakia,3,"New York City, NY",0.1562324468618903,15.62324468618903
84,Machinery and electrical equipment,Slovakia,4,"Houston-Galveston, TX",0.11045805378856609,11.045805378856608
84,Machinery and electrical equipment,Slovakia,5,"Savannah, GA",0.075621376312643,7.5621376312643
84,Machinery and electrical equipment,Slovakia,6,"Cleveland, OH",0.07045482284314669,7.045482284314669
84,Machinery and electrical equipment,Slovakia,7,"New Orleans, LA",0.061069699347274096,6.10696993472741
84,Machinery and electrical equipment,Slovakia,8,"Los Angeles, CA",0.058274697881350236,5.827469788135024
84,Machinery and electrical equipment,Slovakia,9,"Norfolk, VA",0.056100123425334804,5.61001234253348
84,Machinery and electrical equipment,Slovakia,10,"Philadelphia, PA",0.0478845597378564,4.7884559737856405
84,Machinery and electrical equipment,Slovenia,1,"New York City, NY",0.2701244304527028,27.012443045270278
84,Machinery and electrical equipment,Slovenia,2,"Chicago, IL",0.11830346538591965,11.830346538591966
84,Machinery and electrical equipment,Slovenia,3,"Cleveland, OH",0.11498076157043635,11.498076157043634
84,Machinery and electrical equipment,Slovenia,4,"Charleston, SC",0.1047373620497707,10.47373620497707
84,Machinery and electrical equipment,Slovenia,5,"Savannah, GA",0.0970262239328206,9.70262239328206
84,Machinery and electrical equipment,Slovenia,6,"Baltimore, MD",0.06456129195649203,6.456129195649203
84,Machinery and electrical equipment,Slovenia,7,"Houston-Galveston, TX",0.0634445900831367,6.34445900831367
84,Machinery and electrical equipment,Slovenia,8,"Norfolk, VA",0.06161945513306744,6.161945513306744
84,Machinery and electrical equipment,Slovenia,9,"Miami, FL",0.05476289589477624,5.476289589477624
84,Machinery and electrical equipment,Slovenia,10,"Wilmington, NC",0.050439523540877544,5.043952354087755
84,Machinery and electrical equipment,Spain,1,"Houston-Galveston, TX",0.17951958737363494,17.951958737363494
84,Machinery and electrical equipment,Spain,2,"New York City, NY",0.1789242389925926,17.89242389925926
84,Machinery and electrical equipment,Spain,3,"Chicago, IL",0.1773837818982307,17.73837818982307
84,Machinery and electrical equipment,Spain,4,"Savannah, GA",0.10532578283584079,10.53257828358408
84,Machinery and electrical equipment,Spain,5,"Norfolk, VA",0.07937964872782356,7.937964872782357
84,Machinery and electrical equipment,Spain,6,"Cleveland, OH",0.06021375482592085,6.021375482592084
84,Machinery and electrical equipment,Spain,7,"Charleston, SC",0.058712846493152025,5.871284649315203
84,Machinery and electrical equipment,Spain,8,"Detroit, MI",0.058155035092039314,5.815503509203931
84,Machinery and electrical equipment,Spain,9,"New Orleans, LA",0.05735015143417694,5.735015143417694
84,Machinery and electrical equipment,Spain,10,"Miami, FL",0.045035172326588206,4.503517232658821
84,Machinery and electrical equipment,Sweden,1,"New York City, NY",0.23852645135805928,23.85264513580593
84,Machinery and electrical equipment,Sweden,2,"Baltimore, MD",0.11847963802549207,11.847963802549206
84,Machinery and electrical equipment,Sweden,3,"Chicago, IL",0.11758394262492602,11.758394262492603
84,Machinery and electrical equipment,Sweden,4,"Cleveland, OH",0.1154390525385965,11.54390525385965
84,Machinery and electrical equipment,Sweden,5,"Charleston, SC",0.095998364777179,9.5998364777179
84,Machinery and electrical equipment,Sweden,6,"Savannah, GA",0.07937145684045854,7.937145684045854
84,Machinery and electrical equipment,Sweden,7,"Boston, MA",0.07719216831557586,7.719216831557587
84,Machinery and electrical equipment,Sweden,8,"Houston-Galveston, TX",0.062192333438402955,6.219233343840296
84,Machinery and electrical equipment,Sweden,9,"Norfolk, VA",0.048349002790475,4.8349002790475
84,Machinery and electrical equipment,Sweden,10,"Philadelphia, PA",0.04686758929083485,4.686758929083485
84,Machinery and electrical equipment,Switzerland,1,"New York City, NY",0.2200653189692103,22.00653189692103
84,Machinery and electrical equipment,Switzerland,2,"Chicago, IL",0.21110343367951387,21.110343367951387
84,Machinery and electrical equipment,Switzerland,3,"Cleveland, OH",0.10322573901822148,10.322573901822148
84,Machinery and electrical equipment,Switzerland,4,"New Orleans, LA",0.07638920947187548,7.6389209471875485
84,Machinery and electrical equipment,Switzerland,5,"Los Angeles, CA",0.07629819608120647,7.629819608120647
84,Machinery and electrical equipment,Switzerland,6,"Savannah, GA",0.0756798616563365,7.56798616563365
84,Machinery and electrical equipment,Switzerland,7,"Houston-Galveston, TX",0.06790964923692318,6.790964923692318
84,Machinery and electrical equipment,Switzerland,8,"Charleston, SC",0.059845829535251714,5.984582953525171
84,Machinery and electrical equipment,Switzerland,9,"San Francisco, CA",0.05763238511562081,5.763238511562081
84,Machinery and electrical equipment,Switzerland,10,"Boston, MA",0.05185037723584021,5.1850377235840215
84,Machinery and electrical equipment,Taiwan,1,"San Francisco, CA",0.3287726381893325,32.87726381893325
84,Machinery and electrical equipment,Taiwan,2,"Los Angeles, CA",0.18411742928093747,18.411742928093748
84,Machinery and electrical equipment,Taiwan,3,"Chicago, IL",0.17991430362635516,17.991430362635516
84,Machinery and electrical equipment,Taiwan,4,"Savannah, GA",0.06397273329693762,6.397273329693761
84,Machinery and electrical equipment,Taiwan,5,"New York City, NY",0.055246296857741656,5.5246296857741655
84,Machinery and electrical equipment,Taiwan,6,"Dallas-Fort Worth, TX",0.0502077466924848,5.02077466924848
84,Machinery and electrical equipment,Taiwan,7,"Cleveland, OH",0.04392974916054093,4.392974916054094
84,Machinery and electrical equipment,Taiwan,8,"New Orleans, LA",0.03896076983825807,3.8960769838258074
84,Machinery and electrical equipment,Taiwan,9,"Houston-Galveston, TX",0.02980336890339366,2.9803368903393657
84,Machinery and electrical equipment,Taiwan,10,"El Paso, TX",0.02507496415401812,2.507496415401812
84,Machinery and electrical equipment,Thailand,1,"Los Angeles, CA",0.3833195150619592,38.33195150619592
84,Machinery and electrical equipment,Thailand,2,"Chicago, IL",0.2018625145571027,20.18625145571027
84,Machinery and electrical equipment,Thailand,3,"Savannah, GA",0.12179399315172097,12.179399315172097
84,Machinery and electrical equipment,Thailand,4,"New York City, NY",0.07325442784887765,7.325442784887764
84,Machinery and electrical equipment,Thailand,5,"Dallas-Fort Worth, TX",0.05903725023688321,5.90372502368832
84,Machinery and electrical equipment,Thailand,6,"Houston-Galveston, TX",0.044724433951198225,4.472443395119822
84,Machinery and electrical equipment,Thailand,7,"Cleveland, OH",0.03801590790269321,3.801590790269321
84,Machinery and electrical equipment,Thailand,8,"San Francisco, CA",0.03793066084937257,3.793066084937257
84,Machinery and electrical equipment,Thailand,9,"New Orleans, LA",0.022978676782729416,2.2978676782729415
84,Machinery and electrical equipment,Thailand,10,"Norfolk, VA",0.0170826196574629,1.70826196574629
84,Machinery and electrical equipment,Turkey,1,"Cleveland, OH",0.2520229085692218,25.202290856922183
84,Machinery and electrical equipment,Turkey,2,"New York City, NY",0.1986165820569721,19.86165820569721
84,Machinery and electrical equipment,Turkey,3,"Norfolk, VA",0.12227682408067943,12.227682408067944
84,Machinery and electrical equipment,Turkey,4,"Savannah, GA",0.11601473617531538,11.601473617531537
84,Machinery and electrical equipment,Turkey,5,"Chicago, IL",0.08779285806097797,8.779285806097798
84,Machinery and electrical equipment,Turkey,6,"Houston-Galveston, TX",0.06977457848598337,6.977457848598337
84,Machinery and electrical equipment,Turkey,7,"Charleston, SC",0.06812206725959558,6.812206725959557
84,Machinery and electrical equipment,Turkey,8,"Los Angeles, CA",0.032855854191148025,3.2855854191148026
84,Machinery and electrical equipment,Turkey,9,"Detroit, MI",0.03239061462150783,3.239061462150783
84,Machinery and electrical equipment,Turkey,10,"New Orleans, LA",0.0201329764985984,2.01329764985984
84,Machinery and electrical equipment,United Kingdom,1,"Savannah, GA",0.2215039255259622,22.15039255259622
84,Machinery and electrical equipment,United Kingdom,2,"Chicago, IL",0.1601221603164946,16.01221603164946
84,Machinery and electrical equipment,United Kingdom,3,"New York City, NY",0.10803357450860289,10.80335745086029
84,Machinery and electrical equipment,United Kingdom,4,"Houston-Galveston, TX",0.08205247487879182,8.205247487879182
84,Machinery and electrical equipment,United Kingdom,5,"Miami, FL",0.07902090498370368,7.9020904983703675
84,Machinery and electrical equipment,United Kingdom,6,"Cleveland, OH",0.07792763084950748,7.792763084950748
84,Machinery and electrical equipment,United Kingdom,7,"Baltimore, MD",0.077271588477349,7.727158847734899
84,Machinery and electrical equipment,United Kingdom,8,"New Orleans, LA",0.0750581195689748,7.505811956897481
84,Machinery and electrical equipment,United Kingdom,9,"Dallas-Fort Worth, TX",0.06390901490142968,6.390901490142968
84,Machinery and electrical equipment,United Kingdom,10,"Los Angeles, CA",0.05510060598918386,5.510060598918385
84,Machinery and electrical equipment,Vietnam,1,"Los Angeles, CA",0.3012646697341452,30.126466973414516
84,Machinery and electrical equipment,Vietnam,2,"Chicago, IL",0.2262969533746475,22.62969533746475
84,Machinery and electrical equipment,Vietnam,3,"New Orleans, LA",0.17187122348140588,17.187122348140587
84,Machinery and electrical equipment,Vietnam,4,"Cleveland, OH",0.06143467057113642,6.143467057113642
84,Machinery and electrical equipment,Vietnam,5,"San Francisco, CA",0.05581117589100883,5.581117589100883
84,Machinery and electrical equipment,Vietnam,6,"Dallas-Fort Worth, TX",0.051760906397299314,5.1760906397299316
84,Machinery and electrical equipment,Vietnam,7,"Savannah, GA",0.04893373011766536,4.893373011766536
84,Machinery and electrical equipment,Vietnam,8,"New York City, NY",0.029310565485507187,2.9310565485507185
84,Machinery and electrical equipment,Vietnam,9,"Philadelphia, PA",0.028307316725508274,2.8307316725508276
84,Machinery and electrical equipment,Vietnam,10,"Charleston, SC",0.025008788221675998,2.5008788221676
85,Machinery and electrical equipment,Australia,1,"Los Angeles, CA",0.3721674233656888,37.21674233656888
85,Machinery and electrical equipment,Australia,2,"Cleveland, OH",0.16236870654591903,16.236870654591904
85,Machinery and electrical equipment,Australia,3,"Chicago, IL",0.0842757052791732,8.42757052791732
85,Machinery and electrical equipment,Australia,4,"Philadelphia, PA",0.06528284939632471,6.528284939632472
85,Machinery and electrical equipment,Australia,5,"Detroit, MI",0.06255620806318489,6.255620806318489
85,Machinery and electrical equipment,Australia,6,"New York City, NY",0.062146431908157836,6.214643190815783
85,Machinery and electrical equipment,Australia,7,"New Orleans, LA",0.06032079985898889,6.032079985898889
85,Machinery and electrical equipment,Australia,8,"Savannah, GA",0.05486201673042122,5.486201673042122
85,Machinery and electrical equipment,Australia,9,"Dallas-Fort Worth, TX",0.04286173924817701,4.286173924817701
85,Machinery and electrical equipment,Australia,10,"Nogales, AZ",0.03315811960396433,3.315811960396433
85,Machinery and electrical equipment,Austria,1,"New York City, NY",0.17197714928622926,17.197714928622926
85,Machinery and electrical equipment,Austria,2,"Houston-Galveston, TX",0.15075936977910606,15.075936977910606
85,Machinery and electrical equipment,Austria,3,"Savannah, GA",0.1478912700209147,14.78912700209147
85,Machinery and electrical equipment,Austria,4,"Chicago, IL",0.12137135157653534,12.137135157653534
85,Machinery and electrical equipment,Austria,5,"Cleveland, OH",0.11033661273011006,11.033661273011006
85,Machinery and electrical equipment,Austria,6,"Los Angeles, CA",0.08460029213312843,8.460029213312843
85,Machinery and electrical equipment,Austria,7,"San Diego, CA",0.07330069803175045,7.330069803175045
85,Machinery and electrical equipment,Austria,8,"Charleston, SC",0.04856967177090431,4.85696717709043
85,Machinery and electrical equipment,Austria,9,"Detroit, MI",0.04643109808945889,4.643109808945889
85,Machinery and electrical equipment,Austria,10,"New Orleans, LA",0.04476248658186253,4.476248658186253
85,Machinery and electrical equipment,Belgium,1,"Savannah, GA",0.23076191065743448,23.076191065743448
85,Machinery and electrical equipment,Belgium,2,"New Orleans, LA",0.13933304842568445,13.933304842568445
85,Machinery and electrical equipment,Belgium,3,"Cleveland, OH",0.11930042358038391,11.93004235803839
85,Machinery and electrical equipment,Belgium,4,"Chicago, IL",0.10816320289600109,10.816320289600108
85,Machinery and electrical equipment,Belgium,5,"New York City, NY",0.1006272892729644,10.06272892729644
85,Machinery and electrical equipment,Belgium,6,"Los Angeles, CA",0.08646518573389261,8.646518573389262
85,Machinery and electrical equipment,Belgium,7,"Houston-Galveston, TX",0.0669409607328776,6.69409607328776
85,Machinery and electrical equipment,Belgium,8,"Norfolk, VA",0.057906766165425914,5.790676616542592
85,Machinery and electrical equipment,Belgium,9,"Charleston, SC",0.04834321059700852,4.8343210597008515
85,Machinery and electrical equipment,Belgium,10,"Miami, FL",0.04215800193832697,4.215800193832697
85,Machinery and electrical equipment,Brazil,1,"Houston-Galveston, TX",0.3520629864157969,35.20629864157969
85,Machinery and electrical equipment,Brazil,2,"New York City, NY",0.16580182640249455,16.580182640249454
85,Machinery and electrical equipment,Brazil,3,"Miami, FL",0.09371194853558552,9.371194853558553
85,Machinery and electrical equipment,Brazil,4,"Laredo, TX",0.06994595254403209,6.994595254403209
85,Machinery and electrical equipment,Brazil,5,"New Orleans, LA",0.060602103099655025,6.060210309965503
85,Machinery and electrical equipment,Brazil,6,"Charleston, SC",0.0604862808881089,6.04862808881089
85,Machinery and electrical equipment,Brazil,7,"Chicago, IL",0.0543161126338145,5.43161126338145
85,Machinery and electrical equipment,Brazil,8,"Philadelphia, PA",0.04950463786442635,4.950463786442635
85,Machinery and electrical equipment,Brazil,9,"Tampa, FL",0.047405514291467735,4.740551429146773
85,Machinery and electrical equipment,Brazil,10,"Savannah, GA",0.04616263732461843,4.616263732461843
85,Machinery and electrical equipment,Cambodia,1,"Los Angeles, CA",0.42940415925432823,42.94041592543282
85,Machinery and electrical equipment,Cambodia,2,"New York City, NY",0.1251591799161185,12.51591799161185
85,Machinery and electrical equipment,Cambodia,3,"Savannah, GA",0.09381261443519147,9.381261443519147
85,Machinery and electrical equipment,Cambodia,4,"Houston-Galveston, TX",0.08779977681091883,8.779977681091882
85,Machinery and electrical equipment,Cambodia,5,"Mobile, AL",0.054826795485225815,5.482679548522581
85,Machinery and electrical equipment,Cambodia,6,"Chicago, IL",0.05386173512453581,5.386173512453581
85,Machinery and electrical equipment,Cambodia,7,"Seattle, WA",0.04879642044844154,4.879642044844154
85,Machinery and electrical equipment,Cambodia,8,"New Orleans, LA",0.04415252622888621,4.415252622888621
85,Machinery and electrical equipment,Cambodia,9,"Tampa, FL",0.033707688356174256,3.3707688356174255
85,Machinery and electrical equipment,Cambodia,10,"Norfolk, VA",0.028479103940179447,2.8479103940179447
85,Machinery and electrical equipment,Canada,1,"Detroit, MI",0.4183570535144549,41.83570535144549
85,Machinery and electrical equipment,Canada,2,"Buffalo, NY",0.13062452647865777,13.062452647865777
85,Machinery and electrical equipment,Canada,3,"Seattle, WA",0.10129819280810032,10.129819280810032
85,Machinery and electrical equipment,Canada,4,"Ogdensburg, NY",0.0840224438358798,8.40224438358798
85,Machinery and electrical equipment,Canada,5,"New Orleans, LA",0.0830843410879998,8.308434108799979
85,Machinery and electrical equipment,Canada,6,"Cleveland, OH",0.06892348559977934,6.892348559977934
85,Machinery and electrical equipment,Canada,7,"Pembina, ND",0.04807227957404049,4.8072279574040495
85,Machinery and electrical equipment,Canada,8,"Great Falls, MT",0.03220305824431357,3.2203058244313567
85,Machinery and electrical equipment,Canada,9,"St. Albans, VT",0.026821056724997145,2.6821056724997145
85,Machinery and electrical equipment,Canada,10,"Laredo, TX",0.006593562131776897,0.6593562131776898
85,Machinery and electrical equipment,China,1,"Los Angeles, CA",0.3107784478285373,31.07784478285373
85,Machinery and electrical equipment,China,2,"Chicago, IL",0.25718261177243146,25.718261177243146
85,Machinery and electrical equipment,China,3,"New Orleans, LA",0.07863485017684076,7.863485017684075
85,Machinery and electrical equipment,China,4,"Cleveland, OH",0.07824076201955364,7.824076201955364
85,Machinery and electrical equipment,China,5,"San Francisco, CA",0.0718168808452844,7.18168808452844
85,Machinery and electrical equipment,China,6,"New York City, NY",0.05061147511213021,5.061147511213021
85,Machinery and electrical equipment,China,7,"Philadelphia, PA",0.04736979714757244,4.736979714757243
85,Machinery and electrical equipment,China,8,"Savannah, GA",0.03612322228134882,3.6123222281348824
85,Machinery and electrical equipment,China,9,"Dallas-Fort Worth, TX",0.03559668639634907,3.5596686396349067
85,Machinery and electrical equipment,China,10,"Houston-Galveston, TX",0.03364526641995191,3.3645266419951905
85,Machinery and electrical equipment,Colombia,1,"Houston-Galveston, TX",0.33304489052510555,33.304489052510554
85,Machinery and electrical equipment,Colombia,2,"New York City, NY",0.3209605815603286,32.09605815603286
85,Machinery and electrical equipment,Colombia,3,"Miami, FL",0.12879135940112277,12.879135940112278
85,Machinery and electrical equipment,Colombia,4,"Los Angeles, CA",0.07837762059972879,7.837762059972879
85,Machinery and electrical equipment,Colombia,5,"Philadelphia, PA",0.04907701052488629,4.907701052488629
85,Machinery and electrical equipment,Colombia,6,"Baltimore, MD",0.027732214457973314,2.7732214457973314
85,Machinery and electrical equipment,Colombia,7,"Savannah, GA",0.02137914774149694,2.137914774149694
85,Machinery and electrical equipment,Colombia,8,"San Diego, CA",0.02116540337057744,2.116540337057744
85,Machinery and electrical equipment,Colombia,9,"Laredo, TX",0.00987665810103339,0.987665810103339
85,Machinery and electrical equipment,Colombia,10,"Charleston, SC",0.009595113717746948,0.9595113717746948
85,Machinery and electrical equipment,Costa Rica,1,"New Orleans, LA",0.2951566213019855,29.51566213019855
85,Machinery and electrical equipment,Costa Rica,2,"Cleveland, OH",0.25354798777746546,25.354798777746545
85,Machinery and electrical equipment,Costa Rica,3,"Miami, FL",0.15742297959278242,15.742297959278243
85,Machinery and electrical equipment,Costa Rica,4,"El Paso, TX",0.12079222502204409,12.07922250220441
85,Machinery and electrical equipment,Costa Rica,5,"Philadelphia, PA",0.0435556192508827,4.35556192508827
85,Machinery and electrical equipment,Costa Rica,6,"San Francisco, CA",0.033519213324250424,3.3519213324250425
85,Machinery and electrical equipment,Costa Rica,7,"Savannah, GA",0.03275528024836987,3.275528024836987
85,Machinery and electrical equipment,Costa Rica,8,"Chicago, IL",0.028778679148093837,2.8778679148093835
85,Machinery and electrical equipment,Costa Rica,9,"Los Angeles, CA",0.026516496895192403,2.6516496895192403
85,Machinery and electrical equipment,Costa Rica,10,"Tampa, FL",0.0079548974389334,0.79548974389334
85,Machinery and electrical equipment,Czech Republic,1,"Houston-Galveston, TX",0.14429512054681803,14.429512054681803
85,Machinery and electrical equipment,Czech Republic,2,"Chicago, IL",0.1438236725673631,14.382367256736309
85,Machinery and electrical equipment,Czech Republic,3,"Cleveland, OH",0.12620542917246355,12.620542917246356
85,Machinery and electrical equipment,Czech Republic,4,"Boston, MA",0.10718144257908505,10.718144257908504
85,Machinery and electrical equipment,Czech Republic,5,"New York City, NY",0.10527820723734334,10.527820723734333
85,Machinery and electrical equipment,Czech Republic,6,"Dallas-Fort Worth, TX",0.10440734180456888,10.440734180456888
85,Machinery and electrical equipment,Czech Republic,7,"New Orleans, LA",0.08257987736734262,8.257987736734263
85,Machinery and electrical equipment,Czech Republic,8,"Laredo, TX",0.07947524705175389,7.947524705175389
85,Machinery and electrical equipment,Czech Republic,9,"Savannah, GA",0.060933178057705796,6.09331780577058
85,Machinery and electrical equipment,Czech Republic,10,"Charleston, SC",0.045820483615555796,4.58204836155558
85,Machinery and electrical equipment,Denmark,1,"Chicago, IL",0.18124810982163467,18.124810982163467
85,Machinery and electrical equipment,Denmark,2,"New Orleans, LA",0.17636980644803119,17.636980644803117
85,Machinery and electrical equipment,Denmark,3,"Cleveland, OH",0.15931738521178992,15.931738521178993
85,Machinery and electrical equipment,Denmark,4,"Houston-Galveston, TX",0.1207661232877485,12.07661232877485
85,Machinery and electrical equipment,Denmark,5,"New York City, NY",0.10252470287421207,10.252470287421207
85,Machinery and electrical equipment,Denmark,6,"Great Falls, MT",0.08262731635176074,8.262731635176074
85,Machinery and electrical equipment,Denmark,7,"Savannah, GA",0.06546300211351169,6.546300211351169
85,Machinery and electrical equipment,Denmark,8,"Los Angeles, CA",0.0448177107190264,4.48177107190264
85,Machinery and electrical equipment,Denmark,9,"Washington, DC",0.03394327634482838,3.3943276344828384
85,Machinery and electrical equipment,Denmark,10,"Miami, FL",0.032922566827456534,3.2922566827456534
85,Machinery and electrical equipment,Dominican Republic,1,"Miami, FL",0.7826588159804942,78.26588159804942
85,Machinery and electrical equipment,Dominican Republic,2,"New Orleans, LA",0.07786803140521185,7.786803140521186
85,Machinery and electrical equipment,Dominican Republic,3,"Cleveland, OH",0.05274438890464892,5.274438890464892
85,Machinery and electrical equipment,Dominican Republic,4,"New York City, NY",0.031047318591399677,3.1047318591399677
85,Machinery and electrical equipment,Dominican Republic,5,"Tampa, FL",0.025980909413726567,2.5980909413726567
85,Machinery and electrical equipment,Dominican Republic,6,"Philadelphia, PA",0.008356679526004851,0.8356679526004851
85,Machinery and electrical equipment,Dominican Republic,7,"Seattle, WA",0.006483141528158684,0.6483141528158683
85,Machinery and electrical equipment,Dominican Republic,8,"Detroit, MI",0.005862189695941755,0.5862189695941755
85,Machinery and electrical equipment,Dominican Republic,9,"Chicago, IL",0.0048963855666280766,0.48963855666280764
85,Machinery and electrical equipment,Dominican Republic,10,"Laredo, TX",0.004102139387785395,0.4102139387785395
85,Machinery and electrical equipment,Ecuador,1,"Houston-Galveston, TX",0.2509044051423157,25.09044051423157
85,Machinery and electrical equipment,Ecuador,2,"Miami, FL",0.1762965865489486,17.629658654894858
85,Machinery and electrical equipment,Ecuador,3,"Philadelphia, PA",0.12715533104072035,12.715533104072035
85,Machinery and electrical equipment,Ecuador,4,"New York City, NY",0.10534217854791823,10.534217854791823
85,Machinery and electrical equipment,Ecuador,5,"Los Angeles, CA",0.09583863878999115,9.583863878999114
85,Machinery and electrical equipment,Ecuador,6,"Savannah, GA",0.06582111404987201,6.5821114049872005
85,Machinery and electrical equipment,Ecuador,7,"Chicago, IL",0.058471637973344405,5.84716379733444
85,Machinery and electrical equipment,Ecuador,8,"San Diego, CA",0.0449280978056395,4.49280978056395
85,Machinery and electrical equipment,Ecuador,9,"New Orleans, LA",0.04231333473184447,4.2313334731844465
85,Machinery and electrical equipment,Ecuador,10,"Charleston, SC",0.032928675369405545,3.2928675369405545
85,Machinery and electrical equipment,El Salvador,1,"Laredo, TX",0.44263346630729017,44.26334663072902
85,Machinery and electrical equipment,El Salvador,2,"Savannah, GA",0.26053705138007677,26.053705138007675
85,Machinery and electrical equipment,El Salvador,3,"Miami, FL",0.1222208604288837,12.222086042888371
85,Machinery and electrical equipment,El Salvador,4,"Mobile, AL",0.12129605598844254,12.129605598844254
85,Machinery and electrical equipment,El Salvador,5,"Cleveland, OH",0.02041382386727506,2.041382386727506
85,Machinery and electrical equipment,El Salvador,6,"Nogales, AZ",0.01617744841725787,1.6177448417257871
85,Machinery and electrical equipment,El Salvador,7,"Philadelphia, PA",0.0080003274992955,0.8000327499295501
85,Machinery and electrical equipment,El Salvador,8,"Dallas-Fort Worth, TX",0.0044500815690248175,0.44500815690248174
85,Machinery and electrical equipment,El Salvador,9,"Los Angeles, CA",0.002218241438739464,0.22182414387394642
85,Machinery and electrical equipment,El Salvador,10,"Chicago, IL",0.002052643103714178,0.20526431037141782
85,Machinery and electrical equipment,France,1,"Cleveland, OH",0.21854073255807427,21.854073255807428
85,Machinery and electrical equipment,France,2,"New York City, NY",0.1914702272622094,19.147022726220943
85,Machinery and electrical equipment,France,3,"New Orleans, LA",0.14134928193093796,14.134928193093796
85,Machinery and electrical equipment,France,4,"Los Angeles, CA",0.10093196859827729,10.093196859827728
85,Machinery and electrical equipment,France,5,"Chicago, IL",0.07046610097611625,7.046610097611625
85,Machinery and electrical equipment,France,6,"Boston, MA",0.06543705919644023,6.543705919644023
85,Machinery and electrical equipment,France,7,"Savannah, GA",0.05928349321315996,5.928349321315996
85,Machinery and electrical equipment,France,8,"Charleston, SC",0.05282610128329737,5.282610128329737
85,Machinery and electrical equipment,France,9,"Dallas-Fort Worth, TX",0.05154151830111089,5.154151830111089
85,Machinery and electrical equipment,France,10,"Miami, FL",0.04815351668037631,4.815351668037631
85,Machinery and electrical equipment,Germany,1,"Chicago, IL",0.17714336441973036,17.714336441973035
85,Machinery and electrical equipment,Germany,2,"New York City, NY",0.14559887215674083,14.559887215674083
85,Machinery and electrical equipment,Germany,3,"Cleveland, OH",0.13469441282190553,13.469441282190553
85,Machinery and electrical equipment,Germany,4,"Charleston, SC",0.11757343821944999,11.757343821945
85,Machinery and electrical equipment,Germany,5,"New Orleans, LA",0.0933113837436948,9.33113837436948
85,Machinery and electrical equipment,Germany,6,"Savannah, GA",0.08715260215212774,8.715260215212774
85,Machinery and electrical equipment,Germany,7,"Houston-Galveston, TX",0.07846652475009704,7.846652475009703
85,Machinery and electrical equipment,Germany,8,"Philadelphia, PA",0.06798627263606961,6.798627263606962
85,Machinery and electrical equipment,Germany,9,"Los Angeles, CA",0.06327483954705024,6.3274839547050235
85,Machinery and electrical equipment,Germany,10,"Boston, MA",0.03479828955313381,3.479828955313381
85,Machinery and electrical equipment,Honduras,1,"Miami, FL",0.737809462953586,73.78094629535859
85,Machinery and electrical equipment,Honduras,2,"Mobile, AL",0.10907839687246237,10.907839687246238
85,Machinery and electrical equipment,Honduras,3,"Houston-Galveston, TX",0.07842590354369158,7.842590354369158
85,Machinery and electrical equipment,Honduras,4,"El Paso, TX",0.035175824025871265,3.5175824025871263
85,Machinery and electrical equipment,Honduras,5,"Laredo, TX",0.01594500099830546,1.594500099830546
85,Machinery and electrical equipment,Honduras,6,"Cleveland, OH",0.012274974549819642,1.2274974549819642
85,Machinery and electrical equipment,Honduras,7,"Detroit, MI",0.007860867953207264,0.7860867953207263
85,Machinery and electrical equipment,Honduras,8,"New Orleans, LA",0.0013475219681076743,0.13475219681076742
85,Machinery and electrical equipment,Honduras,9,"Los Angeles, CA",0.0013190201333583532,0.13190201333583532
85,Machinery and electrical equipment,Honduras,10,"Dallas-Fort Worth, TX",0.0007630270015903806,0.07630270015903806
85,Machinery and electrical equipment,Hungary,1,"Charleston, SC",0.2892705530688161,28.92705530688161
85,Machinery and electrical equipment,Hungary,2,"New York City, NY",0.22650258456335115,22.650258456335116
85,Machinery and electrical equipment,Hungary,3,"Mobile, AL",0.10907545323986872,10.907545323986872
85,Machinery and electrical equipment,Hungary,4,"Norfolk, VA",0.07653167864759379,7.653167864759379
85,Machinery and electrical equipment,Hungary,5,"Chicago, IL",0.07611805506454992,7.611805506454992
85,Machinery and electrical equipment,Hungary,6,"Houston-Galveston, TX",0.053763099375038086,5.376309937503809
85,Machinery and electrical equipment,Hungary,7,"Savannah, GA",0.05362639902924973,5.362639902924974
85,Machinery and electrical equipment,Hungary,8,"Cleveland, OH",0.04928892244792361,4.928892244792361
85,Machinery and electrical equipment,Hungary,9,"Philadelphia, PA",0.03527597150179908,3.5275971501799077
85,Machinery and electrical equipment,Hungary,10,"Los Angeles, CA",0.03054728306180973,3.054728306180973
85,Machinery and electrical equipment,India,1,"Chicago, IL",0.23847625944670797,23.847625944670796
85,Machinery and electrical equipment,India,2,"Cleveland, OH",0.13128388877905123,13.128388877905122
85,Machinery and electrical equipment,India,3,"Los Angeles, CA",0.1207444621892232,12.07444621892232
85,Machinery and electrical equipment,India,4,"New Orleans, LA",0.11389179113130245,11.389179113130245
85,Machinery and electrical equipment,India,5,"New York City, NY",0.10435534187713084,10.435534187713085
85,Machinery and electrical equipment,India,6,"Dallas-Fort Worth, TX",0.07606779686978903,7.606779686978903
85,Machinery and electrical equipment,India,7,"Houston-Galveston, TX",0.06660145900503846,6.660145900503846
85,Machinery and electrical equipment,India,8,"Savannah, GA",0.05462384034377748,5.462384034377748
85,Machinery and electrical equipment,India,9,"Philadelphia, PA",0.05216747851313935,5.216747851313935
85,Machinery and electrical equipment,India,10,"Miami, FL",0.041787681844840094,4.178768184484009
85,Machinery and electrical equipment,Indonesia,1,"Los Angeles, CA",0.36888150475772963,36.88815047577296
85,Machinery and electrical equipment,Indonesia,2,"New York City, NY",0.14800814590720077,14.800814590720076
85,Machinery and electrical equipment,Indonesia,3,"Chicago, IL",0.11228966843675126,11.228966843675126
85,Machinery and electrical equipment,Indonesia,4,"Savannah, GA",0.09493724992177455,9.493724992177455
85,Machinery and electrical equipment,Indonesia,5,"Houston-Galveston, TX",0.06820394760977905,6.820394760977905
85,Machinery and electrical equipment,Indonesia,6,"Dallas-Fort Worth, TX",0.06119028945229354,6.119028945229354
85,Machinery and electrical equipment,Indonesia,7,"Cleveland, OH",0.054273308301879625,5.427330830187962
85,Machinery and electrical equipment,Indonesia,8,"Norfolk, VA",0.04225846093629264,4.225846093629264
85,Machinery and electrical equipment,Indonesia,9,"Seattle, WA",0.028263238907543613,2.8263238907543613
85,Machinery and electrical equipment,Indonesia,10,"New Orleans, LA",0.02169418576875535,2.1694185768755347
85,Machinery and electrical equipment,Ireland,1,"Seattle, WA",0.35474839783116574,35.47483978311657
85,Machinery and electrical equipment,Ireland,2,"Los Angeles, CA",0.2317845696249543,23.17845696249543
85,Machinery and electrical equipment,Ireland,3,"Columbia-Snake, OR",0.0719771103652551,7.19771103652551
85,Machinery and electrical equipment,Ireland,4,"New York City, NY",0.06734079797250646,6.734079797250645
85,Machinery and electrical equipment,Ireland,5,"Miami, FL",0.06159867059186334,6.159867059186333
85,Machinery and electrical equipment,Ireland,6,"San Francisco, CA",0.05542819384144252,5.542819384144252
85,Machinery and electrical equipment,Ireland,7,"New Orleans, LA",0.04939685405611864,4.939685405611864
85,Machinery and electrical equipment,Ireland,8,"Wilmington, NC",0.042944103467981797,4.29441034679818
85,Machinery and electrical equipment,Ireland,9,"Cleveland, OH",0.035677103824512,3.5677103824512004
85,Machinery and electrical equipment,Ireland,10,"Chicago, IL",0.029104198424200062,2.9104198424200063
85,Machinery and electrical equipment,Israel,1,"New York City, NY",0.22919233983046386,22.919233983046386
85,Machinery and electrical equipment,Israel,2,"New Orleans, LA",0.15558915954268498,15.558915954268498
85,Machinery and electrical equipment,Israel,3,"Columbia-Snake, OR",0.12691439065735458,12.691439065735457
85,Machinery and electrical equipment,Israel,4,"Los Angeles, CA",0.12292257468333936,12.292257468333936
85,Machinery and electrical equipment,Israel,5,"Cleveland, OH",0.09644398191284684,9.644398191284683
85,Machinery and electrical equipment,Israel,6,"San Francisco, CA",0.08461185157544032,8.461185157544032
85,Machinery and electrical equipment,Israel,7,"Chicago, IL",0.06977135328267758,6.977135328267758
85,Machinery and electrical equipment,Israel,8,"Miami, FL",0.05206448338234407,5.206448338234407
85,Machinery and electrical equipment,Israel,9,"Dallas-Fort Worth, TX",0.03402068149416971,3.402068149416971
85,Machinery and electrical equipment,Israel,10,"Seattle, WA",0.02846918363867859,2.846918363867859
85,Machinery and electrical equipment,Italy,1,"Cleveland, OH",0.19208574575748538,19.20857457574854
85,Machinery and electrical equipment,Italy,2,"New York City, NY",0.17676967776290972,17.676967776290972
85,Machinery and electrical equipment,Italy,3,"Chicago, IL",0.12011316836905878,12.011316836905877
85,Machinery and electrical equipment,Italy,4,"Savannah, GA",0.08945498615029097,8.945498615029097
85,Machinery and electrical equipment,Italy,5,"Miami, FL",0.08257220995027598,8.257220995027598
85,Machinery and electrical equipment,Italy,6,"Houston-Galveston, TX",0.08187669877705082,8.187669877705082
85,Machinery and electrical equipment,Italy,7,"Los Angeles, CA",0.07234059453954579,7.234059453954579
85,Machinery and electrical equipment,Italy,8,"New Orleans, LA",0.06577005219838414,6.577005219838414
85,Machinery and electrical equipment,Italy,9,"Norfolk, VA",0.06056325839408851,6.056325839408851
85,Machinery and electrical equipment,Italy,10,"Mobile, AL",0.05845360810090983,5.845360810090983
85,Machinery and electrical equipment,Japan,1,"Los Angeles, CA",0.2417335355578016,24.17335355578016
85,Machinery and electrical equipment,Japan,2,"Cleveland, OH",0.17220609979542006,17.220609979542008
85,Machinery and electrical equipment,Japan,3,"Chicago, IL",0.15269502529958626,15.269502529958626
85,Machinery and electrical equipment,Japan,4,"Seattle, WA",0.10498409670646693,10.498409670646693
85,Machinery and electrical equipment,Japan,5,"Savannah, GA",0.07966169713284454,7.9661697132844544
85,Machinery and electrical equipment,Japan,6,"New Orleans, LA",0.07645172633392036,7.645172633392036
85,Machinery and electrical equipment,Japan,7,"San Francisco, CA",0.06433709653113286,6.433709653113286
85,Machinery and electrical equipment,Japan,8,"Laredo, TX",0.042062654597376965,4.206265459737697
85,Machinery and electrical equipment,Japan,9,"New York City, NY",0.03444235206069929,3.444235206069929
85,Machinery and electrical equipment,Japan,10,"Dallas-Fort Worth, TX",0.03142571598475116,3.1425715984751164
85,Machinery and electrical equipment,"Korea, South",1,"Los Angeles, CA",0.33438412342856555,33.43841234285655
85,Machinery and electrical equipment,"Korea, South",2,"Cleveland, OH",0.11454303501758709,11.454303501758709
85,Machinery and electrical equipment,"Korea, South",3,"Chicago, IL",0.1014874274272289,10.14874274272289
85,Machinery and electrical equipment,"Korea, South",4,"Savannah, GA",0.09537705513748278,9.537705513748278
85,Machinery and electrical equipment,"Korea, South",5,"San Francisco, CA",0.08993238896115544,8.993238896115544
85,Machinery and electrical equipment,"Korea, South",6,"Dallas-Fort Worth, TX",0.08979017765189672,8.979017765189672
85,Machinery and electrical equipment,"Korea, South",7,"New York City, NY",0.05752056112382156,5.7520561123821565
85,Machinery and electrical equipment,"Korea, South",8,"Houston-Galveston, TX",0.044524345743272915,4.452434574327292
85,Machinery and electrical equipment,"Korea, South",9,"Mobile, AL",0.03718033171734604,3.718033171734604
85,Machinery and electrical equipment,"Korea, South",10,"New Orleans, LA",0.03526055379164295,3.5260553791642955
85,Machinery and electrical equipment,Malaysia,1,"Los Angeles, CA",0.23086496056301742,23.08649605630174
85,Machinery and electrical equipment,Malaysia,2,"Cleveland, OH",0.15686376268944327,15.686376268944327
85,Machinery and electrical equipment,Malaysia,3,"Chicago, IL",0.1474097310838465,14.740973108384651
85,Machinery and electrical equipment,Malaysia,4,"San Francisco, CA",0.13283436425396886,13.283436425396886
85,Machinery and electrical equipment,Malaysia,5,"New Orleans, LA",0.07760008013393642,7.760008013393642
85,Machinery and electrical equipment,Malaysia,6,"Savannah, GA",0.06543413257858864,6.543413257858864
85,Machinery and electrical equipment,Malaysia,7,"Dallas-Fort Worth, TX",0.06520472469924746,6.520472469924746
85,Machinery and electrical equipment,Malaysia,8,"Charleston, SC",0.044466945976698334,4.4466945976698335
85,Machinery and electrical equipment,Malaysia,9,"New York City, NY",0.043674714667048184,4.367471466704818
85,Machinery and electrical equipment,Malaysia,10,"El Paso, TX",0.03564658335420492,3.564658335420492
85,Machinery and electrical equipment,Mexico,1,"Laredo, TX",0.5473632146124434,54.736321461244344
85,Machinery and electrical equipment,Mexico,2,"San Diego, CA",0.1882562115783529,18.82562115783529
85,Machinery and electrical equipment,Mexico,3,"El Paso, TX",0.18496385544675495,18.496385544675494
85,Machinery and electrical equipment,Mexico,4,"Nogales, AZ",0.04759836844675886,4.7598368446758865
85,Machinery and electrical equipment,Mexico,5,"New Orleans, LA",0.018289771602313643,1.8289771602313643
85,Machinery and electrical equipment,Mexico,6,"Cleveland, OH",0.00765743814137796,0.7657438141377959
85,Machinery and electrical equipment,Mexico,7,"Los Angeles, CA",0.0017407985727012191,0.1740798572701219
85,Machinery and electrical equipment,Mexico,8,"Dallas-Fort Worth, TX",0.0016983545236874138,0.16983545236874137
85,Machinery and electrical equipment,Mexico,9,"Detroit, MI",0.0012296637621099608,0.12296637621099608
85,Machinery and electrical equipment,Mexico,10,"Chicago, IL",0.0012023233134997203,0.12023233134997202
85,Machinery and electrical equipment,Netherlands,1,"New York City, NY",0.1574496908151067,15.744969081510671
85,Machinery and electrical equipment,Netherlands,2,"Houston-Galveston, TX",0.1548668937140375,15.48668937140375
85,Machinery and electrical equipment,Netherlands,3,"Cleveland, OH",0.11996007654709515,11.996007654709514
85,Machinery and electrical equipment,Netherlands,4,"Savannah, GA",0.1173986611701109,11.73986611701109
85,Machinery and electrical equipment,Netherlands,5,"Los Angeles, CA",0.11018152962498003,11.018152962498002
85,Machinery and electrical equipment,Netherlands,6,"Dallas-Fort Worth, TX",0.09611417899016804,9.611417899016804
85,Machinery and electrical equipment,Netherlands,7,"New Orleans, LA",0.07911485956836184,7.911485956836184
85,Machinery and electrical equipment,Netherlands,8,"Chicago, IL",0.07680322941636804,7.6803229416368035
85,Machinery and electrical equipment,Netherlands,9,"Norfolk, VA",0.056437696355877566,5.6437696355877565
85,Machinery and electrical equipment,Netherlands,10,"Baltimore, MD",0.031673183797894196,3.1673183797894198
85,Machinery and electrical equipment,Nicaragua,1,"Laredo, TX",0.8282769098650192,82.82769098650192
85,Machinery and electrical equipment,Nicaragua,2,"Miami, FL",0.11253413840537282,11.253413840537283
85,Machinery and electrical equipment,Nicaragua,3,"Cleveland, OH",0.05697032785437299,5.697032785437299
85,Machinery and electrical equipment,Nicaragua,4,"Houston-Galveston, TX",0.001110914916980382,0.1110914916980382
85,Machinery and electrical equipment,Nicaragua,5,"New Orleans, LA",0.0004126569377996269,0.04126569377996269
85,Machinery and electrical equipment,Nicaragua,6,"Detroit, MI",0.0002402805890036149,0.024028058900361488
85,Machinery and electrical equipment,Nicaragua,7,"Wilmington, NC",0.00021429151903831737,0.021429151903831736
85,Machinery and electrical equipment,Nicaragua,8,"St. Louis, MO",0.00012276754580151536,0.012276754580151537
85,Machinery and electrical equipment,Nicaragua,9,"Chicago, IL",7.438660714382408e-05,0.007438660714382408
85,Machinery and electrical equipment,Nicaragua,10,"Tampa, FL",4.332575946771247e-05,0.004332575946771247
85,Machinery and electrical equipment,Philippines,1,"Los Angeles, CA",0.48301349342866196,48.301349342866196
85,Machinery and electrical equipment,Philippines,2,"Chicago, IL",0.10768555124276791,10.76855512427679
85,Machinery and electrical equipment,Philippines,3,"Cleveland, OH",0.09789044338650557,9.789044338650557
85,Machinery and electrical equipment,Philippines,4,"San Francisco, CA",0.06884218607298447,6.884218607298447
85,Machinery and electrical equipment,Philippines,5,"Savannah, GA",0.06051610179018925,6.051610179018925
85,Machinery and electrical equipment,Philippines,6,"New Orleans, LA",0.05232561440006573,5.232561440006573
85,Machinery and electrical equipment,Philippines,7,"New York City, NY",0.04544423451974827,4.544423451974827
85,Machinery and electrical equipment,Philippines,8,"Seattle, WA",0.04375890143433719,4.375890143433718
85,Machinery and electrical equipment,Philippines,9,"Dallas-Fort Worth, TX",0.021347816463724058,2.1347816463724056
85,Machinery and electrical equipment,Philippines,10,"Laredo, TX",0.019175657261015597,1.9175657261015597
85,Machinery and electrical equipment,Poland,1,"Chicago, IL",0.21618221639793156,21.618221639793155
85,Machinery and electrical equipment,Poland,2,"Savannah, GA",0.15598293579169534,15.598293579169534
85,Machinery and electrical equipment,Poland,3,"New York City, NY",0.12048774751534938,12.048774751534937
85,Machinery and electrical equipment,Poland,4,"Detroit, MI",0.08613278178694708,8.613278178694708
85,Machinery and electrical equipment,Poland,5,"Cleveland, OH",0.08325681592044534,8.325681592044534
85,Machinery and electrical equipment,Poland,6,"Charleston, SC",0.0817989071656073,8.17989071656073
85,Machinery and electrical equipment,Poland,7,"Norfolk, VA",0.06914751732247976,6.914751732247976
85,Machinery and electrical equipment,Poland,8,"Houston-Galveston, TX",0.06721993582663421,6.721993582663421
85,Machinery and electrical equipment,Poland,9,"New Orleans, LA",0.060652182363296184,6.065218236329619
85,Machinery and electrical equipment,Poland,10,"St. Louis, MO",0.05913895990961385,5.913895990961385
85,Machinery and electrical equipment,Portugal,1,"New York City, NY",0.2945899531892074,29.45899531892074
85,Machinery and electrical equipment,Portugal,2,"Charleston, SC",0.2842076234227274,28.420762342272738
85,Machinery and electrical equipment,Portugal,3,"Savannah, GA",0.1003419525976451,10.034195259764509
85,Machinery and electrical equipment,Portugal,4,"Houston-Galveston, TX",0.07498822661607411,7.498822661607411
85,Machinery and electrical equipment,Portugal,5,"Chicago, IL",0.06829430674090022,6.8294306740900215
85,Machinery and electrical equipment,Portugal,6,"Cleveland, OH",0.05496656727735701,5.496656727735702
85,Machinery and electrical equipment,Portugal,7,"Philadelphia, PA",0.034969422393942615,3.4969422393942615
85,Machinery and electrical equipment,Portugal,8,"Norfolk, VA",0.03185667426332017,3.1856674263320173
85,Machinery and electrical equipment,Portugal,9,"Mobile, AL",0.0297086919182415,2.97086919182415
85,Machinery and electrical equipment,Portugal,10,"Dallas-Fort Worth, TX",0.026076581580584485,2.6076581580584484
85,Machinery and electrical equipment,Russia,1,"New York City, NY",0.30489868072000315,30.489868072000313
85,Machinery and electrical equipment,Russia,2,"Houston-Galveston, TX",0.3012474048785419,30.12474048785419
85,Machinery and electrical equipment,Russia,3,"Miami, FL",0.08962792443969064,8.962792443969064
85,Machinery and electrical equipment,Russia,4,"Los Angeles, CA",0.07730605440381491,7.730605440381491
85,Machinery and electrical equipment,Russia,5,"Philadelphia, PA",0.053417667998863744,5.341766799886375
85,Machinery and electrical equipment,Russia,6,"Savannah, GA",0.04019505731234656,4.019505731234656
85,Machinery and electrical equipment,Russia,7,"Boston, MA",0.03927605537774744,3.927605537774744
85,Machinery and electrical equipment,Russia,8,"Charleston, SC",0.03882213669956293,3.882213669956293
85,Machinery and electrical equipment,Russia,9,"Cleveland, OH",0.033214584467643665,3.3214584467643666
85,Machinery and electrical equipment,Russia,10,"Chicago, IL",0.021994433701785082,2.1994433701785083
85,Machinery and electrical equipment,Singapore,1,"Los Angeles, CA",0.22419968781139651,22.41996878113965
85,Machinery and electrical equipment,Singapore,2,"Cleveland, OH",0.21919300958340285,21.919300958340283
85,Machinery and electrical equipment,Singapore,3,"New Orleans, LA",0.13669238431056144,13.669238431056144
85,Machinery and electrical equipment,Singapore,4,"San Francisco, CA",0.10131835952768231,10.131835952768231
85,Machinery and electrical equipment,Singapore,5,"Chicago, IL",0.09389442718610237,9.389442718610237
85,Machinery and electrical equipment,Singapore,6,"Savannah, GA",0.05489551781605387,5.489551781605387
85,Machinery and electrical equipment,Singapore,7,"New York City, NY",0.05454681311902177,5.454681311902177
85,Machinery and electrical equipment,Singapore,8,"Norfolk, VA",0.05058824888478096,5.058824888478096
85,Machinery and electrical equipment,Singapore,9,"Laredo, TX",0.03241531372578657,3.241531372578657
85,Machinery and electrical equipment,Singapore,10,"Dallas-Fort Worth, TX",0.03225623803521135,3.2256238035211346
85,Machinery and electrical equipment,Slovakia,1,"Charleston, SC",0.18217836732621936,18.217836732621937
85,Machinery and electrical equipment,Slovakia,2,"Cleveland, OH",0.16407222262506652,16.40722226250665
85,Machinery and electrical equipment,Slovakia,3,"New York City, NY",0.12727320460269506,12.727320460269507
85,Machinery and electrical equipment,Slovakia,4,"Chicago, IL",0.11731508802133916,11.731508802133916
85,Machinery and electrical equipment,Slovakia,5,"Houston-Galveston, TX",0.11473655281547285,11.473655281547284
85,Machinery and electrical equipment,Slovakia,6,"Columbia-Snake, OR",0.09588486121623023,9.588486121623022
85,Machinery and electrical equipment,Slovakia,7,"Savannah, GA",0.06904811493524458,6.904811493524458
85,Machinery and electrical equipment,Slovakia,8,"Los Angeles, CA",0.0475894912615523,4.75894912615523
85,Machinery and electrical equipment,Slovakia,9,"New Orleans, LA",0.044896949739229065,4.489694973922907
85,Machinery and electrical equipment,Slovakia,10,"Boston, MA",0.03700514745695077,3.7005147456950773
85,Machinery and electrical equipment,Sweden,1,"New York City, NY",0.20997563338930456,20.997563338930455
85,Machinery and electrical equipment,Sweden,2,"Cleveland, OH",0.1878210775675718,18.78210775675718
85,Machinery and electrical equipment,Sweden,3,"Detroit, MI",0.11558675786320362,11.558675786320363
85,Machinery and electrical equipment,Sweden,4,"Houston-Galveston, TX",0.11346443711313474,11.346443711313475
85,Machinery and electrical equipment,Sweden,5,"Chicago, IL",0.09316017664430377,9.316017664430378
85,Machinery and electrical equipment,Sweden,6,"New Orleans, LA",0.07523769026176377,7.523769026176377
85,Machinery and electrical equipment,Sweden,7,"Mobile, AL",0.05565751030539377,5.565751030539377
85,Machinery and electrical equipment,Sweden,8,"Savannah, GA",0.054974261484005554,5.497426148400556
85,Machinery and electrical equipment,Sweden,9,"Los Angeles, CA",0.04818442001085339,4.818442001085339
85,Machinery and electrical equipment,Sweden,10,"Philadelphia, PA",0.045938035360465125,4.593803536046512
85,Machinery and electrical equipment,Switzerland,1,"New York City, NY",0.2348094325499389,23.480943254993893
85,Machinery and electrical equipment,Switzerland,2,"Chicago, IL",0.1681138572741734,16.811385727417342
85,Machinery and electrical equipment,Switzerland,3,"Cleveland, OH",0.1531294305707683,15.312943057076831
85,Machinery and electrical equipment,Switzerland,4,"New Orleans, LA",0.08958930162812194,8.958930162812194
85,Machinery and electrical equipment,Switzerland,5,"San Francisco, CA",0.0785914648076233,7.85914648076233
85,Machinery and electrical equipment,Switzerland,6,"Savannah, GA",0.07301124133535705,7.301124133535705
85,Machinery and electrical equipment,Switzerland,7,"Boston, MA",0.06102287392848185,6.1022873928481856
85,Machinery and electrical equipment,Switzerland,8,"Norfolk, VA",0.0505197949926331,5.05197949926331
85,Machinery and electrical equipment,Switzerland,9,"Houston-Galveston, TX",0.04594755595788812,4.594755595788811
85,Machinery and electrical equipment,Switzerland,10,"Philadelphia, PA",0.04526504695501398,4.526504695501398
85,Machinery and electrical equipment,Taiwan,1,"Los Angeles, CA",0.30779883617572557,30.77988361757256
85,Machinery and electrical equipment,Taiwan,2,"San Francisco, CA",0.17868667288707668,17.86866728870767
85,Machinery and electrical equipment,Taiwan,3,"Chicago, IL",0.14067852182908105,14.067852182908105
85,Machinery and electrical equipment,Taiwan,4,"Cleveland, OH",0.09032067896343236,9.032067896343236
85,Machinery and electrical equipment,Taiwan,5,"Seattle, WA",0.06600518315554936,6.600518315554936
85,Machinery and electrical equipment,Taiwan,6,"New Orleans, LA",0.051800681129357935,5.1800681129357935
85,Machinery and electrical equipment,Taiwan,7,"Savannah, GA",0.04843779168526988,4.843779168526988
85,Machinery and electrical equipment,Taiwan,8,"New York City, NY",0.04615138867675888,4.6151388676758875
85,Machinery and electrical equipment,Taiwan,9,"Dallas-Fort Worth, TX",0.04234475045918121,4.234475045918121
85,Machinery and electrical equipment,Taiwan,10,"Nogales, AZ",0.027775495038567063,2.777549503856706
85,Machinery and electrical equipment,Thailand,1,"Los Angeles, CA",0.2581774474681946,25.81774474681946
85,Machinery and electrical equipment,Thailand,2,"Chicago, IL",0.2003173069012416,20.03173069012416
85,Machinery and electrical equipment,Thailand,3,"Cleveland, OH",0.10712204120783628,10.712204120783628
85,Machinery and electrical equipment,Thailand,4,"Savannah, GA",0.09899331762630942,9.899331762630942
85,Machinery and electrical equipment,Thailand,5,"Dallas-Fort Worth, TX",0.09629411575067087,9.629411575067087
85,Machinery and electrical equipment,Thailand,6,"San Francisco, CA",0.07886040910535601,7.886040910535601
85,Machinery and electrical equipment,Thailand,7,"New York City, NY",0.062087908235946176,6.208790823594618
85,Machinery and electrical equipment,Thailand,8,"Houston-Galveston, TX",0.039262383384367966,3.9262383384367965
85,Machinery and electrical equipment,Thailand,9,"New Orleans, LA",0.0333533754318434,3.3353375431843397
85,Machinery and electrical equipment,Thailand,10,"Laredo, TX",0.025531694888233585,2.5531694888233583
85,Machinery and electrical equipment,United Arab Emirates,1,"Savannah, GA",0.32048175219726255,32.048175219726254
85,Machinery and electrical equipment,United Arab Emirates,2,"Miami, FL",0.21576506533518144,21.576506533518145
85,Machinery and electrical equipment,United Arab Emirates,3,"Houston-Galveston, TX",0.17837403800551294,17.837403800551293
85,Machinery and electrical equipment,United Arab Emirates,4,"New York City, NY",0.0741338741430039,7.413387414300391
85,Machinery and electrical equipment,United Arab Emirates,5,"Cleveland, OH",0.0606469218253469,6.0646921825346904
85,Machinery and electrical equipment,United Arab Emirates,6,"Chicago, IL",0.057759725350677485,5.775972535067749
85,Machinery and electrical equipment,United Arab Emirates,7,"New Orleans, LA",0.050345965169264206,5.03459651692642
85,Machinery and electrical equipment,United Arab Emirates,8,"Los Angeles, CA",0.026086819254591467,2.6086819254591465
85,Machinery and electrical equipment,United Arab Emirates,9,"Detroit, MI",0.008208497833363556,0.8208497833363556
85,Machinery and electrical equipment,United Arab Emirates,10,"El Paso, TX",0.008197340885795568,0.8197340885795568
85,Machinery and electrical equipment,United Kingdom,1,"Cleveland, OH",0.18128470341504518,18.128470341504517
85,Machinery and electrical equipment,United Kingdom,2,"New Orleans, LA",0.18023028027091573,18.023028027091573
85,Machinery and electrical equipment,United Kingdom,3,"New York City, NY",0.13233718835168118,13.233718835168117
85,Machinery and electrical equipment,United Kingdom,4,"Dallas-Fort Worth, TX",0.10206459645587439,10.206459645587438
85,Machinery and electrical equipment,United Kingdom,5,"Chicago, IL",0.09818216167956119,9.81821616795612
85,Machinery and electrical equipment,United Kingdom,6,"Los Angeles, CA",0.09098891052627697,9.098891052627698
85,Machinery and electrical equipment,United Kingdom,7,"Philadelphia, PA",0.0721927024063474,7.2192702406347395
85,Machinery and electrical equipment,United Kingdom,8,"Savannah, GA",0.06627146116101679,6.627146116101679
85,Machinery and electrical equipment,United Kingdom,9,"Houston-Galveston, TX",0.039512080098382654,3.9512080098382656
85,Machinery and electrical equipment,United Kingdom,10,"Miami, FL",0.036935915634898606,3.6935915634898606
85,Machinery and electrical equipment,Vietnam,1,"Los Angeles, CA",0.31534858997309395,31.534858997309396
85,Machinery and electrical equipment,Vietnam,2,"Dallas-Fort Worth, TX",0.1889741649713194,18.897416497131942
85,Machinery and electrical equipment,Vietnam,3,"Chicago, IL",0.180102657555628,18.0102657555628
85,Machinery and electrical equipment,Vietnam,4,"Cleveland, OH",0.06124586876669568,6.124586876669568
85,Machinery and electrical equipment,Vietnam,5,"New Orleans, LA",0.057254977930890176,5.725497793089017
85,Machinery and electrical equipment,Vietnam,6,"San Francisco, CA",0.055647418351286324,5.564741835128633
85,Machinery and electrical equipment,Vietnam,7,"New York City, NY",0.04089646136058579,4.08964613605858
85,Machinery and electrical equipment,Vietnam,8,"Houston-Galveston, TX",0.03668838003881828,3.6688380038818282
85,Machinery and electrical equipment,Vietnam,9,"Miami, FL",0.035152386778159066,3.5152386778159066
85,Machinery and electrical equipment,Vietnam,10,"Savannah, GA",0.02868909427352327,2.868909427352327
87,Automotive and bicycle parts,Australia,1,"Los Angeles, CA",0.29611873859496435,29.611873859496434
87,Automotive and bicycle parts,Australia,2,"Cleveland, OH",0.18237514819393785,18.237514819393784
87,Automotive and bicycle parts,Australia,3,"Savannah, GA",0.13678352649233008,13.678352649233009
87,Automotive and bicycle parts,Australia,4,"Chicago, IL",0.09653575837909348,9.653575837909347
87,Automotive and bicycle parts,Australia,5,"New Orleans, LA",0.06513232000617983,6.5132320006179825
87,Automotive and bicycle parts,Australia,6,"Seattle, WA",0.060061568579337525,6.006156857933752
87,Automotive and bicycle parts,Australia,7,"Detroit, MI",0.05814794159029911,5.814794159029911
87,Automotive and bicycle parts,Australia,8,"Charleston, SC",0.04267124787305714,4.267124787305714
87,Automotive and bicycle parts,Australia,9,"New York City, NY",0.031259966135114024,3.1259966135114023
87,Automotive and bicycle parts,Australia,10,"Great Falls, MT",0.030913784155686626,3.0913784155686628
87,Automotive and bicycle parts,Austria,1,"Los Angeles, CA",0.21997058513703532,21.997058513703532
87,Automotive and bicycle parts,Austria,2,"Charleston, SC",0.21973746837095637,21.973746837095636
87,Automotive and bicycle parts,Austria,3,"Baltimore, MD",0.1949764806921899,19.49764806921899
87,Automotive and bicycle parts,Austria,4,"Savannah, GA",0.19001222423614783,19.001222423614784
87,Automotive and bicycle parts,Austria,5,"Norfolk, VA",0.10054984512233515,10.054984512233515
87,Automotive and bicycle parts,Austria,6,"New York City, NY",0.044641369866352226,4.464136986635222
87,Automotive and bicycle parts,Austria,7,"Houston-Galveston, TX",0.01299207491206999,1.299207491206999
87,Automotive and bicycle parts,Austria,8,"Philadelphia, PA",0.006527441640361904,0.6527441640361904
87,Automotive and bicycle parts,Austria,9,"Tampa, FL",0.006393126656473553,0.6393126656473553
87,Automotive and bicycle parts,Austria,10,"Chicago, IL",0.004199383366077828,0.4199383366077828
87,Automotive and bicycle parts,Belgium,1,"New York City, NY",0.23790865178543924,23.790865178543925
87,Automotive and bicycle parts,Belgium,2,"Baltimore, MD",0.21135448976405113,21.135448976405115
87,Automotive and bicycle parts,Belgium,3,"Savannah, GA",0.1671078059158496,16.71078059158496
87,Automotive and bicycle parts,Belgium,4,"Los Angeles, CA",0.135522185716333,13.5522185716333
87,Automotive and bicycle parts,Belgium,5,"San Diego, CA",0.0662520399349861,6.6252039934986104
87,Automotive and bicycle parts,Belgium,6,"Houston-Galveston, TX",0.056542764219048317,5.654276421904831
87,Automotive and bicycle parts,Belgium,7,"San Francisco, CA",0.034900785565938015,3.4900785565938017
87,Automotive and bicycle parts,Belgium,8,"Tampa, FL",0.03432556290910845,3.432556290910845
87,Automotive and bicycle parts,Belgium,9,"Seattle, WA",0.03031000692364464,3.031000692364464
87,Automotive and bicycle parts,Belgium,10,"Providence, RI",0.025775707265601532,2.577570726560153
87,Automotive and bicycle parts,Brazil,1,"Houston-Galveston, TX",0.25671655159695816,25.671655159695817
87,Automotive and bicycle parts,Brazil,2,"Baltimore, MD",0.17735895673259588,17.735895673259588
87,Automotive and bicycle parts,Brazil,3,"Tampa, FL",0.1304360958265005,13.04360958265005
87,Automotive and bicycle parts,Brazil,4,"Savannah, GA",0.11085034560099478,11.085034560099478
87,Automotive and bicycle parts,Brazil,5,"Norfolk, VA",0.0911864726043993,9.11864726043993
87,Automotive and bicycle parts,Brazil,6,"Chicago, IL",0.06071978667326404,6.071978667326404
87,Automotive and bicycle parts,Brazil,7,"Charleston, SC",0.060324391010315774,6.032439101031577
87,Automotive and bicycle parts,Brazil,8,"Los Angeles, CA",0.04472819013875322,4.472819013875322
87,Automotive and bicycle parts,Brazil,9,"Seattle, WA",0.03835945443915054,3.8359454439150538
87,Automotive and bicycle parts,Brazil,10,"New York City, NY",0.02931975537706769,2.931975537706769
87,Automotive and bicycle parts,Cambodia,1,"Los Angeles, CA",0.3113021743371986,31.13021743371986
87,Automotive and bicycle parts,Cambodia,2,"New York City, NY",0.21627957163591624,21.627957163591624
87,Automotive and bicycle parts,Cambodia,3,"Chicago, IL",0.17198670820883702,17.198670820883702
87,Automotive and bicycle parts,Cambodia,4,"Savannah, GA",0.08788859880559262,8.788859880559261
87,Automotive and bicycle parts,Cambodia,5,"Cleveland, OH",0.06771242265782754,6.771242265782754
87,Automotive and bicycle parts,Cambodia,6,"Great Falls, MT",0.06302216015602002,6.302216015602003
87,Automotive and bicycle parts,Cambodia,7,"San Francisco, CA",0.03232014881717284,3.2320148817172845
87,Automotive and bicycle parts,Cambodia,8,"Seattle, WA",0.024089385739545954,2.4089385739545954
87,Automotive and bicycle parts,Cambodia,9,"Houston-Galveston, TX",0.017786259028900228,1.7786259028900229
87,Automotive and bicycle parts,Cambodia,10,"Dallas-Fort Worth, TX",0.007612570612988941,0.761257061298894
87,Automotive and bicycle parts,Canada,1,"Detroit, MI",0.7590795003082575,75.90795003082576
87,Automotive and bicycle parts,Canada,2,"Buffalo, NY",0.1511835504404943,15.11835504404943
87,Automotive and bicycle parts,Canada,3,"Ogdensburg, NY",0.042860222568760195,4.286022256876019
87,Automotive and bicycle parts,Canada,4,"Pembina, ND",0.02476035510285873,2.476035510285873
87,Automotive and bicycle parts,Canada,5,"Seattle, WA",0.008097157444275043,0.8097157444275043
87,Automotive and bicycle parts,Canada,6,"Great Falls, MT",0.006735739181393935,0.6735739181393935
87,Automotive and bicycle parts,Canada,7,"St. Albans, VT",0.005137402580500369,0.513740258050037
87,Automotive and bicycle parts,Canada,8,"Portland, ME",0.0013989420610280726,0.13989420610280726
87,Automotive and bicycle parts,Canada,9,"New Orleans, LA",0.00041707888557563434,0.04170788855756343
87,Automotive and bicycle parts,Canada,10,"Cleveland, OH",0.0003300514268561002,0.03300514268561002
87,Automotive and bicycle parts,China,1,"Los Angeles, CA",0.31355488079176314,31.355488079176315
87,Automotive and bicycle parts,China,2,"Detroit, MI",0.11197984257317485,11.197984257317485
87,Automotive and bicycle parts,China,3,"Savannah, GA",0.1089241942275982,10.89241942275982
87,Automotive and bicycle parts,China,4,"Chicago, IL",0.10873701084135681,10.873701084135682
87,Automotive and bicycle parts,China,5,"New York City, NY",0.091212251021006,9.121225102100599
87,Automotive and bicycle parts,China,6,"San Francisco, CA",0.05720437478166478,5.7204374781664775
87,Automotive and bicycle parts,China,7,"New Orleans, LA",0.0547814014326557,5.478140143265571
87,Automotive and bicycle parts,China,8,"Charleston, SC",0.05307472212138172,5.3074722121381726
87,Automotive and bicycle parts,China,9,"Seattle, WA",0.05071076749993458,5.071076749993457
87,Automotive and bicycle parts,China,10,"Columbia-Snake, OR",0.049820554709464164,4.982055470946416
87,Automotive and bicycle parts,Czech Republic,1,"Charleston, SC",0.2832489360056689,28.32489360056689
87,Automotive and bicycle parts,Czech Republic,2,"Savannah, GA",0.13913764959580258,13.913764959580257
87,Automotive and bicycle parts,Czech Republic,3,"New York City, NY",0.12127513785092851,12.127513785092852
87,Automotive and bicycle parts,Czech Republic,4,"Los Angeles, CA",0.09374401483628718,9.374401483628718
87,Automotive and bicycle parts,Czech Republic,5,"Detroit, MI",0.08274004044865338,8.274004044865338
87,Automotive and bicycle parts,Czech Republic,6,"Philadelphia, PA",0.08205252724583328,8.205252724583328
87,Automotive and bicycle parts,Czech Republic,7,"Chicago, IL",0.07576484738487044,7.576484738487044
87,Automotive and bicycle parts,Czech Republic,8,"Cleveland, OH",0.04286636161067014,4.286636161067014
87,Automotive and bicycle parts,Czech Republic,9,"Norfolk, VA",0.04022253343226137,4.022253343226137
87,Automotive and bicycle parts,Czech Republic,10,"Houston-Galveston, TX",0.03894795158902431,3.894795158902431
87,Automotive and bicycle parts,Denmark,1,"Baltimore, MD",0.4316689565407514,43.16689565407514
87,Automotive and bicycle parts,Denmark,2,"Chicago, IL",0.23251968756347985,23.251968756347985
87,Automotive and bicycle parts,Denmark,3,"Houston-Galveston, TX",0.08673283898810553,8.673283898810553
87,Automotive and bicycle parts,Denmark,4,"New York City, NY",0.08170637814872968,8.170637814872968
87,Automotive and bicycle parts,Denmark,5,"Charleston, SC",0.049313031804691196,4.931303180469119
87,Automotive and bicycle parts,Denmark,6,"Savannah, GA",0.03515140895277707,3.515140895277707
87,Automotive and bicycle parts,Denmark,7,"Los Angeles, CA",0.021907057189038553,2.1907057189038555
87,Automotive and bicycle parts,Denmark,8,"Cleveland, OH",0.020971949464140452,2.0971949464140454
87,Automotive and bicycle parts,Denmark,9,"Detroit, MI",0.020124921098322434,2.0124921098322432
87,Automotive and bicycle parts,Denmark,10,"Norfolk, VA",0.01990377024996384,1.990377024996384
87,Automotive and bicycle parts,Finland,1,"Baltimore, MD",0.3557743662690374,35.57743662690374
87,Automotive and bicycle parts,Finland,2,"Savannah, GA",0.2245329118309956,22.453291183099562
87,Automotive and bicycle parts,Finland,3,"Los Angeles, CA",0.21580556159998898,21.5805561599989
87,Automotive and bicycle parts,Finland,4,"Detroit, MI",0.0944301236572772,9.44301236572772
87,Automotive and bicycle parts,Finland,5,"Charleston, SC",0.027988817086827756,2.7988817086827757
87,Automotive and bicycle parts,Finland,6,"Seattle, WA",0.023919311693795353,2.3919311693795353
87,Automotive and bicycle parts,Finland,7,"Chicago, IL",0.019611742686713323,1.9611742686713323
87,Automotive and bicycle parts,Finland,8,"Ogdensburg, NY",0.015580022025076235,1.5580022025076234
87,Automotive and bicycle parts,Finland,9,"St. Albans, VT",0.013031824295188177,1.3031824295188177
87,Automotive and bicycle parts,Finland,10,"Cleveland, OH",0.009325318855099936,0.9325318855099937
87,Automotive and bicycle parts,France,1,"Baltimore, MD",0.23916206661978082,23.91620666197808
87,Automotive and bicycle parts,France,2,"Los Angeles, CA",0.14789677148713157,14.789677148713157
87,Automotive and bicycle parts,France,3,"Savannah, GA",0.14671944765866338,14.671944765866337
87,Automotive and bicycle parts,France,4,"New York City, NY",0.10871436570068711,10.871436570068711
87,Automotive and bicycle parts,France,5,"Houston-Galveston, TX",0.1000551532031401,10.005515320314009
87,Automotive and bicycle parts,France,6,"Chicago, IL",0.08322105163440598,8.322105163440598
87,Automotive and bicycle parts,France,7,"Norfolk, VA",0.0469396074770576,4.69396074770576
87,Automotive and bicycle parts,France,8,"Detroit, MI",0.04395430871493946,4.395430871493946
87,Automotive and bicycle parts,France,9,"Seattle, WA",0.04180736198911899,4.180736198911899
87,Automotive and bicycle parts,France,10,"Charleston, SC",0.04152986551507507,4.1529865515075075
87,Automotive and bicycle parts,Germany,1,"Baltimore, MD",0.21344818343802424,21.344818343802423
87,Automotive and bicycle parts,Germany,2,"Los Angeles, CA",0.14601886324847485,14.601886324847484
87,Automotive and bicycle parts,Germany,3,"Savannah, GA",0.13268410546158738,13.268410546158737
87,Automotive and bicycle parts,Germany,4,"Houston-Galveston, TX",0.09873371097608011,9.873371097608011
87,Automotive and bicycle parts,Germany,5,"Mobile, AL",0.08763385936507487,8.763385936507486
87,Automotive and bicycle parts,Germany,6,"Charleston, SC",0.08357468808710727,8.357468808710728
87,Automotive and bicycle parts,Germany,7,"New York City, NY",0.06885812204903292,6.885812204903292
87,Automotive and bicycle parts,Germany,8,"Tampa, FL",0.06313149187845198,6.313149187845197
87,Automotive and bicycle parts,Germany,9,"San Diego, CA",0.056284736514296066,5.628473651429607
87,Automotive and bicycle parts,Germany,10,"Providence, RI",0.04963223898187039,4.96322389818704
87,Automotive and bicycle parts,Hong Kong,1,"Los Angeles, CA",0.3979079899699602,39.79079899699602
87,Automotive and bicycle parts,Hong Kong,2,"Cleveland, OH",0.17730466991747684,17.730466991747683
87,Automotive and bicycle parts,Hong Kong,3,"New Orleans, LA",0.10445319403798513,10.445319403798512
87,Automotive and bicycle parts,Hong Kong,4,"Chicago, IL",0.06892741775342222,6.8927417753422215
87,Automotive and bicycle parts,Hong Kong,5,"New York City, NY",0.0545829203307275,5.45829203307275
87,Automotive and bicycle parts,Hong Kong,6,"Miami, FL",0.050124031799556976,5.012403179955697
87,Automotive and bicycle parts,Hong Kong,7,"Detroit, MI",0.04807190753898767,4.807190753898767
87,Automotive and bicycle parts,Hong Kong,8,"Dallas-Fort Worth, TX",0.03724998047452311,3.7249980474523112
87,Automotive and bicycle parts,Hong Kong,9,"Houston-Galveston, TX",0.032587789106375165,3.2587789106375165
87,Automotive and bicycle parts,Hong Kong,10,"San Francisco, CA",0.02879009907098525,2.8790099070985247
87,Automotive and bicycle parts,India,1,"Savannah, GA",0.22091104458034647,22.091104458034646
87,Automotive and bicycle parts,India,2,"Detroit, MI",0.1439811413033998,14.398114130339982
87,Automotive and bicycle parts,India,3,"Chicago, IL",0.1272862757446957,12.72862757446957
87,Automotive and bicycle parts,India,4,"Norfolk, VA",0.1237434565154664,12.374345651546639
87,Automotive and bicycle parts,India,5,"Cleveland, OH",0.09076853548672996,9.076853548672997
87,Automotive and bicycle parts,India,6,"New York City, NY",0.08542996983925737,8.542996983925736
87,Automotive and bicycle parts,India,7,"Houston-Galveston, TX",0.08463256153171617,8.463256153171617
87,Automotive and bicycle parts,India,8,"Charleston, SC",0.053515214398341934,5.351521439834193
87,Automotive and bicycle parts,India,9,"Baltimore, MD",0.03969121180276333,3.9691211802763333
87,Automotive and bicycle parts,India,10,"Los Angeles, CA",0.03004058879728285,3.004058879728285
87,Automotive and bicycle parts,Indonesia,1,"Los Angeles, CA",0.3966140091663571,39.661400916635706
87,Automotive and bicycle parts,Indonesia,2,"Savannah, GA",0.1487859763730705,14.87859763730705
87,Automotive and bicycle parts,Indonesia,3,"Seattle, WA",0.10935221013916106,10.935221013916106
87,Automotive and bicycle parts,Indonesia,4,"Chicago, IL",0.08914840122552455,8.914840122552455
87,Automotive and bicycle parts,Indonesia,5,"Baltimore, MD",0.08535623043057022,8.535623043057022
87,Automotive and bicycle parts,Indonesia,6,"Cleveland, OH",0.04962085404396441,4.962085404396441
87,Automotive and bicycle parts,Indonesia,7,"New York City, NY",0.047603468417301904,4.760346841730191
87,Automotive and bicycle parts,Indonesia,8,"Norfolk, VA",0.04640919611946671,4.6409196119466705
87,Automotive and bicycle parts,Indonesia,9,"Nogales, AZ",0.013791485189688197,1.3791485189688197
87,Automotive and bicycle parts,Indonesia,10,"Detroit, MI",0.013318168894895321,1.3318168894895321
87,Automotive and bicycle parts,Israel,1,"New York City, NY",0.5550624412540219,55.50624412540219
87,Automotive and bicycle parts,Israel,2,"Chicago, IL",0.20852934406573947,20.852934406573947
87,Automotive and bicycle parts,Israel,3,"Miami, FL",0.06245811563370046,6.245811563370046
87,Automotive and bicycle parts,Israel,4,"Cleveland, OH",0.050727499502712096,5.072749950271209
87,Automotive and bicycle parts,Israel,5,"Charleston, SC",0.040128246162660045,4.012824616266005
87,Automotive and bicycle parts,Israel,6,"Detroit, MI",0.028774304159331927,2.8774304159331927
87,Automotive and bicycle parts,Israel,7,"Savannah, GA",0.01995396243246775,1.9953962432467751
87,Automotive and bicycle parts,Israel,8,"Los Angeles, CA",0.014380669802763773,1.4380669802763772
87,Automotive and bicycle parts,Israel,9,"Houston-Galveston, TX",0.01010683529297987,1.010683529297987
87,Automotive and bicycle parts,Israel,10,"Norfolk, VA",0.00987858169362277,0.987858169362277
87,Automotive and bicycle parts,Italy,1,"New York City, NY",0.36705019151742424,36.70501915174243
87,Automotive and bicycle parts,Italy,2,"Baltimore, MD",0.18741807406021654,18.741807406021653
87,Automotive and bicycle parts,Italy,3,"Tampa, FL",0.0773157130336028,7.73157130336028
87,Automotive and bicycle parts,Italy,4,"Houston-Galveston, TX",0.07123570790170551,7.123570790170551
87,Automotive and bicycle parts,Italy,5,"Savannah, GA",0.06725593469588169,6.725593469588169
87,Automotive and bicycle parts,Italy,6,"San Diego, CA",0.06507707626669833,6.507707626669832
87,Automotive and bicycle parts,Italy,7,"Los Angeles, CA",0.05147431086140484,5.147431086140484
87,Automotive and bicycle parts,Italy,8,"Chicago, IL",0.05116908725324954,5.116908725324954
87,Automotive and bicycle parts,Italy,9,"Detroit, MI",0.035142006800652735,3.5142006800652736
87,Automotive and bicycle parts,Italy,10,"Norfolk, VA",0.02686189760916374,2.686189760916374
87,Automotive and bicycle parts,Japan,1,"Los Angeles, CA",0.2516171527951515,25.16171527951515
87,Automotive and bicycle parts,Japan,2,"Columbia-Snake, OR",0.12385753751451213,12.385753751451213
87,Automotive and bicycle parts,Japan,3,"Tampa, FL",0.11478781890883284,11.478781890883285
87,Automotive and bicycle parts,Japan,4,"New York City, NY",0.11235736217341673,11.235736217341673
87,Automotive and bicycle parts,Japan,5,"San Francisco, CA",0.10435994041982984,10.435994041982983
87,Automotive and bicycle parts,Japan,6,"Baltimore, MD",0.08743153011705197,8.743153011705198
87,Automotive and bicycle parts,Japan,7,"Seattle, WA",0.07345012031363897,7.345012031363897
87,Automotive and bicycle parts,Japan,8,"Savannah, GA",0.06665973875893284,6.665973875893284
87,Automotive and bicycle parts,Japan,9,"Cleveland, OH",0.03300162861142657,3.3001628611426566
87,Automotive and bicycle parts,Japan,10,"Chicago, IL",0.032477170387206516,3.2477170387206518
87,Automotive and bicycle parts,"Korea, South",1,"Savannah, GA",0.22986131192619666,22.986131192619666
87,Automotive and bicycle parts,"Korea, South",2,"Philadelphia, PA",0.16934061862771616,16.934061862771614
87,Automotive and bicycle parts,"Korea, South",3,"Los Angeles, CA",0.1593444379724774,15.934443797247742
87,Automotive and bicycle parts,"Korea, South",4,"Seattle, WA",0.15430406668846408,15.430406668846409
87,Automotive and bicycle parts,"Korea, South",5,"Columbia-Snake, OR",0.08763888520538016,8.763888520538016
87,Automotive and bicycle parts,"Korea, South",6,"San Diego, CA",0.05584869138860216,5.584869138860216
87,Automotive and bicycle parts,"Korea, South",7,"San Francisco, CA",0.046662404468377876,4.666240446837787
87,Automotive and bicycle parts,"Korea, South",8,"Mobile, AL",0.03777385368808066,3.7773853688080656
87,Automotive and bicycle parts,"Korea, South",9,"New York City, NY",0.03316005479645352,3.3160054796453524
87,Automotive and bicycle parts,"Korea, South",10,"Detroit, MI",0.026065675238251332,2.606567523825133
87,Automotive and bicycle parts,Latvia,1,"Charleston, SC",0.49810326404670996,49.810326404670995
87,Automotive and bicycle parts,Latvia,2,"Chicago, IL",0.1361267589666444,13.612675896664438
87,Automotive and bicycle parts,Latvia,3,"Savannah, GA",0.11044486862300944,11.044486862300944
87,Automotive and bicycle parts,Latvia,4,"New York City, NY",0.08450696168763762,8.450696168763763
87,Automotive and bicycle parts,Latvia,5,"Philadelphia, PA",0.05316373424509406,5.316373424509406
87,Automotive and bicycle parts,Latvia,6,"Minneapolis, MN",0.039802205670705915,3.9802205670705915
87,Automotive and bicycle parts,Latvia,7,"Wilmington, NC",0.02863914577837221,2.863914577837221
87,Automotive and bicycle parts,Latvia,8,"Cleveland, OH",0.023699791431712133,2.3699791431712134
87,Automotive and bicycle parts,Latvia,9,"Detroit, MI",0.01427506844689444,1.4275068446894439
87,Automotive and bicycle parts,Latvia,10,"New Orleans, LA",0.011238201103219839,1.1238201103219838
87,Automotive and bicycle parts,Macedonia,1,"Savannah, GA",0.8728876671802871,87.28876671802871
87,Automotive and bicycle parts,Macedonia,2,"Los Angeles, CA",0.06371315007925185,6.371315007925185
87,Automotive and bicycle parts,Macedonia,3,"Wilmington, NC",0.029854381336609902,2.98543813366099
87,Automotive and bicycle parts,Macedonia,4,"Chicago, IL",0.023301885118327197,2.3301885118327195
87,Automotive and bicycle parts,Macedonia,5,"Mobile, AL",0.004822458729210943,0.48224587292109433
87,Automotive and bicycle parts,Macedonia,6,"St. Louis, MO",0.0024815286882007865,0.24815286882007864
87,Automotive and bicycle parts,Macedonia,7,"Detroit, MI",0.0008587969844548705,0.08587969844548705
87,Automotive and bicycle parts,Macedonia,8,"Laredo, TX",0.0007184289603361796,0.07184289603361796
87,Automotive and bicycle parts,Macedonia,9,"Charleston, SC",0.0006943107009017574,0.06943107009017574
87,Automotive and bicycle parts,Macedonia,10,"New York City, NY",0.0006673922224195298,0.06673922224195297
87,Automotive and bicycle parts,Malaysia,1,"Los Angeles, CA",0.3714903340436451,37.14903340436451
87,Automotive and bicycle parts,Malaysia,2,"Chicago, IL",0.14677026809046165,14.677026809046165
87,Automotive and bicycle parts,Malaysia,3,"San Diego, CA",0.11098630459274025,11.098630459274025
87,Automotive and bicycle parts,Malaysia,4,"Detroit, MI",0.08908786617168785,8.908786617168785
87,Automotive and bicycle parts,Malaysia,5,"Savannah, GA",0.07301785404899455,7.301785404899455
87,Automotive and bicycle parts,Malaysia,6,"New York City, NY",0.06553008098394193,6.553008098394193
87,Automotive and bicycle parts,Malaysia,7,"Charleston, SC",0.06437704355736953,6.437704355736954
87,Automotive and bicycle parts,Malaysia,8,"Cleveland, OH",0.03415215185673783,3.4152151856737833
87,Automotive and bicycle parts,Malaysia,9,"Seattle, WA",0.026012237992327786,2.6012237992327787
87,Automotive and bicycle parts,Malaysia,10,"St. Louis, MO",0.018575858662093526,1.8575858662093527
87,Automotive and bicycle parts,Mexico,1,"Laredo, TX",0.6503692595860454,65.03692595860454
87,Automotive and bicycle parts,Mexico,2,"San Diego, CA",0.08232978688060368,8.232978688060367
87,Automotive and bicycle parts,Mexico,3,"El Paso, TX",0.07448229818243192,7.448229818243192
87,Automotive and bicycle parts,Mexico,4,"Nogales, AZ",0.054463578247356266,5.446357824735626
87,Automotive and bicycle parts,Mexico,5,"Baltimore, MD",0.039965802010998655,3.9965802010998654
87,Automotive and bicycle parts,Mexico,6,"Providence, RI",0.030544107705937247,3.0544107705937247
87,Automotive and bicycle parts,Mexico,7,"Tampa, FL",0.02759831960240188,2.759831960240188
87,Automotive and bicycle parts,Mexico,8,"Savannah, GA",0.01893819198159577,1.8938191981595769
87,Automotive and bicycle parts,Mexico,9,"New York City, NY",0.010678256783922138,1.0678256783922138
87,Automotive and bicycle parts,Mexico,10,"Los Angeles, CA",0.01063039901870699,1.0630399018706989
87,Automotive and bicycle parts,Netherlands,1,"Savannah, GA",0.20832834082648702,20.832834082648702
87,Automotive and bicycle parts,Netherlands,2,"New York City, NY",0.19240065530828834,19.240065530828833
87,Automotive and bicycle parts,Netherlands,3,"Los Angeles, CA",0.1397945968669647,13.979459686696469
87,Automotive and bicycle parts,Netherlands,4,"Baltimore, MD",0.13460506837974323,13.460506837974323
87,Automotive and bicycle parts,Netherlands,5,"Charleston, SC",0.08852342997007948,8.852342997007948
87,Automotive and bicycle parts,Netherlands,6,"Houston-Galveston, TX",0.06289268615406293,6.289268615406293
87,Automotive and bicycle parts,Netherlands,7,"Cleveland, OH",0.05820974608221088,5.820974608221087
87,Automotive and bicycle parts,Netherlands,8,"Chicago, IL",0.04523001486471756,4.523001486471756
87,Automotive and bicycle parts,Netherlands,9,"Mobile, AL",0.03529881726295658,3.5298817262956583
87,Automotive and bicycle parts,Netherlands,10,"Philadelphia, PA",0.03471664428448942,3.471664428448942
87,Automotive and bicycle parts,Norway,1,"Savannah, GA",0.40484830962927554,40.48483096292755
87,Automotive and bicycle parts,Norway,2,"Baltimore, MD",0.17495932010998547,17.495932010998548
87,Automotive and bicycle parts,Norway,3,"Seattle, WA",0.08605083928163883,8.605083928163882
87,Automotive and bicycle parts,Norway,4,"Houston-Galveston, TX",0.07950344682813854,7.950344682813854
87,Automotive and bicycle parts,Norway,5,"New York City, NY",0.07137856158813359,7.137856158813359
87,Automotive and bicycle parts,Norway,6,"Los Angeles, CA",0.05880635599561822,5.880635599561821
87,Automotive and bicycle parts,Norway,7,"Charleston, SC",0.057027016235920124,5.702701623592012
87,Automotive and bicycle parts,Norway,8,"Chicago, IL",0.0280310976058384,2.80310976058384
87,Automotive and bicycle parts,Norway,9,"Norfolk, VA",0.027680017877895972,2.768001787789597
87,Automotive and bicycle parts,Norway,10,"Philadelphia, PA",0.011715034847555343,1.1715034847555343
87,Automotive and bicycle parts,Oman,1,"New York City, NY",0.2275482680406365,22.75482680406365
87,Automotive and bicycle parts,Oman,2,"Tampa, FL",0.21638623323731573,21.638623323731572
87,Automotive and bicycle parts,Oman,3,"Los Angeles, CA",0.14896904923814194,14.896904923814194
87,Automotive and bicycle parts,Oman,4,"Detroit, MI",0.14013504126232043,14.013504126232043
87,Automotive and bicycle parts,Oman,5,"Savannah, GA",0.0645033325843943,6.4503332584394295
87,Automotive and bicycle parts,Oman,6,"Wilmington, NC",0.060307082169000895,6.03070821690009
87,Automotive and bicycle parts,Oman,7,"Charleston, SC",0.046395744880573665,4.639574488057367
87,Automotive and bicycle parts,Oman,8,"Miami, FL",0.0418694937245583,4.18694937245583
87,Automotive and bicycle parts,Oman,9,"Houston-Galveston, TX",0.027543905686956943,2.7543905686956944
87,Automotive and bicycle parts,Oman,10,"Baltimore, MD",0.026341849176101394,2.6341849176101393
87,Automotive and bicycle parts,Poland,1,"Charleston, SC",0.2431488118140038,24.31488118140038
87,Automotive and bicycle parts,Poland,2,"Mobile, AL",0.18983714225034048,18.98371422503405
87,Automotive and bicycle parts,Poland,3,"New York City, NY",0.11615904208566012,11.615904208566013
87,Automotive and bicycle parts,Poland,4,"Philadelphia, PA",0.09562158314665278,9.562158314665279
87,Automotive and bicycle parts,Poland,5,"Savannah, GA",0.08752360009531301,8.752360009531301
87,Automotive and bicycle parts,Poland,6,"Chicago, IL",0.08153871891096609,8.153871891096609
87,Automotive and bicycle parts,Poland,7,"Los Angeles, CA",0.06224420049007368,6.224420049007368
87,Automotive and bicycle parts,Poland,8,"Norfolk, VA",0.04357896920106228,4.357896920106228
87,Automotive and bicycle parts,Poland,9,"Cleveland, OH",0.0421358121563418,4.21358121563418
87,Automotive and bicycle parts,Poland,10,"Detroit, MI",0.03821211984958586,3.821211984958586
87,Automotive and bicycle parts,Portugal,1,"Savannah, GA",0.18675850969147387,18.675850969147387
87,Automotive and bicycle parts,Portugal,2,"New York City, NY",0.16077961115746386,16.077961115746387
87,Automotive and bicycle parts,Portugal,3,"Baltimore, MD",0.14374200850499838,14.374200850499838
87,Automotive and bicycle parts,Portugal,4,"Charleston, SC",0.12375641471224928,12.375641471224927
87,Automotive and bicycle parts,Portugal,5,"Cleveland, OH",0.09919852938965262,9.919852938965262
87,Automotive and bicycle parts,Portugal,6,"Chicago, IL",0.09824744576500412,9.824744576500413
87,Automotive and bicycle parts,Portugal,7,"Detroit, MI",0.053557848526013536,5.355784852601354
87,Automotive and bicycle parts,Portugal,8,"Houston-Galveston, TX",0.05073769953140366,5.073769953140366
87,Automotive and bicycle parts,Portugal,9,"Norfolk, VA",0.04975220810932992,4.975220810932992
87,Automotive and bicycle parts,Portugal,10,"Los Angeles, CA",0.033469724612410774,3.3469724612410774
87,Automotive and bicycle parts,Singapore,1,"Charleston, SC",0.3649725797190618,36.49725797190618
87,Automotive and bicycle parts,Singapore,2,"Los Angeles, CA",0.18493566049007404,18.493566049007406
87,Automotive and bicycle parts,Singapore,3,"Norfolk, VA",0.1711163855907631,17.111638559076308
87,Automotive and bicycle parts,Singapore,4,"New York City, NY",0.08518797367602515,8.518797367602515
87,Automotive and bicycle parts,Singapore,5,"Savannah, GA",0.06181410797656249,6.181410797656249
87,Automotive and bicycle parts,Singapore,6,"Miami, FL",0.05833553799962457,5.833553799962457
87,Automotive and bicycle parts,Singapore,7,"Cleveland, OH",0.054260157431707895,5.426015743170789
87,Automotive and bicycle parts,Singapore,8,"Detroit, MI",0.007335622830525958,0.7335622830525957
87,Automotive and bicycle parts,Singapore,9,"Chicago, IL",0.006835697879527657,0.6835697879527657
87,Automotive and bicycle parts,Singapore,10,"New Orleans, LA",0.005206276406127309,0.5206276406127309
87,Automotive and bicycle parts,Slovakia,1,"Baltimore, MD",0.2220355515846399,22.20355515846399
87,Automotive and bicycle parts,Slovakia,2,"Houston-Galveston, TX",0.14996044604154452,14.996044604154452
87,Automotive and bicycle parts,Slovakia,3,"Tampa, FL",0.14723460565142588,14.723460565142588
87,Automotive and bicycle parts,Slovakia,4,"Providence, RI",0.127894467949682,12.789446794968201
87,Automotive and bicycle parts,Slovakia,5,"Savannah, GA",0.10374671890705468,10.374671890705468
87,Automotive and bicycle parts,Slovakia,6,"San Diego, CA",0.1010596177225273,10.10596177225273
87,Automotive and bicycle parts,Slovakia,7,"Los Angeles, CA",0.0761208542804831,7.61208542804831
87,Automotive and bicycle parts,Slovakia,8,"San Francisco, CA",0.06250032404108265,6.250032404108265
87,Automotive and bicycle parts,Slovakia,9,"Charleston, SC",0.004817823410105933,0.4817823410105933
87,Automotive and bicycle parts,Slovakia,10,"New York City, NY",0.00462959041145403,0.462959041145403
87,Automotive and bicycle parts,South Africa,1,"Baltimore, MD",0.3223541409988402,32.23541409988402
87,Automotive and bicycle parts,South Africa,2,"Savannah, GA",0.29428014226616117,29.428014226616117
87,Automotive and bicycle parts,South Africa,3,"Los Angeles, CA",0.2805894847729233,28.05894847729233
87,Automotive and bicycle parts,South Africa,4,"New York City, NY",0.037490158008543904,3.7490158008543903
87,Automotive and bicycle parts,South Africa,5,"Houston-Galveston, TX",0.03204573521309345,3.204573521309345
87,Automotive and bicycle parts,South Africa,6,"Charleston, SC",0.017451897161903953,1.7451897161903953
87,Automotive and bicycle parts,South Africa,7,"Miami, FL",0.005840862362930729,0.584086236293073
87,Automotive and bicycle parts,South Africa,8,"Cleveland, OH",0.004121251893464913,0.41212518934649134
87,Automotive and bicycle parts,South Africa,9,"Detroit, MI",0.003449728139403251,0.3449728139403251
87,Automotive and bicycle parts,South Africa,10,"Chicago, IL",0.0023765991827351357,0.23765991827351357
87,Automotive and bicycle parts,Spain,1,"Charleston, SC",0.2817245215210897,28.172452152108967
87,Automotive and bicycle parts,Spain,2,"New York City, NY",0.22548589072110053,22.548589072110055
87,Automotive and bicycle parts,Spain,3,"Cleveland, OH",0.08144972037889528,8.144972037889527
87,Automotive and bicycle parts,Spain,4,"Chicago, IL",0.0679701686134982,6.797016861349819
87,Automotive and bicycle parts,Spain,5,"Los Angeles, CA",0.06593062234899094,6.593062234899094
87,Automotive and bicycle parts,Spain,6,"Savannah, GA",0.0618549055079994,6.1854905507999405
87,Automotive and bicycle parts,Spain,7,"Baltimore, MD",0.06157589586963425,6.157589586963425
87,Automotive and bicycle parts,Spain,8,"Detroit, MI",0.06011544150669854,6.011544150669854
87,Automotive and bicycle parts,Spain,9,"Norfolk, VA",0.05653405865705534,5.653405865705534
87,Automotive and bicycle parts,Spain,10,"Tampa, FL",0.03735877487503777,3.735877487503777
87,Automotive and bicycle parts,Sweden,1,"New York City, NY",0.30350461147713115,30.350461147713116
87,Automotive and bicycle parts,Sweden,2,"Savannah, GA",0.2325717324353816,23.25717324353816
87,Automotive and bicycle parts,Sweden,3,"Baltimore, MD",0.2230515227129092,22.305152271290922
87,Automotive and bicycle parts,Sweden,4,"Los Angeles, CA",0.15620083805707688,15.620083805707688
87,Automotive and bicycle parts,Sweden,5,"Seattle, WA",0.030850052269596077,3.0850052269596078
87,Automotive and bicycle parts,Sweden,6,"Charleston, SC",0.028857585315047993,2.8857585315047993
87,Automotive and bicycle parts,Sweden,7,"Philadelphia, PA",0.010697257960863847,1.0697257960863846
87,Automotive and bicycle parts,Sweden,8,"Norfolk, VA",0.005073217798614167,0.5073217798614167
87,Automotive and bicycle parts,Sweden,9,"Houston-Galveston, TX",0.0050222329941239105,0.5022232994123911
87,Automotive and bicycle parts,Sweden,10,"Detroit, MI",0.0041709489792552115,0.4170948979255211
87,Automotive and bicycle parts,Switzerland,1,"Detroit, MI",0.6216366403983988,62.16366403983989
87,Automotive and bicycle parts,Switzerland,2,"Chicago, IL",0.1101994739178518,11.01994739178518
87,Automotive and bicycle parts,Switzerland,3,"Charleston, SC",0.06165442158120458,6.165442158120458
87,Automotive and bicycle parts,Switzerland,4,"New York City, NY",0.037944494398252496,3.7944494398252497
87,Automotive and bicycle parts,Switzerland,5,"Cleveland, OH",0.036209884056497124,3.6209884056497126
87,Automotive and bicycle parts,Switzerland,6,"Houston-Galveston, TX",0.03243749201386559,3.2437492013865588
87,Automotive and bicycle parts,Switzerland,7,"Great Falls, MT",0.029835489770584006,2.9835489770584007
87,Automotive and bicycle parts,Switzerland,8,"Los Angeles, CA",0.028125324420246827,2.8125324420246827
87,Automotive and bicycle parts,Switzerland,9,"Wilmington, NC",0.022517396992354863,2.2517396992354866
87,Automotive and bicycle parts,Switzerland,10,"Savannah, GA",0.019439382450743867,1.9439382450743867
87,Automotive and bicycle parts,Taiwan,1,"Los Angeles, CA",0.3793768752793441,37.93768752793441
87,Automotive and bicycle parts,Taiwan,2,"New York City, NY",0.11314753003642486,11.314753003642487
87,Automotive and bicycle parts,Taiwan,3,"Savannah, GA",0.11046740919447161,11.04674091944716
87,Automotive and bicycle parts,Taiwan,4,"Chicago, IL",0.08805724336538669,8.805724336538669
87,Automotive and bicycle parts,Taiwan,5,"Seattle, WA",0.07154579126526737,7.1545791265267376
87,Automotive and bicycle parts,Taiwan,6,"San Francisco, CA",0.06484499472452285,6.484499472452285
87,Automotive and bicycle parts,Taiwan,7,"Great Falls, MT",0.053664264286885706,5.366426428688571
87,Automotive and bicycle parts,Taiwan,8,"Cleveland, OH",0.052715616995413474,5.271561699541348
87,Automotive and bicycle parts,Taiwan,9,"New Orleans, LA",0.037440696250781155,3.7440696250781156
87,Automotive and bicycle parts,Taiwan,10,"Detroit, MI",0.028739578601502246,2.8739578601502247
87,Automotive and bicycle parts,Thailand,1,"Los Angeles, CA",0.3331803140544286,33.31803140544286
87,Automotive and bicycle parts,Thailand,2,"Detroit, MI",0.14429419009252858,14.42941900925286
87,Automotive and bicycle parts,Thailand,3,"Savannah, GA",0.10567463489662914,10.567463489662913
87,Automotive and bicycle parts,Thailand,4,"Norfolk, VA",0.08507781400935627,8.507781400935627
87,Automotive and bicycle parts,Thailand,5,"Chicago, IL",0.06667863811199493,6.667863811199492
87,Automotive and bicycle parts,Thailand,6,"New Orleans, LA",0.06038886562248846,6.038886562248846
87,Automotive and bicycle parts,Thailand,7,"Seattle, WA",0.05988245575343647,5.9882455753436465
87,Automotive and bicycle parts,Thailand,8,"Baltimore, MD",0.055379379381556695,5.53793793815567
87,Automotive and bicycle parts,Thailand,9,"Cleveland, OH",0.05289986272059065,5.289986272059065
87,Automotive and bicycle parts,Thailand,10,"New York City, NY",0.03654384535699024,3.654384535699024
87,Automotive and bicycle parts,Turkey,1,"Baltimore, MD",0.21941377227991699,21.941377227991698
87,Automotive and bicycle parts,Turkey,2,"Savannah, GA",0.20960129858981022,20.960129858981023
87,Automotive and bicycle parts,Turkey,3,"New York City, NY",0.20932441771643792,20.93244177164379
87,Automotive and bicycle parts,Turkey,4,"Houston-Galveston, TX",0.08605012298295495,8.605012298295495
87,Automotive and bicycle parts,Turkey,5,"Norfolk, VA",0.0701961506243791,7.01961506243791
87,Automotive and bicycle parts,Turkey,6,"Tampa, FL",0.05583925757506555,5.583925757506555
87,Automotive and bicycle parts,Turkey,7,"Chicago, IL",0.0522690860158688,5.22690860158688
87,Automotive and bicycle parts,Turkey,8,"Detroit, MI",0.04738507305676804,4.738507305676804
87,Automotive and bicycle parts,Turkey,9,"Los Angeles, CA",0.025098721637515992,2.509872163751599
87,Automotive and bicycle parts,Turkey,10,"Cleveland, OH",0.024822099521282427,2.4822099521282426
87,Automotive and bicycle parts,United Kingdom,1,"Baltimore, MD",0.3456770095281363,34.56770095281363
87,Automotive and bicycle parts,United Kingdom,2,"Savannah, GA",0.252679551796024,25.267955179602403
87,Automotive and bicycle parts,United Kingdom,3,"Los Angeles, CA",0.18382283892618925,18.382283892618926
87,Automotive and bicycle parts,United Kingdom,4,"Charleston, SC",0.05575948076625679,5.575948076625679
87,Automotive and bicycle parts,United Kingdom,5,"New York City, NY",0.0440899056496404,4.40899056496404
87,Automotive and bicycle parts,United Kingdom,6,"Houston-Galveston, TX",0.040383881093838406,4.038388109383841
87,Automotive and bicycle parts,United Kingdom,7,"Tampa, FL",0.03169035107792461,3.169035107792461
87,Automotive and bicycle parts,United Kingdom,8,"San Diego, CA",0.02072759437406384,2.072759437406384
87,Automotive and bicycle parts,United Kingdom,9,"Chicago, IL",0.014250208651015043,1.4250208651015042
87,Automotive and bicycle parts,United Kingdom,10,"Providence, RI",0.010919178136911347,1.0919178136911347
87,Automotive and bicycle parts,Vietnam,1,"Los Angeles, CA",0.31850155731972507,31.850155731972507
87,Automotive and bicycle parts,Vietnam,2,"Chicago, IL",0.15024740492151362,15.024740492151361
87,Automotive and bicycle parts,Vietnam,3,"San Francisco, CA",0.14736421290991708,14.736421290991707
87,Automotive and bicycle parts,Vietnam,4,"New York City, NY",0.0914450024979417,9.14450024979417
87,Automotive and bicycle parts,Vietnam,5,"Savannah, GA",0.07203658288509879,7.203658288509879
87,Automotive and bicycle parts,Vietnam,6,"Cleveland, OH",0.057634828704928524,5.763482870492853
87,Automotive and bicycle parts,Vietnam,7,"Charleston, SC",0.052828198712375415,5.282819871237542
87,Automotive and bicycle parts,Vietnam,8,"Seattle, WA",0.04572123483329276,4.572123483329276
87,Automotive and bicycle parts,Vietnam,9,"Houston-Galveston, TX",0.039903875141260314,3.9903875141260317
87,Automotive and bicycle parts,Vietnam,10,"Dallas-Fort Worth, TX",0.024317102073946707,2.4317102073946706
94,Furniture and bedding,Cambodia,1,"Los Angeles, CA",0.305023057325173,30.5023057325173
94,Furniture and bedding,Cambodia,2,"New York City, NY",0.15335226712042624,15.335226712042624
94,Furniture and bedding,Cambodia,3,"Savannah, GA",0.149555612428016,14.955561242801599
94,Furniture and bedding,Cambodia,4,"Houston-Galveston, TX",0.08748843138873057,8.748843138873056
94,Furniture and bedding,Cambodia,5,"Norfolk, VA",0.08267481893263288,8.26748189326329
94,Furniture and bedding,Cambodia,6,"Seattle, WA",0.07462981887543814,7.462981887543814
94,Furniture and bedding,Cambodia,7,"Charleston, SC",0.053058435204787105,5.30584352047871
94,Furniture and bedding,Cambodia,8,"Dallas-Fort Worth, TX",0.03882275630455629,3.882275630455629
94,Furniture and bedding,Cambodia,9,"Chicago, IL",0.02906540926686368,2.906540926686368
94,Furniture and bedding,Cambodia,10,"Mobile, AL",0.026329393153376034,2.6329393153376035
94,Furniture and bedding,Canada,1,"Detroit, MI",0.4721256775374572,47.212567753745724
94,Furniture and bedding,Canada,2,"Buffalo, NY",0.20232609640136473,20.232609640136474
94,Furniture and bedding,Canada,3,"Ogdensburg, NY",0.14634950463561772,14.634950463561772
94,Furniture and bedding,Canada,4,"Pembina, ND",0.059653252864636845,5.965325286463685
94,Furniture and bedding,Canada,5,"Seattle, WA",0.05596955458566139,5.596955458566139
94,Furniture and bedding,Canada,6,"St. Albans, VT",0.027041208255691902,2.7041208255691904
94,Furniture and bedding,Canada,7,"Great Falls, MT",0.024691727115549435,2.4691727115549433
94,Furniture and bedding,Canada,8,"New Orleans, LA",0.005333037177487773,0.5333037177487774
94,Furniture and bedding,Canada,9,"Portland, ME",0.0037678996344212945,0.37678996344212945
94,Furniture and bedding,Canada,10,"Cleveland, OH",0.002742041792111697,0.27420417921116974
94,Furniture and bedding,China,1,"Los Angeles, CA",0.40046588020939217,40.04658802093922
94,Furniture and bedding,China,2,"New York City, NY",0.128248220451607,12.8248220451607
94,Furniture and bedding,China,3,"Savannah, GA",0.11901651172918819,11.901651172918818
94,Furniture and bedding,China,4,"Houston-Galveston, TX",0.07012599728017488,7.012599728017488
94,Furniture and bedding,China,5,"Chicago, IL",0.06651801061374903,6.651801061374902
94,Furniture and bedding,China,6,"Seattle, WA",0.05852905145489659,5.852905145489659
94,Furniture and bedding,China,7,"Norfolk, VA",0.0446351756090308,4.46351756090308
94,Furniture and bedding,China,8,"San Francisco, CA",0.043351092808311883,4.335109280831189
94,Furniture and bedding,China,9,"Charleston, SC",0.03589112814749693,3.589112814749693
94,Furniture and bedding,China,10,"Cleveland, OH",0.03321893169615248,3.3218931696152483
94,Furniture and bedding,Czech Republic,1,"Charleston, SC",0.24845135633093826,24.845135633093825
94,Furniture and bedding,Czech Republic,2,"Mobile, AL",0.1970485205556434,19.70485205556434
94,Furniture and bedding,Czech Republic,3,"Miami, FL",0.13924223564211627,13.924223564211626
94,Furniture and bedding,Czech Republic,4,"Savannah, GA",0.10664656293535361,10.664656293535362
94,Furniture and bedding,Czech Republic,5,"Wilmington, NC",0.08030065550083143,8.030065550083144
94,Furniture and bedding,Czech Republic,6,"Los Angeles, CA",0.05718661961871689,5.718661961871689
94,Furniture and bedding,Czech Republic,7,"New York City, NY",0.05301723379259288,5.301723379259288
94,Furniture and bedding,Czech Republic,8,"Cleveland, OH",0.0497146600817302,4.97146600817302
94,Furniture and bedding,Czech Republic,9,"Philadelphia, PA",0.041402440213198693,4.1402440213198695
94,Furniture and bedding,Czech Republic,10,"Chicago, IL",0.026989715328878332,2.698971532887833
94,Furniture and bedding,Estonia,1,"Houston-Galveston, TX",0.20934760356304122,20.93476035630412
94,Furniture and bedding,Estonia,2,"New York City, NY",0.20078363637391278,20.078363637391277
94,Furniture and bedding,Estonia,3,"Chicago, IL",0.1702704746908795,17.02704746908795
94,Furniture and bedding,Estonia,4,"Charleston, SC",0.13550217613984974,13.550217613984975
94,Furniture and bedding,Estonia,5,"Baltimore, MD",0.07941244399541586,7.941244399541586
94,Furniture and bedding,Estonia,6,"Savannah, GA",0.04858572800058234,4.858572800058234
94,Furniture and bedding,Estonia,7,"Norfolk, VA",0.04407891058415715,4.407891058415715
94,Furniture and bedding,Estonia,8,"Philadelphia, PA",0.04123802710939553,4.123802710939553
94,Furniture and bedding,Estonia,9,"Cleveland, OH",0.039821361201449586,3.9821361201449585
94,Furniture and bedding,Estonia,10,"Miami, FL",0.030959638341316216,3.095963834131622
94,Furniture and bedding,Germany,1,"Charleston, SC",0.20761602174012334,20.761602174012335
94,Furniture and bedding,Germany,2,"New York City, NY",0.16199142559664031,16.199142559664033
94,Furniture and bedding,Germany,3,"Chicago, IL",0.11157206871237356,11.157206871237356
94,Furniture and bedding,Germany,4,"Savannah, GA",0.0973377199068695,9.73377199068695
94,Furniture and bedding,Germany,5,"Houston-Galveston, TX",0.09595253005383252,9.59525300538325
94,Furniture and bedding,Germany,6,"Los Angeles, CA",0.08743660842146218,8.743660842146218
94,Furniture and bedding,Germany,7,"Mobile, AL",0.0735965070343119,7.359650703431191
94,Furniture and bedding,Germany,8,"Cleveland, OH",0.06284985426354751,6.284985426354751
94,Furniture and bedding,Germany,9,"Philadelphia, PA",0.054914856598494086,5.491485659849409
94,Furniture and bedding,Germany,10,"New Orleans, LA",0.04673240767234505,4.673240767234505
94,Furniture and bedding,India,1,"New York City, NY",0.31458592990647116,31.458592990647116
94,Furniture and bedding,India,2,"Savannah, GA",0.17783743921354528,17.783743921354528
94,Furniture and bedding,India,3,"Norfolk, VA",0.0940751883582498,9.40751883582498
94,Furniture and bedding,India,4,"Los Angeles, CA",0.09014987887436259,9.01498788743626
94,Furniture and bedding,India,5,"Houston-Galveston, TX",0.06966890389244496,6.9668903892444956
94,Furniture and bedding,India,6,"Charleston, SC",0.06256260377123504,6.256260377123504
94,Furniture and bedding,India,7,"Chicago, IL",0.055551808689588346,5.555180868958835
94,Furniture and bedding,India,8,"New Orleans, LA",0.05472996372878431,5.472996372878431
94,Furniture and bedding,India,9,"Cleveland, OH",0.05177872511992388,5.177872511992388
94,Furniture and bedding,India,10,"San Francisco, CA",0.0290595584453947,2.90595584453947
94,Furniture and bedding,Indonesia,1,"Los Angeles, CA",0.3610302129895465,36.10302129895465
94,Furniture and bedding,Indonesia,2,"New York City, NY",0.14588581032789946,14.588581032789946
94,Furniture and bedding,Indonesia,3,"Savannah, GA",0.10509498171333252,10.509498171333252
94,Furniture and bedding,Indonesia,4,"Norfolk, VA",0.0862798046892205,8.62798046892205
94,Furniture and bedding,Indonesia,5,"Charleston, SC",0.07860804706136258,7.860804706136258
94,Furniture and bedding,Indonesia,6,"Houston-Galveston, TX",0.07680361999155376,7.680361999155376
94,Furniture and bedding,Indonesia,7,"San Francisco, CA",0.05172375341509178,5.172375341509178
94,Furniture and bedding,Indonesia,8,"Cleveland, OH",0.03981902140091312,3.9819021400913117
94,Furniture and bedding,Indonesia,9,"Dallas-Fort Worth, TX",0.027559995559814563,2.7559995559814565
94,Furniture and bedding,Indonesia,10,"Mobile, AL",0.02719475285126519,2.719475285126519
94,Furniture and bedding,Israel,1,"Savannah, GA",0.48216707767046224,48.21670776704622
94,Furniture and bedding,Israel,2,"New York City, NY",0.2857649587688761,28.57649587688761
94,Furniture and bedding,Israel,3,"Los Angeles, CA",0.04939601189953023,4.939601189953023
94,Furniture and bedding,Israel,4,"Minneapolis, MN",0.04493481917200189,4.49348191720019
94,Furniture and bedding,Israel,5,"New Orleans, LA",0.029251077649002904,2.9251077649002903
94,Furniture and bedding,Israel,6,"Chicago, IL",0.02394555006260034,2.3945550062600343
94,Furniture and bedding,Israel,7,"Houston-Galveston, TX",0.023451254589321315,2.3451254589321313
94,Furniture and bedding,Israel,8,"Miami, FL",0.02325693435959208,2.3256934359592076
94,Furniture and bedding,Israel,9,"Cleveland, OH",0.02043423949258899,2.043423949258899
94,Furniture and bedding,Israel,10,"Boston, MA",0.01739807633602394,1.739807633602394
94,Furniture and bedding,Italy,1,"New York City, NY",0.32977370639962617,32.977370639962615
94,Furniture and bedding,Italy,2,"Miami, FL",0.1587961599154443,15.87961599154443
94,Furniture and bedding,Italy,3,"Los Angeles, CA",0.134414354598764,13.4414354598764
94,Furniture and bedding,Italy,4,"Norfolk, VA",0.07986235653091085,7.986235653091085
94,Furniture and bedding,Italy,5,"Houston-Galveston, TX",0.06695404147099884,6.695404147099884
94,Furniture and bedding,Italy,6,"Savannah, GA",0.06325282978033812,6.325282978033813
94,Furniture and bedding,Italy,7,"Cleveland, OH",0.05396617695941608,5.3966176959416075
94,Furniture and bedding,Italy,8,"Chicago, IL",0.047702567530235905,4.770256753023591
94,Furniture and bedding,Italy,9,"Baltimore, MD",0.03948727452837861,3.948727452837861
94,Furniture and bedding,Italy,10,"San Francisco, CA",0.02579053228588709,2.579053228588709
94,Furniture and bedding,Japan,1,"Chicago, IL",0.22114616822246355,22.114616822246354
94,Furniture and bedding,Japan,2,"Los Angeles, CA",0.19076621859125065,19.076621859125066
94,Furniture and bedding,Japan,3,"Cleveland, OH",0.1712296022647955,17.12296022647955
94,Furniture and bedding,Japan,4,"New Orleans, LA",0.12988294234330383,12.988294234330382
94,Furniture and bedding,Japan,5,"Seattle, WA",0.0817748441054406,8.17748441054406
94,Furniture and bedding,Japan,6,"Savannah, GA",0.06962286432585815,6.962286432585815
94,Furniture and bedding,Japan,7,"St. Louis, MO",0.05884397983786895,5.884397983786895
94,Furniture and bedding,Japan,8,"New York City, NY",0.03838685260653139,3.8386852606531385
94,Furniture and bedding,Japan,9,"San Francisco, CA",0.020119471680436513,2.011947168043651
94,Furniture and bedding,Japan,10,"Mobile, AL",0.018227056022050832,1.8227056022050832
94,Furniture and bedding,"Korea, South",1,"Los Angeles, CA",0.3025760874844466,30.25760874844466
94,Furniture and bedding,"Korea, South",2,"Savannah, GA",0.2775341885657591,27.753418856575912
94,Furniture and bedding,"Korea, South",3,"Mobile, AL",0.1492845388116784,14.928453881167842
94,Furniture and bedding,"Korea, South",4,"Chicago, IL",0.09967322058200057,9.967322058200057
94,Furniture and bedding,"Korea, South",5,"New York City, NY",0.06644579386087825,6.644579386087825
94,Furniture and bedding,"Korea, South",6,"Seattle, WA",0.0251012933680265,2.51012933680265
94,Furniture and bedding,"Korea, South",7,"Detroit, MI",0.02394522359557079,2.394522359557079
94,Furniture and bedding,"Korea, South",8,"Houston-Galveston, TX",0.021644150773317793,2.164415077331779
94,Furniture and bedding,"Korea, South",9,"Cleveland, OH",0.019585613360476827,1.9585613360476828
94,Furniture and bedding,"Korea, South",10,"San Francisco, CA",0.014209889597845096,1.4209889597845096
94,Furniture and bedding,Kosovo,1,"New York City, NY",0.32475720488415477,32.475720488415476
94,Furniture and bedding,Kosovo,2,"Savannah, GA",0.26049549212610823,26.049549212610824
94,Furniture and bedding,Kosovo,3,"Houston-Galveston, TX",0.14406648320560636,14.406648320560636
94,Furniture and bedding,Kosovo,4,"Charleston, SC",0.13458118973845262,13.458118973845263
94,Furniture and bedding,Kosovo,5,"Los Angeles, CA",0.06282783616360495,6.282783616360494
94,Furniture and bedding,Kosovo,6,"Norfolk, VA",0.03211926588118127,3.2119265881181267
94,Furniture and bedding,Kosovo,7,"Cleveland, OH",0.01915510351115081,1.9155103511150808
94,Furniture and bedding,Kosovo,8,"Minneapolis, MN",0.009315697888923597,0.9315697888923598
94,Furniture and bedding,Kosovo,9,"Miami, FL",0.008190126147607127,0.8190126147607126
94,Furniture and bedding,Kosovo,10,"Baltimore, MD",0.004491600453210234,0.44916004532102344
94,Furniture and bedding,Laos,1,"New York City, NY",0.31048729399749275,31.048729399749277
94,Furniture and bedding,Laos,2,"Savannah, GA",0.20766938194394538,20.766938194394537
94,Furniture and bedding,Laos,3,"Los Angeles, CA",0.16296466684699842,16.296466684699844
94,Furniture and bedding,Laos,4,"Houston-Galveston, TX",0.1430469507513446,14.304695075134461
94,Furniture and bedding,Laos,5,"Chicago, IL",0.0446198174862536,4.46198174862536
94,Furniture and bedding,Laos,6,"Tampa, FL",0.03373411522317241,3.3734115223172414
94,Furniture and bedding,Laos,7,"Charleston, SC",0.02864046357997517,2.864046357997517
94,Furniture and bedding,Laos,8,"Mobile, AL",0.02574519465285606,2.574519465285606
94,Furniture and bedding,Laos,9,"Baltimore, MD",0.022831711421042213,2.283171142104221
94,Furniture and bedding,Laos,10,"San Francisco, CA",0.02026040409691942,2.0260404096919418
94,Furniture and bedding,Malaysia,1,"Los Angeles, CA",0.3264081626336509,32.64081626336509
94,Furniture and bedding,Malaysia,2,"New York City, NY",0.15405892748304262,15.405892748304261
94,Furniture and bedding,Malaysia,3,"Savannah, GA",0.10603146198027716,10.603146198027716
94,Furniture and bedding,Malaysia,4,"Houston-Galveston, TX",0.10252561101341774,10.252561101341774
94,Furniture and bedding,Malaysia,5,"Chicago, IL",0.09594383108120723,9.594383108120724
94,Furniture and bedding,Malaysia,6,"Norfolk, VA",0.056018215527784666,5.601821552778467
94,Furniture and bedding,Malaysia,7,"Cleveland, OH",0.04455330620683716,4.455330620683716
94,Furniture and bedding,Malaysia,8,"San Francisco, CA",0.04158635225911494,4.158635225911493
94,Furniture and bedding,Malaysia,9,"Charleston, SC",0.03770205295893732,3.770205295893732
94,Furniture and bedding,Malaysia,10,"Seattle, WA",0.03517207885573025,3.517207885573025
94,Furniture and bedding,Mexico,1,"Laredo, TX",0.6674942465446375,66.74942465446375
94,Furniture and bedding,Mexico,2,"El Paso, TX",0.18728605433164625,18.728605433164624
94,Furniture and bedding,Mexico,3,"San Diego, CA",0.11759018627007521,11.75901862700752
94,Furniture and bedding,Mexico,4,"Nogales, AZ",0.019192086802405008,1.9192086802405008
94,Furniture and bedding,Mexico,5,"Tampa, FL",0.005813697567020705,0.5813697567020705
94,Furniture and bedding,Mexico,6,"New Orleans, LA",0.000694420361790771,0.0694420361790771
94,Furniture and bedding,Mexico,7,"Los Angeles, CA",0.0005186798758646304,0.051867987586463035
94,Furniture and bedding,Mexico,8,"Detroit, MI",0.0005146546477204931,0.051465464772049316
94,Furniture and bedding,Mexico,9,"Cleveland, OH",0.00045104458123940296,0.045104458123940296
94,Furniture and bedding,Mexico,10,"Houston-Galveston, TX",0.0004449290175999643,0.04449290175999643
94,Furniture and bedding,Netherlands,1,"New York City, NY",0.22335970898352064,22.335970898352066
94,Furniture and bedding,Netherlands,2,"Chicago, IL",0.16383764618461066,16.383764618461065
94,Furniture and bedding,Netherlands,3,"Norfolk, VA",0.13999116106121204,13.999116106121203
94,Furniture and bedding,Netherlands,4,"Los Angeles, CA",0.10679276406415222,10.679276406415223
94,Furniture and bedding,Netherlands,5,"Savannah, GA",0.0817831142050983,8.17831142050983
94,Furniture and bedding,Netherlands,6,"Wilmington, NC",0.06386856661616414,6.386856661616413
94,Furniture and bedding,Netherlands,7,"Houston-Galveston, TX",0.060720442413438075,6.072044241343807
94,Furniture and bedding,Netherlands,8,"Charleston, SC",0.05503153860239166,5.503153860239166
94,Furniture and bedding,Netherlands,9,"Detroit, MI",0.054340466277166606,5.43404662771666
94,Furniture and bedding,Netherlands,10,"Philadelphia, PA",0.050274591592245725,5.0274591592245725
94,Furniture and bedding,Pakistan,1,"New York City, NY",0.3694441536294252,36.944415362942514
94,Furniture and bedding,Pakistan,2,"Norfolk, VA",0.2349936979376924,23.49936979376924
94,Furniture and bedding,Pakistan,3,"Savannah, GA",0.1691749939989131,16.91749939989131
94,Furniture and bedding,Pakistan,4,"Los Angeles, CA",0.0756537149820563,7.5653714982056295
94,Furniture and bedding,Pakistan,5,"Charleston, SC",0.06371182872677694,6.371182872677695
94,Furniture and bedding,Pakistan,6,"Chicago, IL",0.0261602248732287,2.61602248732287
94,Furniture and bedding,Pakistan,7,"Houston-Galveston, TX",0.023524747938644907,2.3524747938644905
94,Furniture and bedding,Pakistan,8,"San Francisco, CA",0.020517044201078003,2.0517044201078005
94,Furniture and bedding,Pakistan,9,"New Orleans, LA",0.010027969912546023,1.0027969912546022
94,Furniture and bedding,Pakistan,10,"Cleveland, OH",0.006791623799638543,0.6791623799638543
94,Furniture and bedding,Poland,1,"New York City, NY",0.17126018343375282,17.126018343375282
94,Furniture and bedding,Poland,2,"Savannah, GA",0.11431687614045986,11.431687614045986
94,Furniture and bedding,Poland,3,"Houston-Galveston, TX",0.10357514230344232,10.357514230344233
94,Furniture and bedding,Poland,4,"Los Angeles, CA",0.10282152017219422,10.282152017219422
94,Furniture and bedding,Poland,5,"Philadelphia, PA",0.1027510814467836,10.275108144678361
94,Furniture and bedding,Poland,6,"Charleston, SC",0.09865679560868967,9.865679560868967
94,Furniture and bedding,Poland,7,"Chicago, IL",0.08462516372560458,8.462516372560458
94,Furniture and bedding,Poland,8,"Seattle, WA",0.08246136585852648,8.246136585852648
94,Furniture and bedding,Poland,9,"Norfolk, VA",0.08128243021824581,8.12824302182458
94,Furniture and bedding,Poland,10,"Baltimore, MD",0.05824944109230066,5.824944109230066
94,Furniture and bedding,Taiwan,1,"Los Angeles, CA",0.4176482547489501,41.76482547489501
94,Furniture and bedding,Taiwan,2,"New York City, NY",0.12271605425328862,12.271605425328861
94,Furniture and bedding,Taiwan,3,"Chicago, IL",0.10482315438938608,10.482315438938608
94,Furniture and bedding,Taiwan,4,"Savannah, GA",0.0875047618695673,8.75047618695673
94,Furniture and bedding,Taiwan,5,"Cleveland, OH",0.051476736073775654,5.147673607377565
94,Furniture and bedding,Taiwan,6,"San Francisco, CA",0.050254427363950756,5.0254427363950755
94,Furniture and bedding,Taiwan,7,"Houston-Galveston, TX",0.048904964674166614,4.8904964674166616
94,Furniture and bedding,Taiwan,8,"Norfolk, VA",0.04577655157313126,4.577655157313126
94,Furniture and bedding,Taiwan,9,"Dallas-Fort Worth, TX",0.03834007096832817,3.834007096832817
94,Furniture and bedding,Taiwan,10,"Seattle, WA",0.03255502408545532,3.255502408545532
94,Furniture and bedding,Thailand,1,"Los Angeles, CA",0.363796808365681,36.3796808365681
94,Furniture and bedding,Thailand,2,"New York City, NY",0.18090083943074545,18.090083943074546
94,Furniture and bedding,Thailand,3,"Savannah, GA",0.14470422580939724,14.470422580939724
94,Furniture and bedding,Thailand,4,"Seattle, WA",0.06965622517759246,6.965622517759246
94,Furniture and bedding,Thailand,5,"Norfolk, VA",0.056065671879836125,5.606567187983613
94,Furniture and bedding,Thailand,6,"Houston-Galveston, TX",0.04935587819920978,4.935587819920978
94,Furniture and bedding,Thailand,7,"Charleston, SC",0.03927019759919091,3.9270197599190912
94,Furniture and bedding,Thailand,8,"Chicago, IL",0.03598637128533407,3.598637128533407
94,Furniture and bedding,Thailand,9,"Dallas-Fort Worth, TX",0.034413783761687786,3.4413783761687786
94,Furniture and bedding,Thailand,10,"San Francisco, CA",0.025849998491325264,2.5849998491325263
94,Furniture and bedding,United Kingdom,1,"New York City, NY",0.15370658592234182,15.370658592234182
94,Furniture and bedding,United Kingdom,2,"Houston-Galveston, TX",0.14690762037181107,14.690762037181107
94,Furniture and bedding,United Kingdom,3,"Seattle, WA",0.12563115249557996,12.563115249557995
94,Furniture and bedding,United Kingdom,4,"Charleston, SC",0.09602201770933207,9.602201770933206
94,Furniture and bedding,United Kingdom,5,"New Orleans, LA",0.09504345348461941,9.504345348461941
94,Furniture and bedding,United Kingdom,6,"Dallas-Fort Worth, TX",0.09193740796393783,9.193740796393783
94,Furniture and bedding,United Kingdom,7,"Cleveland, OH",0.08523014046563185,8.523014046563185
94,Furniture and bedding,United Kingdom,8,"Philadelphia, PA",0.07247836710530887,7.247836710530888
94,Furniture and bedding,United Kingdom,9,"Savannah, GA",0.06711614925492262,6.711614925492262
94,Furniture and bedding,United Kingdom,10,"Los Angeles, CA",0.06592710522651454,6.592710522651454
94,Furniture and bedding,Vietnam,1,"Los Angeles, CA",0.35473668941881603,35.473668941881606
94,Furniture and bedding,Vietnam,2,"New York City, NY",0.17213952807965407,17.21395280796541
94,Furniture and bedding,Vietnam,3,"Savannah, GA",0.1145501539255735,11.45501539255735
94,Furniture and bedding,Vietnam,4,"Norfolk, VA",0.07447977363953753,7.447977363953753
94,Furniture and bedding,Vietnam,5,"Houston-Galveston, TX",0.06710277763629502,6.710277763629502
94,Furniture and bedding,Vietnam,6,"Charleston, SC",0.04947819573377746,4.947819573377746
94,Furniture and bedding,Vietnam,7,"Seattle, WA",0.04822338963332256,4.822338963332256
94,Furniture and bedding,Vietnam,8,"San Francisco, CA",0.04383286423525638,4.383286423525639
94,Furniture and bedding,Vietnam,9,"Chicago, IL",0.0382190945132682,3.82190945132682
94,Furniture and bedding,Vietnam,10,"Tampa, FL",0.03723753318449926,3.723753318449926
95,"Toys, sporting goods, and miscellaneous manufactured articles",Belgium,1,"Miami, FL",0.25539538959659747,25.539538959659748
95,"Toys, sporting goods, and miscellaneous manufactured articles",Belgium,2,"Chicago, IL",0.18968023951129778,18.96802395112978
95,"Toys, sporting goods, and miscellaneous manufactured articles",Belgium,3,"Minneapolis, MN",0.11660871657527544,11.660871657527544
95,"Toys, sporting goods, and miscellaneous manufactured articles",Belgium,4,"Houston-Galveston, TX",0.08629947108711204,8.629947108711205
95,"Toys, sporting goods, and miscellaneous manufactured articles",Belgium,5,"New York City, NY",0.07719680825458446,7.719680825458446
95,"Toys, sporting goods, and miscellaneous manufactured articles",Belgium,6,"Dallas-Fort Worth, TX",0.07331987871812483,7.3319878718124825
95,"Toys, sporting goods, and miscellaneous manufactured articles",Belgium,7,"Los Angeles, CA",0.06751923216183862,6.7519232161838625
95,"Toys, sporting goods, and miscellaneous manufactured articles",Belgium,8,"Cleveland, OH",0.05634301128470684,5.634301128470684
95,"Toys, sporting goods, and miscellaneous manufactured articles",Belgium,9,"Tampa, FL",0.04026916865003758,4.026916865003758
95,"Toys, sporting goods, and miscellaneous manufactured articles",Belgium,10,"St. Louis, MO",0.03736808416042487,3.736808416042487
95,"Toys, sporting goods, and miscellaneous manufactured articles",Cambodia,1,"Seattle, WA",0.2813360481493401,28.13360481493401
95,"Toys, sporting goods, and miscellaneous manufactured articles",Cambodia,2,"Los Angeles, CA",0.22843803016424657,22.84380301642466
95,"Toys, sporting goods, and miscellaneous manufactured articles",Cambodia,3,"Savannah, GA",0.11274047411608847,11.274047411608846
95,"Toys, sporting goods, and miscellaneous manufactured articles",Cambodia,4,"New York City, NY",0.10910021855253456,10.910021855253456
95,"Toys, sporting goods, and miscellaneous manufactured articles",Cambodia,5,"Houston-Galveston, TX",0.08228656313193772,8.228656313193772
95,"Toys, sporting goods, and miscellaneous manufactured articles",Cambodia,6,"Dallas-Fort Worth, TX",0.054576460597803224,5.4576460597803225
95,"Toys, sporting goods, and miscellaneous manufactured articles",Cambodia,7,"Norfolk, VA",0.04936990351283896,4.936990351283896
95,"Toys, sporting goods, and miscellaneous manufactured articles",Cambodia,8,"New Orleans, LA",0.030068555682849774,3.006855568284977
95,"Toys, sporting goods, and miscellaneous manufactured articles",Cambodia,9,"Charleston, SC",0.028417010139281655,2.8417010139281653
95,"Toys, sporting goods, and miscellaneous manufactured articles",Cambodia,10,"Mobile, AL",0.023666735953078895,2.3666735953078897
95,"Toys, sporting goods, and miscellaneous manufactured articles",Canada,1,"Detroit, MI",0.41478836048623313,41.478836048623315
95,"Toys, sporting goods, and miscellaneous manufactured articles",Canada,2,"Ogdensburg, NY",0.20965695757334904,20.965695757334903
95,"Toys, sporting goods, and miscellaneous manufactured articles",Canada,3,"Buffalo, NY",0.1797026383129145,17.97026383129145
95,"Toys, sporting goods, and miscellaneous manufactured articles",Canada,4,"Seattle, WA",0.08372909474835502,8.372909474835502
95,"Toys, sporting goods, and miscellaneous manufactured articles",Canada,5,"Pembina, ND",0.04162616282186684,4.162616282186684
95,"Toys, sporting goods, and miscellaneous manufactured articles",Canada,6,"Portland, ME",0.017692591333964766,1.7692591333964767
95,"Toys, sporting goods, and miscellaneous manufactured articles",Canada,7,"Cleveland, OH",0.017100204239731125,1.7100204239731125
95,"Toys, sporting goods, and miscellaneous manufactured articles",Canada,8,"St. Albans, VT",0.015169367385304486,1.5169367385304486
95,"Toys, sporting goods, and miscellaneous manufactured articles",Canada,9,"Great Falls, MT",0.013048095718755552,1.3048095718755552
95,"Toys, sporting goods, and miscellaneous manufactured articles",Canada,10,"New Orleans, LA",0.00748652737952567,0.748652737952567
95,"Toys, sporting goods, and miscellaneous manufactured articles",China,1,"Los Angeles, CA",0.42467331096883265,42.467331096883264
95,"Toys, sporting goods, and miscellaneous manufactured articles",China,2,"Chicago, IL",0.1139256469261284,11.39256469261284
95,"Toys, sporting goods, and miscellaneous manufactured articles",China,3,"Savannah, GA",0.09480257909509333,9.480257909509334
95,"Toys, sporting goods, and miscellaneous manufactured articles",China,4,"Seattle, WA",0.09433294723549998,9.433294723549999
95,"Toys, sporting goods, and miscellaneous manufactured articles",China,5,"New York City, NY",0.0827942199504046,8.27942199504046
95,"Toys, sporting goods, and miscellaneous manufactured articles",China,6,"Houston-Galveston, TX",0.05822114269045291,5.822114269045291
95,"Toys, sporting goods, and miscellaneous manufactured articles",China,7,"Norfolk, VA",0.0423863371834422,4.23863371834422
95,"Toys, sporting goods, and miscellaneous manufactured articles",China,8,"Dallas-Fort Worth, TX",0.03148572571995409,3.148572571995409
95,"Toys, sporting goods, and miscellaneous manufactured articles",China,9,"Cleveland, OH",0.028699998227656627,2.8699998227656627
95,"Toys, sporting goods, and miscellaneous manufactured articles",China,10,"Charleston, SC",0.028678092002535217,2.8678092002535216
95,"Toys, sporting goods, and miscellaneous manufactured articles",Costa Rica,1,"Tampa, FL",0.5631393264547356,56.313932645473564
95,"Toys, sporting goods, and miscellaneous manufactured articles",Costa Rica,2,"Miami, FL",0.41209237926258757,41.20923792625876
95,"Toys, sporting goods, and miscellaneous manufactured articles",Costa Rica,3,"St. Louis, MO",0.015562626937471395,1.5562626937471395
95,"Toys, sporting goods, and miscellaneous manufactured articles",Costa Rica,4,"Dallas-Fort Worth, TX",0.0028843997678861606,0.28843997678861605
95,"Toys, sporting goods, and miscellaneous manufactured articles",Costa Rica,5,"New Orleans, LA",0.0021196735757432624,0.21196735757432625
95,"Toys, sporting goods, and miscellaneous manufactured articles",Costa Rica,6,"Cleveland, OH",0.0012997961939155262,0.12997961939155261
95,"Toys, sporting goods, and miscellaneous manufactured articles",Costa Rica,7,"Charleston, SC",0.0009852210754674312,0.09852210754674312
95,"Toys, sporting goods, and miscellaneous manufactured articles",Costa Rica,8,"San Francisco, CA",0.0007379770179695661,0.0737977017969566
95,"Toys, sporting goods, and miscellaneous manufactured articles",Costa Rica,9,"Detroit, MI",0.0007148790896065789,0.07148790896065789
95,"Toys, sporting goods, and miscellaneous manufactured articles",Costa Rica,10,"Buffalo, NY",0.00046372062461685703,0.0463720624616857
95,"Toys, sporting goods, and miscellaneous manufactured articles",Czech Republic,1,"New York City, NY",0.21441322104061772,21.441322104061772
95,"Toys, sporting goods, and miscellaneous manufactured articles",Czech Republic,2,"Houston-Galveston, TX",0.21374658139047784,21.374658139047785
95,"Toys, sporting goods, and miscellaneous manufactured articles",Czech Republic,3,"Dallas-Fort Worth, TX",0.12978029125928403,12.978029125928403
95,"Toys, sporting goods, and miscellaneous manufactured articles",Czech Republic,4,"St. Albans, VT",0.10597446995341814,10.597446995341814
95,"Toys, sporting goods, and miscellaneous manufactured articles",Czech Republic,5,"Cleveland, OH",0.10113149186015959,10.113149186015958
95,"Toys, sporting goods, and miscellaneous manufactured articles",Czech Republic,6,"Chicago, IL",0.05972544318017104,5.972544318017104
95,"Toys, sporting goods, and miscellaneous manufactured articles",Czech Republic,7,"Savannah, GA",0.048908764146392114,4.890876414639211
95,"Toys, sporting goods, and miscellaneous manufactured articles",Czech Republic,8,"Boston, MA",0.04625949206995532,4.625949206995532
95,"Toys, sporting goods, and miscellaneous manufactured articles",Czech Republic,9,"Baltimore, MD",0.04577081534846348,4.577081534846348
95,"Toys, sporting goods, and miscellaneous manufactured articles",Czech Republic,10,"Los Angeles, CA",0.034289429751060765,3.4289429751060765
95,"Toys, sporting goods, and miscellaneous manufactured articles",Estonia,1,"Minneapolis, MN",0.6815599686068787,68.15599686068788
95,"Toys, sporting goods, and miscellaneous manufactured articles",Estonia,2,"Chicago, IL",0.15265889283370296,15.265889283370296
95,"Toys, sporting goods, and miscellaneous manufactured articles",Estonia,3,"Houston-Galveston, TX",0.0454635538146562,4.54635538146562
95,"Toys, sporting goods, and miscellaneous manufactured articles",Estonia,4,"New York City, NY",0.031364613527920346,3.1364613527920344
95,"Toys, sporting goods, and miscellaneous manufactured articles",Estonia,5,"Cleveland, OH",0.029982687801602417,2.9982687801602417
95,"Toys, sporting goods, and miscellaneous manufactured articles",Estonia,6,"Los Angeles, CA",0.014694558217526982,1.4694558217526983
95,"Toys, sporting goods, and miscellaneous manufactured articles",Estonia,7,"Philadelphia, PA",0.014060319319721293,1.4060319319721293
95,"Toys, sporting goods, and miscellaneous manufactured articles",Estonia,8,"New Orleans, LA",0.012994462966354137,1.2994462966354137
95,"Toys, sporting goods, and miscellaneous manufactured articles",Estonia,9,"Savannah, GA",0.009479111149531672,0.9479111149531672
95,"Toys, sporting goods, and miscellaneous manufactured articles",Estonia,10,"Baltimore, MD",0.007741831762105378,0.7741831762105378
95,"Toys, sporting goods, and miscellaneous manufactured articles",France,1,"Great Falls, MT",0.33487567598707874,33.48756759870788
95,"Toys, sporting goods, and miscellaneous manufactured articles",France,2,"New York City, NY",0.1627093768214114,16.27093768214114
95,"Toys, sporting goods, and miscellaneous manufactured articles",France,3,"Los Angeles, CA",0.09451708879269849,9.451708879269848
95,"Toys, sporting goods, and miscellaneous manufactured articles",France,4,"Cleveland, OH",0.07682990048932237,7.682990048932236
95,"Toys, sporting goods, and miscellaneous manufactured articles",France,5,"Norfolk, VA",0.070615311074435,7.0615311074435
95,"Toys, sporting goods, and miscellaneous manufactured articles",France,6,"Houston-Galveston, TX",0.06050161864864483,6.050161864864483
95,"Toys, sporting goods, and miscellaneous manufactured articles",France,7,"Chicago, IL",0.054444212751038536,5.444421275103854
95,"Toys, sporting goods, and miscellaneous manufactured articles",France,8,"New Orleans, LA",0.053005697408266494,5.300569740826649
95,"Toys, sporting goods, and miscellaneous manufactured articles",France,9,"Savannah, GA",0.04932888534208622,4.932888534208622
95,"Toys, sporting goods, and miscellaneous manufactured articles",France,10,"Miami, FL",0.04317223268501794,4.317223268501794
95,"Toys, sporting goods, and miscellaneous manufactured articles",Germany,1,"Los Angeles, CA",0.19914858748217334,19.914858748217334
95,"Toys, sporting goods, and miscellaneous manufactured articles",Germany,2,"New York City, NY",0.1862610240863039,18.62610240863039
95,"Toys, sporting goods, and miscellaneous manufactured articles",Germany,3,"Savannah, GA",0.11181825770116967,11.181825770116967
95,"Toys, sporting goods, and miscellaneous manufactured articles",Germany,4,"Charleston, SC",0.10814575995274647,10.814575995274648
95,"Toys, sporting goods, and miscellaneous manufactured articles",Germany,5,"Cleveland, OH",0.10108656785453683,10.108656785453682
95,"Toys, sporting goods, and miscellaneous manufactured articles",Germany,6,"Chicago, IL",0.08206169788636808,8.206169788636808
95,"Toys, sporting goods, and miscellaneous manufactured articles",Germany,7,"Houston-Galveston, TX",0.07083218013745186,7.083218013745187
95,"Toys, sporting goods, and miscellaneous manufactured articles",Germany,8,"Miami, FL",0.05680428566619414,5.680428566619414
95,"Toys, sporting goods, and miscellaneous manufactured articles",Germany,9,"St. Albans, VT",0.05210704448532569,5.210704448532569
95,"Toys, sporting goods, and miscellaneous manufactured articles",Germany,10,"Minneapolis, MN",0.03173459474773012,3.173459474773012
95,"Toys, sporting goods, and miscellaneous manufactured articles",India,1,"Savannah, GA",0.2010463438801067,20.10463438801067
95,"Toys, sporting goods, and miscellaneous manufactured articles",India,2,"New York City, NY",0.19960425513139285,19.960425513139285
95,"Toys, sporting goods, and miscellaneous manufactured articles",India,3,"Norfolk, VA",0.17240930071201124,17.240930071201124
95,"Toys, sporting goods, and miscellaneous manufactured articles",India,4,"Los Angeles, CA",0.11548358077553489,11.54835807755349
95,"Toys, sporting goods, and miscellaneous manufactured articles",India,5,"Houston-Galveston, TX",0.0794123050372372,7.9412305037237205
95,"Toys, sporting goods, and miscellaneous manufactured articles",India,6,"Cleveland, OH",0.07811717220654388,7.811717220654388
95,"Toys, sporting goods, and miscellaneous manufactured articles",India,7,"Charleston, SC",0.05620690781289851,5.620690781289851
95,"Toys, sporting goods, and miscellaneous manufactured articles",India,8,"Chicago, IL",0.05299445726197453,5.299445726197453
95,"Toys, sporting goods, and miscellaneous manufactured articles",India,9,"New Orleans, LA",0.027901794356591417,2.790179435659142
95,"Toys, sporting goods, and miscellaneous manufactured articles",India,10,"St. Louis, MO",0.01682388282570882,1.6823882825708818
95,"Toys, sporting goods, and miscellaneous manufactured articles",Indonesia,1,"Los Angeles, CA",0.4107190091457442,41.07190091457442
95,"Toys, sporting goods, and miscellaneous manufactured articles",Indonesia,2,"Seattle, WA",0.1305497746886115,13.05497746886115
95,"Toys, sporting goods, and miscellaneous manufactured articles",Indonesia,3,"New York City, NY",0.12310809417853841,12.310809417853841
95,"Toys, sporting goods, and miscellaneous manufactured articles",Indonesia,4,"Chicago, IL",0.08470607919405454,8.470607919405454
95,"Toys, sporting goods, and miscellaneous manufactured articles",Indonesia,5,"Savannah, GA",0.0669986967079951,6.699869670799511
95,"Toys, sporting goods, and miscellaneous manufactured articles",Indonesia,6,"Charleston, SC",0.05773218968677968,5.773218968677968
95,"Toys, sporting goods, and miscellaneous manufactured articles",Indonesia,7,"Houston-Galveston, TX",0.046896551175831185,4.6896551175831185
95,"Toys, sporting goods, and miscellaneous manufactured articles",Indonesia,8,"Norfolk, VA",0.03597847229136886,3.5978472291368857
95,"Toys, sporting goods, and miscellaneous manufactured articles",Indonesia,9,"Dallas-Fort Worth, TX",0.023391916055142212,2.3391916055142215
95,"Toys, sporting goods, and miscellaneous manufactured articles",Indonesia,10,"Baltimore, MD",0.019919216875934346,1.9919216875934347
95,"Toys, sporting goods, and miscellaneous manufactured articles",Italy,1,"New York City, NY",0.23225992960481268,23.225992960481268
95,"Toys, sporting goods, and miscellaneous manufactured articles",Italy,2,"Chicago, IL",0.12443141406809567,12.443141406809568
95,"Toys, sporting goods, and miscellaneous manufactured articles",Italy,3,"Baltimore, MD",0.11268315156395063,11.268315156395063
95,"Toys, sporting goods, and miscellaneous manufactured articles",Italy,4,"Los Angeles, CA",0.10688005386354041,10.68800538635404
95,"Toys, sporting goods, and miscellaneous manufactured articles",Italy,5,"Savannah, GA",0.10570083681168002,10.570083681168002
95,"Toys, sporting goods, and miscellaneous manufactured articles",Italy,6,"Miami, FL",0.08461053721190938,8.461053721190938
95,"Toys, sporting goods, and miscellaneous manufactured articles",Italy,7,"Cleveland, OH",0.0773363722855896,7.733637228558959
95,"Toys, sporting goods, and miscellaneous manufactured articles",Italy,8,"Houston-Galveston, TX",0.06994870031989583,6.994870031989583
95,"Toys, sporting goods, and miscellaneous manufactured articles",Italy,9,"Great Falls, MT",0.04542689347282544,4.542689347282544
95,"Toys, sporting goods, and miscellaneous manufactured articles",Italy,10,"New Orleans, LA",0.04072211079770037,4.072211079770037
95,"Toys, sporting goods, and miscellaneous manufactured articles",Japan,1,"Los Angeles, CA",0.3747650714287586,37.47650714287586
95,"Toys, sporting goods, and miscellaneous manufactured articles",Japan,2,"Chicago, IL",0.16662426032382793,16.662426032382793
95,"Toys, sporting goods, and miscellaneous manufactured articles",Japan,3,"Cleveland, OH",0.09801080926768023,9.801080926768023
95,"Toys, sporting goods, and miscellaneous manufactured articles",Japan,4,"New Orleans, LA",0.07334831851721037,7.334831851721037
95,"Toys, sporting goods, and miscellaneous manufactured articles",Japan,5,"San Francisco, CA",0.07296241966008635,7.296241966008635
95,"Toys, sporting goods, and miscellaneous manufactured articles",Japan,6,"Savannah, GA",0.07154483893024928,7.154483893024928
95,"Toys, sporting goods, and miscellaneous manufactured articles",Japan,7,"Dallas-Fort Worth, TX",0.05931193157139891,5.931193157139891
95,"Toys, sporting goods, and miscellaneous manufactured articles",Japan,8,"Miami, FL",0.037045550973042365,3.7045550973042367
95,"Toys, sporting goods, and miscellaneous manufactured articles",Japan,9,"Seattle, WA",0.025648666818647532,2.5648666818647534
95,"Toys, sporting goods, and miscellaneous manufactured articles",Japan,10,"New York City, NY",0.020738132509098468,2.0738132509098466
95,"Toys, sporting goods, and miscellaneous manufactured articles","Korea, South",1,"Los Angeles, CA",0.6696031171452819,66.96031171452819
95,"Toys, sporting goods, and miscellaneous manufactured articles","Korea, South",2,"St. Louis, MO",0.056138476921523996,5.613847692152399
95,"Toys, sporting goods, and miscellaneous manufactured articles","Korea, South",3,"Chicago, IL",0.04637691049699639,4.637691049699639
95,"Toys, sporting goods, and miscellaneous manufactured articles","Korea, South",4,"New York City, NY",0.039618997824419196,3.9618997824419195
95,"Toys, sporting goods, and miscellaneous manufactured articles","Korea, South",5,"Dallas-Fort Worth, TX",0.03758189545532471,3.7581895455324714
95,"Toys, sporting goods, and miscellaneous manufactured articles","Korea, South",6,"Cleveland, OH",0.03713950614377772,3.7139506143777723
95,"Toys, sporting goods, and miscellaneous manufactured articles","Korea, South",7,"San Francisco, CA",0.035366143348002796,3.5366143348002796
95,"Toys, sporting goods, and miscellaneous manufactured articles","Korea, South",8,"Houston-Galveston, TX",0.03166169831160842,3.1661698311608424
95,"Toys, sporting goods, and miscellaneous manufactured articles","Korea, South",9,"Seattle, WA",0.03130064742226873,3.130064742226873
95,"Toys, sporting goods, and miscellaneous manufactured articles","Korea, South",10,"Minneapolis, MN",0.015212606930796107,1.5212606930796106
95,"Toys, sporting goods, and miscellaneous manufactured articles",Malaysia,1,"Chicago, IL",0.4046114010745871,40.46114010745871
95,"Toys, sporting goods, and miscellaneous manufactured articles",Malaysia,2,"Los Angeles, CA",0.2548774403202156,25.48774403202156
95,"Toys, sporting goods, and miscellaneous manufactured articles",Malaysia,3,"Charleston, SC",0.09781355193075218,9.781355193075218
95,"Toys, sporting goods, and miscellaneous manufactured articles",Malaysia,4,"New York City, NY",0.09690916571252757,9.690916571252757
95,"Toys, sporting goods, and miscellaneous manufactured articles",Malaysia,5,"Cleveland, OH",0.04280144448163457,4.2801444481634565
95,"Toys, sporting goods, and miscellaneous manufactured articles",Malaysia,6,"Seattle, WA",0.03687450075938641,3.6874500759386413
95,"Toys, sporting goods, and miscellaneous manufactured articles",Malaysia,7,"Savannah, GA",0.02806805375521138,2.806805375521138
95,"Toys, sporting goods, and miscellaneous manufactured articles",Malaysia,8,"San Francisco, CA",0.01694983096290278,1.694983096290278
95,"Toys, sporting goods, and miscellaneous manufactured articles",Malaysia,9,"Houston-Galveston, TX",0.01120156577286037,1.120156577286037
95,"Toys, sporting goods, and miscellaneous manufactured articles",Malaysia,10,"New Orleans, LA",0.009893045229921977,0.9893045229921977
95,"Toys, sporting goods, and miscellaneous manufactured articles",Mexico,1,"Dallas-Fort Worth, TX",0.4593244591975248,45.93244591975248
95,"Toys, sporting goods, and miscellaneous manufactured articles",Mexico,2,"Laredo, TX",0.31819316072926973,31.819316072926974
95,"Toys, sporting goods, and miscellaneous manufactured articles",Mexico,3,"San Diego, CA",0.1460267855409487,14.602678554094869
95,"Toys, sporting goods, and miscellaneous manufactured articles",Mexico,4,"El Paso, TX",0.05378201255255232,5.378201255255232
95,"Toys, sporting goods, and miscellaneous manufactured articles",Mexico,5,"Nogales, AZ",0.014117627978122672,1.411762797812267
95,"Toys, sporting goods, and miscellaneous manufactured articles",Mexico,6,"Norfolk, VA",0.0031468343764552487,0.31468343764552487
95,"Toys, sporting goods, and miscellaneous manufactured articles",Mexico,7,"Great Falls, MT",0.0015323457802377649,0.1532345780237765
95,"Toys, sporting goods, and miscellaneous manufactured articles",Mexico,8,"Detroit, MI",0.0014187278695975917,0.14187278695975916
95,"Toys, sporting goods, and miscellaneous manufactured articles",Mexico,9,"Los Angeles, CA",0.001393374010859303,0.1393374010859303
95,"Toys, sporting goods, and miscellaneous manufactured articles",Mexico,10,"Cleveland, OH",0.001064671964431928,0.1064671964431928
95,"Toys, sporting goods, and miscellaneous manufactured articles",Netherlands,1,"St. Louis, MO",0.1724951920212423,17.24951920212423
95,"Toys, sporting goods, and miscellaneous manufactured articles",Netherlands,2,"Cleveland, OH",0.1546365861373949,15.46365861373949
95,"Toys, sporting goods, and miscellaneous manufactured articles",Netherlands,3,"New York City, NY",0.14021957654601327,14.021957654601328
95,"Toys, sporting goods, and miscellaneous manufactured articles",Netherlands,4,"Miami, FL",0.10947935580654802,10.947935580654802
95,"Toys, sporting goods, and miscellaneous manufactured articles",Netherlands,5,"Savannah, GA",0.09955957540519007,9.955957540519007
95,"Toys, sporting goods, and miscellaneous manufactured articles",Netherlands,6,"Tampa, FL",0.08151696255566991,8.151696255566991
95,"Toys, sporting goods, and miscellaneous manufactured articles",Netherlands,7,"Los Angeles, CA",0.06711206499207105,6.711206499207105
95,"Toys, sporting goods, and miscellaneous manufactured articles",Netherlands,8,"Chicago, IL",0.06199366096428207,6.199366096428207
95,"Toys, sporting goods, and miscellaneous manufactured articles",Netherlands,9,"Houston-Galveston, TX",0.058889472968034685,5.888947296803469
95,"Toys, sporting goods, and miscellaneous manufactured articles",Netherlands,10,"Charleston, SC",0.05409755260355366,5.409755260355366
95,"Toys, sporting goods, and miscellaneous manufactured articles",Philippines,1,"Los Angeles, CA",0.5532456975005102,55.324569750051026
95,"Toys, sporting goods, and miscellaneous manufactured articles",Philippines,2,"Cleveland, OH",0.09919477027854835,9.919477027854835
95,"Toys, sporting goods, and miscellaneous manufactured articles",Philippines,3,"Chicago, IL",0.06507335085311802,6.507335085311802
95,"Toys, sporting goods, and miscellaneous manufactured articles",Philippines,4,"Miami, FL",0.06492421630485168,6.492421630485168
95,"Toys, sporting goods, and miscellaneous manufactured articles",Philippines,5,"New York City, NY",0.050522354457558954,5.052235445755896
95,"Toys, sporting goods, and miscellaneous manufactured articles",Philippines,6,"Seattle, WA",0.048810656188077124,4.881065618807712
95,"Toys, sporting goods, and miscellaneous manufactured articles",Philippines,7,"Charleston, SC",0.037012042857053104,3.7012042857053102
95,"Toys, sporting goods, and miscellaneous manufactured articles",Philippines,8,"Minneapolis, MN",0.03341133762493889,3.341133762493889
95,"Toys, sporting goods, and miscellaneous manufactured articles",Philippines,9,"Great Falls, MT",0.03242887513544092,3.2428875135440918
95,"Toys, sporting goods, and miscellaneous manufactured articles",Philippines,10,"Savannah, GA",0.015376698799902805,1.5376698799902804
95,"Toys, sporting goods, and miscellaneous manufactured articles",Poland,1,"New York City, NY",0.31360187956739566,31.360187956739566
95,"Toys, sporting goods, and miscellaneous manufactured articles",Poland,2,"Chicago, IL",0.16218380906767726,16.218380906767727
95,"Toys, sporting goods, and miscellaneous manufactured articles",Poland,3,"Charleston, SC",0.14403352554168217,14.403352554168217
95,"Toys, sporting goods, and miscellaneous manufactured articles",Poland,4,"Cleveland, OH",0.07825326222411581,7.825326222411581
95,"Toys, sporting goods, and miscellaneous manufactured articles",Poland,5,"New Orleans, LA",0.06080516380331051,6.080516380331051
95,"Toys, sporting goods, and miscellaneous manufactured articles",Poland,6,"Miami, FL",0.055300917464613575,5.530091746461357
95,"Toys, sporting goods, and miscellaneous manufactured articles",Poland,7,"Savannah, GA",0.052230256346990696,5.22302563469907
95,"Toys, sporting goods, and miscellaneous manufactured articles",Poland,8,"Philadelphia, PA",0.046547082859966005,4.6547082859966
95,"Toys, sporting goods, and miscellaneous manufactured articles",Poland,9,"Minneapolis, MN",0.04508346517008448,4.508346517008448
95,"Toys, sporting goods, and miscellaneous manufactured articles",Poland,10,"Houston-Galveston, TX",0.041960637954163875,4.1960637954163875
95,"Toys, sporting goods, and miscellaneous manufactured articles",Slovakia,1,"Baltimore, MD",0.2245033533330815,22.45033533330815
95,"Toys, sporting goods, and miscellaneous manufactured articles",Slovakia,2,"New York City, NY",0.1788366092304342,17.883660923043422
95,"Toys, sporting goods, and miscellaneous manufactured articles",Slovakia,3,"Savannah, GA",0.14783346814175602,14.783346814175601
95,"Toys, sporting goods, and miscellaneous manufactured articles",Slovakia,4,"Los Angeles, CA",0.1422316807526713,14.22316807526713
95,"Toys, sporting goods, and miscellaneous manufactured articles",Slovakia,5,"Dallas-Fort Worth, TX",0.10032065272821054,10.032065272821054
95,"Toys, sporting goods, and miscellaneous manufactured articles",Slovakia,6,"Chicago, IL",0.05304980257075496,5.304980257075496
95,"Toys, sporting goods, and miscellaneous manufactured articles",Slovakia,7,"Cleveland, OH",0.04578204618383721,4.578204618383721
95,"Toys, sporting goods, and miscellaneous manufactured articles",Slovakia,8,"Miami, FL",0.03846738294065296,3.846738294065296
95,"Toys, sporting goods, and miscellaneous manufactured articles",Slovakia,9,"Houston-Galveston, TX",0.03652844193508666,3.6528441935086664
95,"Toys, sporting goods, and miscellaneous manufactured articles",Slovakia,10,"Ogdensburg, NY",0.03244656218351457,3.244656218351457
95,"Toys, sporting goods, and miscellaneous manufactured articles",Slovenia,1,"Los Angeles, CA",0.5192760356303043,51.92760356303043
95,"Toys, sporting goods, and miscellaneous manufactured articles",Slovenia,2,"New York City, NY",0.27189999066409803,27.189999066409804
95,"Toys, sporting goods, and miscellaneous manufactured articles",Slovenia,3,"San Francisco, CA",0.035972901169273326,3.597290116927333
95,"Toys, sporting goods, and miscellaneous manufactured articles",Slovenia,4,"Great Falls, MT",0.030183538856440515,3.0183538856440517
95,"Toys, sporting goods, and miscellaneous manufactured articles",Slovenia,5,"Chicago, IL",0.02958633842589641,2.958633842589641
95,"Toys, sporting goods, and miscellaneous manufactured articles",Slovenia,6,"Cleveland, OH",0.02891167810511841,2.891167810511841
95,"Toys, sporting goods, and miscellaneous manufactured articles",Slovenia,7,"Houston-Galveston, TX",0.027468239105521385,2.7468239105521386
95,"Toys, sporting goods, and miscellaneous manufactured articles",Slovenia,8,"Columbia-Snake, OR",0.01992657753548772,1.9926577535487722
95,"Toys, sporting goods, and miscellaneous manufactured articles",Slovenia,9,"Savannah, GA",0.018798041807409682,1.8798041807409682
95,"Toys, sporting goods, and miscellaneous manufactured articles",Slovenia,10,"Dallas-Fort Worth, TX",0.017976658700450288,1.7976658700450288
95,"Toys, sporting goods, and miscellaneous manufactured articles",Sri Lanka,1,"St. Louis, MO",0.5955618297514533,59.55618297514533
95,"Toys, sporting goods, and miscellaneous manufactured articles",Sri Lanka,2,"New York City, NY",0.11690447953892213,11.690447953892214
95,"Toys, sporting goods, and miscellaneous manufactured articles",Sri Lanka,3,"Seattle, WA",0.07416330453110725,7.416330453110725
95,"Toys, sporting goods, and miscellaneous manufactured articles",Sri Lanka,4,"Cleveland, OH",0.06904789371721193,6.904789371721193
95,"Toys, sporting goods, and miscellaneous manufactured articles",Sri Lanka,5,"San Francisco, CA",0.05920053953931524,5.920053953931524
95,"Toys, sporting goods, and miscellaneous manufactured articles",Sri Lanka,6,"Boston, MA",0.022678190692213714,2.2678190692213716
95,"Toys, sporting goods, and miscellaneous manufactured articles",Sri Lanka,7,"Savannah, GA",0.017408588258998138,1.7408588258998139
95,"Toys, sporting goods, and miscellaneous manufactured articles",Sri Lanka,8,"Dallas-Fort Worth, TX",0.01730107545435672,1.7301075454356722
95,"Toys, sporting goods, and miscellaneous manufactured articles",Sri Lanka,9,"Los Angeles, CA",0.01451364512177906,1.451364512177906
95,"Toys, sporting goods, and miscellaneous manufactured articles",Sri Lanka,10,"Baltimore, MD",0.013220453394642395,1.3220453394642395
95,"Toys, sporting goods, and miscellaneous manufactured articles",Switzerland,1,"New York City, NY",0.179064028122962,17.9064028122962
95,"Toys, sporting goods, and miscellaneous manufactured articles",Switzerland,2,"Ogdensburg, NY",0.17484909790453834,17.484909790453834
95,"Toys, sporting goods, and miscellaneous manufactured articles",Switzerland,3,"Houston-Galveston, TX",0.11670665134855589,11.67066513485559
95,"Toys, sporting goods, and miscellaneous manufactured articles",Switzerland,4,"Los Angeles, CA",0.11455888757960335,11.455888757960334
95,"Toys, sporting goods, and miscellaneous manufactured articles",Switzerland,5,"Chicago, IL",0.08237398766974989,8.237398766974989
95,"Toys, sporting goods, and miscellaneous manufactured articles",Switzerland,6,"Buffalo, NY",0.07363791990068164,7.363791990068163
95,"Toys, sporting goods, and miscellaneous manufactured articles",Switzerland,7,"Miami, FL",0.07296233012946854,7.296233012946854
95,"Toys, sporting goods, and miscellaneous manufactured articles",Switzerland,8,"Washington, DC",0.06721446887427905,6.721446887427905
95,"Toys, sporting goods, and miscellaneous manufactured articles",Switzerland,9,"Savannah, GA",0.06377438011970026,6.377438011970026
95,"Toys, sporting goods, and miscellaneous manufactured articles",Switzerland,10,"Tampa, FL",0.05485824835046103,5.4858248350461025
95,"Toys, sporting goods, and miscellaneous manufactured articles",Taiwan,1,"Los Angeles, CA",0.4271263229439869,42.71263229439869
95,"Toys, sporting goods, and miscellaneous manufactured articles",Taiwan,2,"Dallas-Fort Worth, TX",0.13134543027799797,13.134543027799797
95,"Toys, sporting goods, and miscellaneous manufactured articles",Taiwan,3,"New York City, NY",0.11016545024760359,11.016545024760358
95,"Toys, sporting goods, and miscellaneous manufactured articles",Taiwan,4,"Chicago, IL",0.10539187223983186,10.539187223983186
95,"Toys, sporting goods, and miscellaneous manufactured articles",Taiwan,5,"Savannah, GA",0.04406978466354182,4.406978466354182
95,"Toys, sporting goods, and miscellaneous manufactured articles",Taiwan,6,"Seattle, WA",0.04104471951011191,4.104471951011191
95,"Toys, sporting goods, and miscellaneous manufactured articles",Taiwan,7,"Cleveland, OH",0.04013365233953769,4.013365233953769
95,"Toys, sporting goods, and miscellaneous manufactured articles",Taiwan,8,"St. Louis, MO",0.03525480259568562,3.525480259568562
95,"Toys, sporting goods, and miscellaneous manufactured articles",Taiwan,9,"San Francisco, CA",0.034908407988189685,3.4908407988189687
95,"Toys, sporting goods, and miscellaneous manufactured articles",Taiwan,10,"Houston-Galveston, TX",0.030559557193512964,3.0559557193512963
95,"Toys, sporting goods, and miscellaneous manufactured articles",Thailand,1,"Los Angeles, CA",0.4456254501030375,44.56254501030375
95,"Toys, sporting goods, and miscellaneous manufactured articles",Thailand,2,"New York City, NY",0.11908772620875714,11.908772620875714
95,"Toys, sporting goods, and miscellaneous manufactured articles",Thailand,3,"Boston, MA",0.0984118947366441,9.84118947366441
95,"Toys, sporting goods, and miscellaneous manufactured articles",Thailand,4,"Savannah, GA",0.07930312822110114,7.930312822110114
95,"Toys, sporting goods, and miscellaneous manufactured articles",Thailand,5,"Chicago, IL",0.07104736696341053,7.104736696341053
95,"Toys, sporting goods, and miscellaneous manufactured articles",Thailand,6,"Dallas-Fort Worth, TX",0.05382440022851401,5.382440022851401
95,"Toys, sporting goods, and miscellaneous manufactured articles",Thailand,7,"Cleveland, OH",0.03773036459423441,3.773036459423441
95,"Toys, sporting goods, and miscellaneous manufactured articles",Thailand,8,"St. Louis, MO",0.03401118216924066,3.4011182169240657
95,"Toys, sporting goods, and miscellaneous manufactured articles",Thailand,9,"Seattle, WA",0.03383551606920216,3.383551606920216
95,"Toys, sporting goods, and miscellaneous manufactured articles",Thailand,10,"San Francisco, CA",0.027122970705858233,2.7122970705858234
95,"Toys, sporting goods, and miscellaneous manufactured articles",United Kingdom,1,"New Orleans, LA",0.6131793161750618,61.31793161750618
95,"Toys, sporting goods, and miscellaneous manufactured articles",United Kingdom,2,"Cleveland, OH",0.09105327786566174,9.105327786566173
95,"Toys, sporting goods, and miscellaneous manufactured articles",United Kingdom,3,"New York City, NY",0.08323817315176985,8.323817315176985
95,"Toys, sporting goods, and miscellaneous manufactured articles",United Kingdom,4,"Chicago, IL",0.05377291467370654,5.377291467370654
95,"Toys, sporting goods, and miscellaneous manufactured articles",United Kingdom,5,"Los Angeles, CA",0.04270644881470696,4.270644881470696
95,"Toys, sporting goods, and miscellaneous manufactured articles",United Kingdom,6,"St. Louis, MO",0.027014360713761815,2.7014360713761816
95,"Toys, sporting goods, and miscellaneous manufactured articles",United Kingdom,7,"Philadelphia, PA",0.026205610714280098,2.6205610714280096
95,"Toys, sporting goods, and miscellaneous manufactured articles",United Kingdom,8,"Savannah, GA",0.023254171358082144,2.3254171358082143
95,"Toys, sporting goods, and miscellaneous manufactured articles",United Kingdom,9,"Houston-Galveston, TX",0.020362650065143383,2.036265006514338
95,"Toys, sporting goods, and miscellaneous manufactured articles",United Kingdom,10,"Tampa, FL",0.019213076467825566,1.9213076467825565
95,"Toys, sporting goods, and miscellaneous manufactured articles",Vietnam,1,"Los Angeles, CA",0.36964819709914565,36.964819709914565
95,"Toys, sporting goods, and miscellaneous manufactured articles",Vietnam,2,"Seattle, WA",0.3067767633794266,30.67767633794266
95,"Toys, sporting goods, and miscellaneous manufactured articles",Vietnam,3,"Chicago, IL",0.07953572070533245,7.953572070533245
95,"Toys, sporting goods, and miscellaneous manufactured articles",Vietnam,4,"Savannah, GA",0.06888729786603452,6.888729786603452
95,"Toys, sporting goods, and miscellaneous manufactured articles",Vietnam,5,"New York City, NY",0.04083538540658309,4.083538540658309
95,"Toys, sporting goods, and miscellaneous manufactured articles",Vietnam,6,"Dallas-Fort Worth, TX",0.0398898227808152,3.98898227808152
95,"Toys, sporting goods, and miscellaneous manufactured articles",Vietnam,7,"Houston-Galveston, TX",0.02781597461799685,2.781597461799685
95,"Toys, sporting goods, and miscellaneous manufactured articles",Vietnam,8,"Cleveland, OH",0.026610128696095282,2.6610128696095283
95,"Toys, sporting goods, and miscellaneous manufactured articles",Vietnam,9,"Norfolk, VA",0.022440572577497063,2.244057257749706
95,"Toys, sporting goods, and miscellaneous manufactured articles",Vietnam,10,"New Orleans, LA",0.017560136871073297,1.7560136871073297
96,"Toys, sporting goods, and miscellaneous manufactured articles",Australia,1,"Cleveland, OH",0.2291961354526953,22.91961354526953
96,"Toys, sporting goods, and miscellaneous manufactured articles",Australia,2,"Los Angeles, CA",0.22254605200742703,22.254605200742702
96,"Toys, sporting goods, and miscellaneous manufactured articles",Australia,3,"Savannah, GA",0.18806320675366614,18.806320675366614
96,"Toys, sporting goods, and miscellaneous manufactured articles",Australia,4,"Norfolk, VA",0.11675359350040324,11.675359350040324
96,"Toys, sporting goods, and miscellaneous manufactured articles",Australia,5,"Great Falls, MT",0.09422660793961782,9.422660793961782
96,"Toys, sporting goods, and miscellaneous manufactured articles",Australia,6,"Chicago, IL",0.05292318633887291,5.292318633887291
96,"Toys, sporting goods, and miscellaneous manufactured articles",Australia,7,"New York City, NY",0.04883890031911006,4.883890031911006
96,"Toys, sporting goods, and miscellaneous manufactured articles",Australia,8,"New Orleans, LA",0.022404904960409,2.2404904960409
96,"Toys, sporting goods, and miscellaneous manufactured articles",Australia,9,"Boston, MA",0.012631752479153581,1.2631752479153582
96,"Toys, sporting goods, and miscellaneous manufactured articles",Australia,10,"Seattle, WA",0.012415660248644952,1.2415660248644953
96,"Toys, sporting goods, and miscellaneous manufactured articles",Austria,1,"New York City, NY",0.4105657618637948,41.05657618637948
96,"Toys, sporting goods, and miscellaneous manufactured articles",Austria,2,"Los Angeles, CA",0.3522241390154509,35.22241390154509
96,"Toys, sporting goods, and miscellaneous manufactured articles",Austria,3,"Chicago, IL",0.09348739766852092,9.348739766852091
96,"Toys, sporting goods, and miscellaneous manufactured articles",Austria,4,"Cleveland, OH",0.07980491831602889,7.9804918316028886
96,"Toys, sporting goods, and miscellaneous manufactured articles",Austria,5,"Baltimore, MD",0.03148795364039192,3.148795364039192
96,"Toys, sporting goods, and miscellaneous manufactured articles",Austria,6,"Savannah, GA",0.012089870825307405,1.2089870825307405
96,"Toys, sporting goods, and miscellaneous manufactured articles",Austria,7,"Norfolk, VA",0.008714284577535715,0.8714284577535715
96,"Toys, sporting goods, and miscellaneous manufactured articles",Austria,8,"Boston, MA",0.004468247555169875,0.4468247555169875
96,"Toys, sporting goods, and miscellaneous manufactured articles",Austria,9,"San Francisco, CA",0.003804751777758862,0.3804751777758862
96,"Toys, sporting goods, and miscellaneous manufactured articles",Austria,10,"Charleston, SC",0.0033526747600407386,0.33526747600407386
96,"Toys, sporting goods, and miscellaneous manufactured articles",Bangladesh,1,"Nogales, AZ",0.5927707484249906,59.277074842499054
96,"Toys, sporting goods, and miscellaneous manufactured articles",Bangladesh,2,"New York City, NY",0.09074142610927204,9.074142610927204
96,"Toys, sporting goods, and miscellaneous manufactured articles",Bangladesh,3,"Los Angeles, CA",0.08526375398576265,8.526375398576265
96,"Toys, sporting goods, and miscellaneous manufactured articles",Bangladesh,4,"Chicago, IL",0.08484529035880385,8.484529035880385
96,"Toys, sporting goods, and miscellaneous manufactured articles",Bangladesh,5,"Savannah, GA",0.05394455694482646,5.394455694482645
96,"Toys, sporting goods, and miscellaneous manufactured articles",Bangladesh,6,"Baltimore, MD",0.04268457267444659,4.268457267444659
96,"Toys, sporting goods, and miscellaneous manufactured articles",Bangladesh,7,"New Orleans, LA",0.01615665661368235,1.615665661368235
96,"Toys, sporting goods, and miscellaneous manufactured articles",Bangladesh,8,"Norfolk, VA",0.012503980405083433,1.2503980405083432
96,"Toys, sporting goods, and miscellaneous manufactured articles",Bangladesh,9,"Charleston, SC",0.011557324423352333,1.1557324423352333
96,"Toys, sporting goods, and miscellaneous manufactured articles",Bangladesh,10,"San Francisco, CA",0.009531690059779713,0.9531690059779713
96,"Toys, sporting goods, and miscellaneous manufactured articles",Brazil,1,"New York City, NY",0.48694938265461185,48.69493826546118
96,"Toys, sporting goods, and miscellaneous manufactured articles",Brazil,2,"Norfolk, VA",0.15826214676736947,15.826214676736946
96,"Toys, sporting goods, and miscellaneous manufactured articles",Brazil,3,"Houston-Galveston, TX",0.07003595202676835,7.003595202676835
96,"Toys, sporting goods, and miscellaneous manufactured articles",Brazil,4,"Savannah, GA",0.06730673624573434,6.730673624573434
96,"Toys, sporting goods, and miscellaneous manufactured articles",Brazil,5,"Los Angeles, CA",0.0671528569838908,6.71528569838908
96,"Toys, sporting goods, and miscellaneous manufactured articles",Brazil,6,"Chicago, IL",0.03708313926779244,3.708313926779244
96,"Toys, sporting goods, and miscellaneous manufactured articles",Brazil,7,"Charleston, SC",0.03673582341434564,3.6735823414345643
96,"Toys, sporting goods, and miscellaneous manufactured articles",Brazil,8,"Miami, FL",0.0346191645989686,3.4619164598968597
96,"Toys, sporting goods, and miscellaneous manufactured articles",Brazil,9,"Mobile, AL",0.031406114489786245,3.1406114489786243
96,"Toys, sporting goods, and miscellaneous manufactured articles",Brazil,10,"Philadelphia, PA",0.010448683550732248,1.0448683550732247
96,"Toys, sporting goods, and miscellaneous manufactured articles",Cambodia,1,"Los Angeles, CA",0.2503121707593138,25.031217075931377
96,"Toys, sporting goods, and miscellaneous manufactured articles",Cambodia,2,"Savannah, GA",0.1660367283097203,16.60367283097203
96,"Toys, sporting goods, and miscellaneous manufactured articles",Cambodia,3,"Cleveland, OH",0.15064680103698652,15.064680103698652
96,"Toys, sporting goods, and miscellaneous manufactured articles",Cambodia,4,"Chicago, IL",0.13486115612042165,13.486115612042166
96,"Toys, sporting goods, and miscellaneous manufactured articles",Cambodia,5,"New York City, NY",0.1346532190578019,13.46532190578019
96,"Toys, sporting goods, and miscellaneous manufactured articles",Cambodia,6,"San Francisco, CA",0.05934569873128414,5.934569873128414
96,"Toys, sporting goods, and miscellaneous manufactured articles",Cambodia,7,"Boston, MA",0.037096824919407544,3.7096824919407543
96,"Toys, sporting goods, and miscellaneous manufactured articles",Cambodia,8,"Norfolk, VA",0.02720525598013289,2.720525598013289
96,"Toys, sporting goods, and miscellaneous manufactured articles",Cambodia,9,"New Orleans, LA",0.021257768926773363,2.125776892677336
96,"Toys, sporting goods, and miscellaneous manufactured articles",Cambodia,10,"Seattle, WA",0.01858437615815799,1.858437615815799
96,"Toys, sporting goods, and miscellaneous manufactured articles",Canada,1,"Detroit, MI",0.7221277788850684,72.21277788850684
96,"Toys, sporting goods, and miscellaneous manufactured articles",Canada,2,"Ogdensburg, NY",0.17719146269164043,17.719146269164042
96,"Toys, sporting goods, and miscellaneous manufactured articles",Canada,3,"Portland, ME",0.04941399136955009,4.941399136955009
96,"Toys, sporting goods, and miscellaneous manufactured articles",Canada,4,"Buffalo, NY",0.03396083573581739,3.396083573581739
96,"Toys, sporting goods, and miscellaneous manufactured articles",Canada,5,"Pembina, ND",0.006458359099136929,0.6458359099136929
96,"Toys, sporting goods, and miscellaneous manufactured articles",Canada,6,"St. Albans, VT",0.0047861611459335054,0.4786161145933505
96,"Toys, sporting goods, and miscellaneous manufactured articles",Canada,7,"Great Falls, MT",0.0027971202386083186,0.2797120238608319
96,"Toys, sporting goods, and miscellaneous manufactured articles",Canada,8,"Seattle, WA",0.001434729160761575,0.1434729160761575
96,"Toys, sporting goods, and miscellaneous manufactured articles",Canada,9,"Cleveland, OH",0.0013490938734738434,0.13490938734738434
96,"Toys, sporting goods, and miscellaneous manufactured articles",Canada,10,"New Orleans, LA",0.0004804678000096197,0.04804678000096197
96,"Toys, sporting goods, and miscellaneous manufactured articles",China,1,"Los Angeles, CA",0.4142029006673693,41.42029006673693
96,"Toys, sporting goods, and miscellaneous manufactured articles",China,2,"New York City, NY",0.11946146926961414,11.946146926961413
96,"Toys, sporting goods, and miscellaneous manufactured articles",China,3,"Chicago, IL",0.09898907331509639,9.898907331509639
96,"Toys, sporting goods, and miscellaneous manufactured articles",China,4,"New Orleans, LA",0.08754962220852563,8.754962220852564
96,"Toys, sporting goods, and miscellaneous manufactured articles",China,5,"Savannah, GA",0.08644779276758867,8.644779276758866
96,"Toys, sporting goods, and miscellaneous manufactured articles",China,6,"Seattle, WA",0.05228402812052939,5.228402812052939
96,"Toys, sporting goods, and miscellaneous manufactured articles",China,7,"Houston-Galveston, TX",0.04273792869974318,4.273792869974318
96,"Toys, sporting goods, and miscellaneous manufactured articles",China,8,"Cleveland, OH",0.03630734550871031,3.630734550871031
96,"Toys, sporting goods, and miscellaneous manufactured articles",China,9,"Dallas-Fort Worth, TX",0.0311642667349884,3.11642667349884
96,"Toys, sporting goods, and miscellaneous manufactured articles",China,10,"Norfolk, VA",0.030855572707834674,3.0855572707834673
96,"Toys, sporting goods, and miscellaneous manufactured articles",Colombia,1,"Miami, FL",0.960490388290004,96.0490388290004
96,"Toys, sporting goods, and miscellaneous manufactured articles",Colombia,2,"New York City, NY",0.02937145170844081,2.9371451708440808
96,"Toys, sporting goods, and miscellaneous manufactured articles",Colombia,3,"Houston-Galveston, TX",0.0037348851051217063,0.37348851051217064
96,"Toys, sporting goods, and miscellaneous manufactured articles",Colombia,4,"Los Angeles, CA",0.002140137884788377,0.2140137884788377
96,"Toys, sporting goods, and miscellaneous manufactured articles",Colombia,5,"Cleveland, OH",0.001792928386115387,0.1792928386115387
96,"Toys, sporting goods, and miscellaneous manufactured articles",Colombia,6,"Detroit, MI",0.0009978904324264926,0.09978904324264926
96,"Toys, sporting goods, and miscellaneous manufactured articles",Colombia,7,"Baltimore, MD",0.0006945355253040753,0.06945355253040754
96,"Toys, sporting goods, and miscellaneous manufactured articles",Colombia,8,"San Francisco, CA",0.00052457468191552,0.052457468191552004
96,"Toys, sporting goods, and miscellaneous manufactured articles",Colombia,9,"Savannah, GA",0.00014514516024922663,0.014514516024922663
96,"Toys, sporting goods, and miscellaneous manufactured articles",Colombia,10,"Norfolk, VA",0.00010806282563448318,0.010806282563448318
96,"Toys, sporting goods, and miscellaneous manufactured articles",Croatia,1,"New York City, NY",0.6905777740209407,69.05777740209406
96,"Toys, sporting goods, and miscellaneous manufactured articles",Croatia,2,"Miami, FL",0.1599996206793396,15.999962067933959
96,"Toys, sporting goods, and miscellaneous manufactured articles",Croatia,3,"Los Angeles, CA",0.13797255270831843,13.797255270831844
96,"Toys, sporting goods, and miscellaneous manufactured articles",Croatia,4,"Cleveland, OH",0.0031059267323111993,0.31059267323111994
96,"Toys, sporting goods, and miscellaneous manufactured articles",Croatia,5,"Chicago, IL",0.002538599459963711,0.25385994599637113
96,"Toys, sporting goods, and miscellaneous manufactured articles",Croatia,6,"Columbia-Snake, OR",0.0018699226819160523,0.18699226819160522
96,"Toys, sporting goods, and miscellaneous manufactured articles",Croatia,7,"New Orleans, LA",0.0016107077466227912,0.16107077466227912
96,"Toys, sporting goods, and miscellaneous manufactured articles",Croatia,8,"Philadelphia, PA",0.001069165727204447,0.1069165727204447
96,"Toys, sporting goods, and miscellaneous manufactured articles",Croatia,9,"St. Louis, MO",0.0006502161341197872,0.06502161341197872
96,"Toys, sporting goods, and miscellaneous manufactured articles",Croatia,10,"Seattle, WA",0.0006055141092632531,0.06055141092632531
96,"Toys, sporting goods, and miscellaneous manufactured articles",Czech Republic,1,"Wilmington, NC",0.19263514284487165,19.263514284487165
96,"Toys, sporting goods, and miscellaneous manufactured articles",Czech Republic,2,"Savannah, GA",0.15394718027119067,15.394718027119067
96,"Toys, sporting goods, and miscellaneous manufactured articles",Czech Republic,3,"Chicago, IL",0.13651940600199394,13.651940600199394
96,"Toys, sporting goods, and miscellaneous manufactured articles",Czech Republic,4,"Baltimore, MD",0.13256958141455197,13.256958141455197
96,"Toys, sporting goods, and miscellaneous manufactured articles",Czech Republic,5,"Nogales, AZ",0.11316078345874077,11.316078345874077
96,"Toys, sporting goods, and miscellaneous manufactured articles",Czech Republic,6,"Houston-Galveston, TX",0.08759867147575509,8.759867147575509
96,"Toys, sporting goods, and miscellaneous manufactured articles",Czech Republic,7,"New York City, NY",0.08338290665444174,8.338290665444175
96,"Toys, sporting goods, and miscellaneous manufactured articles",Czech Republic,8,"Norfolk, VA",0.040663291023234856,4.066329102323485
96,"Toys, sporting goods, and miscellaneous manufactured articles",Czech Republic,9,"Minneapolis, MN",0.029807366320739846,2.9807366320739845
96,"Toys, sporting goods, and miscellaneous manufactured articles",Czech Republic,10,"Boston, MA",0.029715670534479377,2.971567053447938
96,"Toys, sporting goods, and miscellaneous manufactured articles",Dominican Republic,1,"Miami, FL",0.6070963470426168,60.70963470426168
96,"Toys, sporting goods, and miscellaneous manufactured articles",Dominican Republic,2,"Tampa, FL",0.35468167726522737,35.468167726522736
96,"Toys, sporting goods, and miscellaneous manufactured articles",Dominican Republic,3,"Norfolk, VA",0.010478917504480918,1.0478917504480918
96,"Toys, sporting goods, and miscellaneous manufactured articles",Dominican Republic,4,"Wilmington, NC",0.008283315270558303,0.8283315270558302
96,"Toys, sporting goods, and miscellaneous manufactured articles",Dominican Republic,5,"Charleston, SC",0.007672414717258454,0.7672414717258453
96,"Toys, sporting goods, and miscellaneous manufactured articles",Dominican Republic,6,"Chicago, IL",0.004082042640702467,0.4082042640702467
96,"Toys, sporting goods, and miscellaneous manufactured articles",Dominican Republic,7,"New York City, NY",0.002666137461031471,0.2666137461031471
96,"Toys, sporting goods, and miscellaneous manufactured articles",Dominican Republic,8,"Savannah, GA",0.0026075689008482755,0.26075689008482755
96,"Toys, sporting goods, and miscellaneous manufactured articles",Dominican Republic,9,"New Orleans, LA",0.001280871338291294,0.1280871338291294
96,"Toys, sporting goods, and miscellaneous manufactured articles",Dominican Republic,10,"Cleveland, OH",0.0011507078589845247,0.11507078589845247
96,"Toys, sporting goods, and miscellaneous manufactured articles",Egypt,1,"New York City, NY",0.49629152550605915,49.629152550605916
96,"Toys, sporting goods, and miscellaneous manufactured articles",Egypt,2,"Chicago, IL",0.17407732383851227,17.407732383851226
96,"Toys, sporting goods, and miscellaneous manufactured articles",Egypt,3,"Los Angeles, CA",0.14079561123244086,14.079561123244085
96,"Toys, sporting goods, and miscellaneous manufactured articles",Egypt,4,"Houston-Galveston, TX",0.053284714821615224,5.328471482161523
96,"Toys, sporting goods, and miscellaneous manufactured articles",Egypt,5,"Detroit, MI",0.04607360821047351,4.607360821047351
96,"Toys, sporting goods, and miscellaneous manufactured articles",Egypt,6,"Norfolk, VA",0.0445071644730264,4.45071644730264
96,"Toys, sporting goods, and miscellaneous manufactured articles",Egypt,7,"Buffalo, NY",0.018522281096197548,1.8522281096197548
96,"Toys, sporting goods, and miscellaneous manufactured articles",Egypt,8,"Miami, FL",0.010297381635481719,1.029738163548172
96,"Toys, sporting goods, and miscellaneous manufactured articles",Egypt,9,"Savannah, GA",0.00832976936499514,0.8329769364995141
96,"Toys, sporting goods, and miscellaneous manufactured articles",Egypt,10,"San Francisco, CA",0.007820619821198208,0.7820619821198207
96,"Toys, sporting goods, and miscellaneous manufactured articles",El Salvador,1,"Miami, FL",0.8191455594051995,81.91455594051995
96,"Toys, sporting goods, and miscellaneous manufactured articles",El Salvador,2,"New York City, NY",0.08709666139323166,8.709666139323167
96,"Toys, sporting goods, and miscellaneous manufactured articles",El Salvador,3,"Los Angeles, CA",0.0465494772367587,4.65494772367587
96,"Toys, sporting goods, and miscellaneous manufactured articles",El Salvador,4,"Cleveland, OH",0.01689679082456999,1.689679082456999
96,"Toys, sporting goods, and miscellaneous manufactured articles",El Salvador,5,"Savannah, GA",0.012800563741018879,1.280056374101888
96,"Toys, sporting goods, and miscellaneous manufactured articles",El Salvador,6,"Chicago, IL",0.008300884066797222,0.8300884066797222
96,"Toys, sporting goods, and miscellaneous manufactured articles",El Salvador,7,"Dallas-Fort Worth, TX",0.0034359269613127765,0.34359269613127763
96,"Toys, sporting goods, and miscellaneous manufactured articles",El Salvador,8,"Baltimore, MD",0.002651583479575602,0.2651583479575602
96,"Toys, sporting goods, and miscellaneous manufactured articles",El Salvador,9,"Philadelphia, PA",0.0019691100340726406,0.19691100340726406
96,"Toys, sporting goods, and miscellaneous manufactured articles",El Salvador,10,"Laredo, TX",0.0011534428574630005,0.11534428574630005
96,"Toys, sporting goods, and miscellaneous manufactured articles",France,1,"New York City, NY",0.4120552078926126,41.20552078926126
96,"Toys, sporting goods, and miscellaneous manufactured articles",France,2,"Charleston, SC",0.3958769672641791,39.58769672641791
96,"Toys, sporting goods, and miscellaneous manufactured articles",France,3,"Laredo, TX",0.08001787935742932,8.001787935742932
96,"Toys, sporting goods, and miscellaneous manufactured articles",France,4,"New Orleans, LA",0.03029717782670223,3.029717782670223
96,"Toys, sporting goods, and miscellaneous manufactured articles",France,5,"Chicago, IL",0.019242769622682242,1.9242769622682243
96,"Toys, sporting goods, and miscellaneous manufactured articles",France,6,"Cleveland, OH",0.016429242491750113,1.6429242491750113
96,"Toys, sporting goods, and miscellaneous manufactured articles",France,7,"Wilmington, NC",0.014742089946985868,1.4742089946985868
96,"Toys, sporting goods, and miscellaneous manufactured articles",France,8,"Miami, FL",0.013229123612726072,1.3229123612726073
96,"Toys, sporting goods, and miscellaneous manufactured articles",France,9,"Los Angeles, CA",0.012021991725145169,1.202199172514517
96,"Toys, sporting goods, and miscellaneous manufactured articles",France,10,"Philadelphia, PA",0.0060875502597873745,0.6087550259787374
96,"Toys, sporting goods, and miscellaneous manufactured articles",Germany,1,"Chicago, IL",0.3041237760744468,30.41237760744468
96,"Toys, sporting goods, and miscellaneous manufactured articles",Germany,2,"New York City, NY",0.18129777701491454,18.129777701491452
96,"Toys, sporting goods, and miscellaneous manufactured articles",Germany,3,"Dallas-Fort Worth, TX",0.10603190460581179,10.603190460581178
96,"Toys, sporting goods, and miscellaneous manufactured articles",Germany,4,"Cleveland, OH",0.10151842666433526,10.151842666433526
96,"Toys, sporting goods, and miscellaneous manufactured articles",Germany,5,"New Orleans, LA",0.07821051390303035,7.821051390303035
96,"Toys, sporting goods, and miscellaneous manufactured articles",Germany,6,"Norfolk, VA",0.0767162411772394,7.6716241177239395
96,"Toys, sporting goods, and miscellaneous manufactured articles",Germany,7,"Los Angeles, CA",0.04789075863310987,4.789075863310987
96,"Toys, sporting goods, and miscellaneous manufactured articles",Germany,8,"Savannah, GA",0.03876443536681014,3.876443536681014
96,"Toys, sporting goods, and miscellaneous manufactured articles",Germany,9,"Buffalo, NY",0.0343381760804362,3.43381760804362
96,"Toys, sporting goods, and miscellaneous manufactured articles",Germany,10,"Houston-Galveston, TX",0.0311079904798657,3.11079904798657
96,"Toys, sporting goods, and miscellaneous manufactured articles",Honduras,1,"Miami, FL",0.7256625479197261,72.56625479197261
96,"Toys, sporting goods, and miscellaneous manufactured articles",Honduras,2,"Houston-Galveston, TX",0.16615072354441304,16.615072354441303
96,"Toys, sporting goods, and miscellaneous manufactured articles",Honduras,3,"St. Louis, MO",0.06548984451764074,6.548984451764074
96,"Toys, sporting goods, and miscellaneous manufactured articles",Honduras,4,"Wilmington, NC",0.01033234524552783,1.033234524552783
96,"Toys, sporting goods, and miscellaneous manufactured articles",Honduras,5,"Charleston, SC",0.00871615764813257,0.8716157648132571
96,"Toys, sporting goods, and miscellaneous manufactured articles",Honduras,6,"Philadelphia, PA",0.00800345628990079,0.800345628990079
96,"Toys, sporting goods, and miscellaneous manufactured articles",Honduras,7,"New Orleans, LA",0.0045179933183768,0.45179933183768
96,"Toys, sporting goods, and miscellaneous manufactured articles",Honduras,8,"Los Angeles, CA",0.00407847262791617,0.407847262791617
96,"Toys, sporting goods, and miscellaneous manufactured articles",Honduras,9,"Norfolk, VA",0.0036254014733417177,0.3625401473341718
96,"Toys, sporting goods, and miscellaneous manufactured articles",Honduras,10,"Mobile, AL",0.0034230574150243246,0.3423057415024325
96,"Toys, sporting goods, and miscellaneous manufactured articles",Hong Kong,1,"Los Angeles, CA",0.35302066438027285,35.30206643802728
96,"Toys, sporting goods, and miscellaneous manufactured articles",Hong Kong,2,"New York City, NY",0.1714849962893907,17.14849962893907
96,"Toys, sporting goods, and miscellaneous manufactured articles",Hong Kong,3,"Chicago, IL",0.13822547628885845,13.822547628885845
96,"Toys, sporting goods, and miscellaneous manufactured articles",Hong Kong,4,"Norfolk, VA",0.10529064102180902,10.529064102180902
96,"Toys, sporting goods, and miscellaneous manufactured articles",Hong Kong,5,"Seattle, WA",0.08705876567633782,8.705876567633782
96,"Toys, sporting goods, and miscellaneous manufactured articles",Hong Kong,6,"New Orleans, LA",0.04134506439050226,4.134506439050226
96,"Toys, sporting goods, and miscellaneous manufactured articles",Hong Kong,7,"Cleveland, OH",0.0300567045066338,3.0056704506633802
96,"Toys, sporting goods, and miscellaneous manufactured articles",Hong Kong,8,"San Francisco, CA",0.029426965053126107,2.9426965053126106
96,"Toys, sporting goods, and miscellaneous manufactured articles",Hong Kong,9,"Laredo, TX",0.02277723926004494,2.2777239260044944
96,"Toys, sporting goods, and miscellaneous manufactured articles",Hong Kong,10,"Philadelphia, PA",0.021313483133023985,2.1313483133023987
96,"Toys, sporting goods, and miscellaneous manufactured articles",India,1,"New York City, NY",0.4090684745758696,40.906847457586956
96,"Toys, sporting goods, and miscellaneous manufactured articles",India,2,"Los Angeles, CA",0.13499266784105515,13.499266784105515
96,"Toys, sporting goods, and miscellaneous manufactured articles",India,3,"Chicago, IL",0.12386968587922591,12.38696858792259
96,"Toys, sporting goods, and miscellaneous manufactured articles",India,4,"Savannah, GA",0.10638698452187426,10.638698452187425
96,"Toys, sporting goods, and miscellaneous manufactured articles",India,5,"New Orleans, LA",0.06937328189609535,6.937328189609534
96,"Toys, sporting goods, and miscellaneous manufactured articles",India,6,"Houston-Galveston, TX",0.041380679047495615,4.138067904749562
96,"Toys, sporting goods, and miscellaneous manufactured articles",India,7,"Norfolk, VA",0.033509403949594924,3.3509403949594923
96,"Toys, sporting goods, and miscellaneous manufactured articles",India,8,"Charleston, SC",0.030911802538395105,3.0911802538395103
96,"Toys, sporting goods, and miscellaneous manufactured articles",India,9,"San Diego, CA",0.02887412325258017,2.887412325258017
96,"Toys, sporting goods, and miscellaneous manufactured articles",India,10,"Miami, FL",0.021632896497813997,2.1632896497813996
96,"Toys, sporting goods, and miscellaneous manufactured articles",Indonesia,1,"Los Angeles, CA",0.26391183989542066,26.391183989542068
96,"Toys, sporting goods, and miscellaneous manufactured articles",Indonesia,2,"Savannah, GA",0.21778530446625252,21.77853044662525
96,"Toys, sporting goods, and miscellaneous manufactured articles",Indonesia,3,"New York City, NY",0.11228126779070512,11.22812677907051
96,"Toys, sporting goods, and miscellaneous manufactured articles",Indonesia,4,"Laredo, TX",0.1003064481702939,10.03064481702939
96,"Toys, sporting goods, and miscellaneous manufactured articles",Indonesia,5,"Seattle, WA",0.09966990778626388,9.966990778626387
96,"Toys, sporting goods, and miscellaneous manufactured articles",Indonesia,6,"Houston-Galveston, TX",0.06344133767944375,6.344133767944375
96,"Toys, sporting goods, and miscellaneous manufactured articles",Indonesia,7,"New Orleans, LA",0.041391939975706046,4.1391939975706045
96,"Toys, sporting goods, and miscellaneous manufactured articles",Indonesia,8,"Norfolk, VA",0.03743109390267283,3.743109390267283
96,"Toys, sporting goods, and miscellaneous manufactured articles",Indonesia,9,"Chicago, IL",0.035288354832301194,3.5288354832301194
96,"Toys, sporting goods, and miscellaneous manufactured articles",Indonesia,10,"Cleveland, OH",0.02849250550094018,2.849250550094018
96,"Toys, sporting goods, and miscellaneous manufactured articles",Ireland,1,"Wilmington, NC",0.4534262686087186,45.34262686087186
96,"Toys, sporting goods, and miscellaneous manufactured articles",Ireland,2,"Chicago, IL",0.2793087270945997,27.93087270945997
96,"Toys, sporting goods, and miscellaneous manufactured articles",Ireland,3,"New York City, NY",0.21239826104544907,21.239826104544907
96,"Toys, sporting goods, and miscellaneous manufactured articles",Ireland,4,"Cleveland, OH",0.014026381492213226,1.4026381492213227
96,"Toys, sporting goods, and miscellaneous manufactured articles",Ireland,5,"Philadelphia, PA",0.01322400505040125,1.3224005050401249
96,"Toys, sporting goods, and miscellaneous manufactured articles",Ireland,6,"New Orleans, LA",0.012318089056406767,1.2318089056406767
96,"Toys, sporting goods, and miscellaneous manufactured articles",Ireland,7,"Savannah, GA",0.004959204351935583,0.49592043519355833
96,"Toys, sporting goods, and miscellaneous manufactured articles",Ireland,8,"San Francisco, CA",0.004879423538497488,0.48794235384974877
96,"Toys, sporting goods, and miscellaneous manufactured articles",Ireland,9,"Houston-Galveston, TX",0.0028643219598445866,0.2864321959844587
96,"Toys, sporting goods, and miscellaneous manufactured articles",Ireland,10,"Boston, MA",0.0025953178019338867,0.2595317801933887
96,"Toys, sporting goods, and miscellaneous manufactured articles",Israel,1,"New York City, NY",0.43272502503764204,43.2725025037642
96,"Toys, sporting goods, and miscellaneous manufactured articles",Israel,2,"Norfolk, VA",0.3159225431942928,31.59225431942928
96,"Toys, sporting goods, and miscellaneous manufactured articles",Israel,3,"Houston-Galveston, TX",0.07342555196666573,7.342555196666573
96,"Toys, sporting goods, and miscellaneous manufactured articles",Israel,4,"Savannah, GA",0.042888732934919196,4.288873293491919
96,"Toys, sporting goods, and miscellaneous manufactured articles",Israel,5,"New Orleans, LA",0.034591894680585794,3.4591894680585793
96,"Toys, sporting goods, and miscellaneous manufactured articles",Israel,6,"Charleston, SC",0.029378963306997873,2.9378963306997874
96,"Toys, sporting goods, and miscellaneous manufactured articles",Israel,7,"Los Angeles, CA",0.028123958071798107,2.8123958071798105
96,"Toys, sporting goods, and miscellaneous manufactured articles",Israel,8,"Cleveland, OH",0.018014511321548382,1.8014511321548383
96,"Toys, sporting goods, and miscellaneous manufactured articles",Israel,9,"Chicago, IL",0.015790457212114604,1.5790457212114604
96,"Toys, sporting goods, and miscellaneous manufactured articles",Israel,10,"Detroit, MI",0.0091383622734356,0.91383622734356
96,"Toys, sporting goods, and miscellaneous manufactured articles",Italy,1,"New York City, NY",0.46157742116804484,46.157742116804485
96,"Toys, sporting goods, and miscellaneous manufactured articles",Italy,2,"Chicago, IL",0.15909619433459896,15.909619433459895
96,"Toys, sporting goods, and miscellaneous manufactured articles",Italy,3,"Cleveland, OH",0.08823963466542666,8.823963466542665
96,"Toys, sporting goods, and miscellaneous manufactured articles",Italy,4,"Los Angeles, CA",0.07529646862158396,7.529646862158396
96,"Toys, sporting goods, and miscellaneous manufactured articles",Italy,5,"New Orleans, LA",0.0534628264237444,5.34628264237444
96,"Toys, sporting goods, and miscellaneous manufactured articles",Italy,6,"Savannah, GA",0.0423718502947305,4.23718502947305
96,"Toys, sporting goods, and miscellaneous manufactured articles",Italy,7,"Miami, FL",0.038487525087109134,3.8487525087109136
96,"Toys, sporting goods, and miscellaneous manufactured articles",Italy,8,"Norfolk, VA",0.029678808073139672,2.9678808073139673
96,"Toys, sporting goods, and miscellaneous manufactured articles",Italy,9,"Wilmington, NC",0.026604388438000275,2.6604388438000273
96,"Toys, sporting goods, and miscellaneous manufactured articles",Italy,10,"Buffalo, NY",0.02518488289362171,2.518488289362171
96,"Toys, sporting goods, and miscellaneous manufactured articles",Japan,1,"Savannah, GA",0.45401810023838673,45.40181002383867
96,"Toys, sporting goods, and miscellaneous manufactured articles",Japan,2,"Los Angeles, CA",0.14213727583799268,14.213727583799269
96,"Toys, sporting goods, and miscellaneous manufactured articles",Japan,3,"Chicago, IL",0.12013117163957611,12.013117163957611
96,"Toys, sporting goods, and miscellaneous manufactured articles",Japan,4,"New Orleans, LA",0.06755181612479251,6.755181612479251
96,"Toys, sporting goods, and miscellaneous manufactured articles",Japan,5,"Cleveland, OH",0.05314579311442096,5.314579311442096
96,"Toys, sporting goods, and miscellaneous manufactured articles",Japan,6,"New York City, NY",0.04435230280687189,4.435230280687189
96,"Toys, sporting goods, and miscellaneous manufactured articles",Japan,7,"San Francisco, CA",0.04185052481565817,4.185052481565817
96,"Toys, sporting goods, and miscellaneous manufactured articles",Japan,8,"Tampa, FL",0.03613924881395703,3.6139248813957034
96,"Toys, sporting goods, and miscellaneous manufactured articles",Japan,9,"San Diego, CA",0.0254421284085716,2.5442128408571603
96,"Toys, sporting goods, and miscellaneous manufactured articles",Japan,10,"Laredo, TX",0.015231638199772288,1.5231638199772288
96,"Toys, sporting goods, and miscellaneous manufactured articles",Jordan,1,"Chicago, IL",0.3001757369193147,30.01757369193147
96,"Toys, sporting goods, and miscellaneous manufactured articles",Jordan,2,"Houston-Galveston, TX",0.22770352447776573,22.770352447776574
96,"Toys, sporting goods, and miscellaneous manufactured articles",Jordan,3,"Detroit, MI",0.13904807587590595,13.904807587590595
96,"Toys, sporting goods, and miscellaneous manufactured articles",Jordan,4,"Baltimore, MD",0.12838606551603216,12.838606551603215
96,"Toys, sporting goods, and miscellaneous manufactured articles",Jordan,5,"New York City, NY",0.08106249220092425,8.106249220092424
96,"Toys, sporting goods, and miscellaneous manufactured articles",Jordan,6,"Los Angeles, CA",0.04989039383346314,4.989039383346314
96,"Toys, sporting goods, and miscellaneous manufactured articles",Jordan,7,"Savannah, GA",0.04152005135045784,4.152005135045784
96,"Toys, sporting goods, and miscellaneous manufactured articles",Jordan,8,"Miami, FL",0.015737832571091803,1.5737832571091803
96,"Toys, sporting goods, and miscellaneous manufactured articles",Jordan,9,"Tampa, FL",0.008489291470418672,0.8489291470418672
96,"Toys, sporting goods, and miscellaneous manufactured articles",Jordan,10,"Norfolk, VA",0.007986535784625716,0.7986535784625717
96,"Toys, sporting goods, and miscellaneous manufactured articles","Korea, South",1,"Los Angeles, CA",0.5437508002868596,54.375080028685964
96,"Toys, sporting goods, and miscellaneous manufactured articles","Korea, South",2,"New York City, NY",0.16328467377916897,16.328467377916898
96,"Toys, sporting goods, and miscellaneous manufactured articles","Korea, South",3,"San Francisco, CA",0.06721619741446536,6.721619741446536
96,"Toys, sporting goods, and miscellaneous manufactured articles","Korea, South",4,"Tampa, FL",0.05266705215105452,5.2667052151054525
96,"Toys, sporting goods, and miscellaneous manufactured articles","Korea, South",5,"Chicago, IL",0.04044471753971543,4.044471753971543
96,"Toys, sporting goods, and miscellaneous manufactured articles","Korea, South",6,"Savannah, GA",0.03344837299673683,3.344837299673683
96,"Toys, sporting goods, and miscellaneous manufactured articles","Korea, South",7,"New Orleans, LA",0.032044347625960645,3.2044347625960645
96,"Toys, sporting goods, and miscellaneous manufactured articles","Korea, South",8,"Cleveland, OH",0.028028461104455508,2.8028461104455507
96,"Toys, sporting goods, and miscellaneous manufactured articles","Korea, South",9,"San Diego, CA",0.02389986687839352,2.389986687839352
96,"Toys, sporting goods, and miscellaneous manufactured articles","Korea, South",10,"Dallas-Fort Worth, TX",0.015215510223189732,1.5215510223189732
96,"Toys, sporting goods, and miscellaneous manufactured articles",Lithuania,1,"St. Louis, MO",0.46507677423016064,46.50767742301606
96,"Toys, sporting goods, and miscellaneous manufactured articles",Lithuania,2,"New York City, NY",0.20712373352809277,20.712373352809276
96,"Toys, sporting goods, and miscellaneous manufactured articles",Lithuania,3,"Los Angeles, CA",0.10338312077590972,10.338312077590972
96,"Toys, sporting goods, and miscellaneous manufactured articles",Lithuania,4,"Norfolk, VA",0.06912746850064938,6.912746850064938
96,"Toys, sporting goods, and miscellaneous manufactured articles",Lithuania,5,"Chicago, IL",0.04606318442104063,4.6063184421040635
96,"Toys, sporting goods, and miscellaneous manufactured articles",Lithuania,6,"Philadelphia, PA",0.043205443653352146,4.3205443653352145
96,"Toys, sporting goods, and miscellaneous manufactured articles",Lithuania,7,"Cleveland, OH",0.0405295511468914,4.05295511468914
96,"Toys, sporting goods, and miscellaneous manufactured articles",Lithuania,8,"Houston-Galveston, TX",0.012728849972575864,1.2728849972575864
96,"Toys, sporting goods, and miscellaneous manufactured articles",Lithuania,9,"New Orleans, LA",0.009282132507924135,0.9282132507924136
96,"Toys, sporting goods, and miscellaneous manufactured articles",Lithuania,10,"Savannah, GA",0.003479741263403298,0.3479741263403298
96,"Toys, sporting goods, and miscellaneous manufactured articles",Macau,1,"Philadelphia, PA",0.5238095238095238,52.38095238095239
96,"Toys, sporting goods, and miscellaneous manufactured articles",Macau,2,"Los Angeles, CA",0.3285412037015287,32.85412037015287
96,"Toys, sporting goods, and miscellaneous manufactured articles",Macau,3,"San Francisco, CA",0.14285714285714285,14.285714285714285
96,"Toys, sporting goods, and miscellaneous manufactured articles",Macau,4,"New York City, NY",0.004792129631804707,0.4792129631804707
96,"Toys, sporting goods, and miscellaneous manufactured articles",Malaysia,1,"New York City, NY",0.26038060374213834,26.038060374213835
96,"Toys, sporting goods, and miscellaneous manufactured articles",Malaysia,2,"Savannah, GA",0.1812185324002194,18.12185324002194
96,"Toys, sporting goods, and miscellaneous manufactured articles",Malaysia,3,"Los Angeles, CA",0.1627021972599807,16.270219725998068
96,"Toys, sporting goods, and miscellaneous manufactured articles",Malaysia,4,"New Orleans, LA",0.130675392763202,13.0675392763202
96,"Toys, sporting goods, and miscellaneous manufactured articles",Malaysia,5,"Seattle, WA",0.11417086464568284,11.417086464568284
96,"Toys, sporting goods, and miscellaneous manufactured articles",Malaysia,6,"Charleston, SC",0.040328866645060954,4.032886664506095
96,"Toys, sporting goods, and miscellaneous manufactured articles",Malaysia,7,"Chicago, IL",0.038337132714273664,3.8337132714273663
96,"Toys, sporting goods, and miscellaneous manufactured articles",Malaysia,8,"Houston-Galveston, TX",0.02521226129873062,2.521226129873062
96,"Toys, sporting goods, and miscellaneous manufactured articles",Malaysia,9,"Norfolk, VA",0.02472223980403659,2.472223980403659
96,"Toys, sporting goods, and miscellaneous manufactured articles",Malaysia,10,"Cleveland, OH",0.022251908726674915,2.2251908726674916
96,"Toys, sporting goods, and miscellaneous manufactured articles",Mexico,1,"Laredo, TX",0.48678120559551047,48.67812055955105
96,"Toys, sporting goods, and miscellaneous manufactured articles",Mexico,2,"San Diego, CA",0.32014001772024386,32.014001772024386
96,"Toys, sporting goods, and miscellaneous manufactured articles",Mexico,3,"Nogales, AZ",0.1170744783856198,11.70744783856198
96,"Toys, sporting goods, and miscellaneous manufactured articles",Mexico,4,"New Orleans, LA",0.04633070585813306,4.633070585813305
96,"Toys, sporting goods, and miscellaneous manufactured articles",Mexico,5,"El Paso, TX",0.028330002169714714,2.8330002169714716
96,"Toys, sporting goods, and miscellaneous manufactured articles",Mexico,6,"Cleveland, OH",0.0004790579705144103,0.047905797051441025
96,"Toys, sporting goods, and miscellaneous manufactured articles",Mexico,7,"Miami, FL",0.00031949607574087343,0.031949607574087345
96,"Toys, sporting goods, and miscellaneous manufactured articles",Mexico,8,"New York City, NY",0.00019062074555215142,0.019062074555215143
96,"Toys, sporting goods, and miscellaneous manufactured articles",Mexico,9,"Detroit, MI",0.00018250247233521136,0.018250247233521137
96,"Toys, sporting goods, and miscellaneous manufactured articles",Mexico,10,"Buffalo, NY",0.00017191300663538164,0.017191300663538165
96,"Toys, sporting goods, and miscellaneous manufactured articles",New Zealand,1,"Chicago, IL",0.46437045645699404,46.437045645699406
96,"Toys, sporting goods, and miscellaneous manufactured articles",New Zealand,2,"Los Angeles, CA",0.17966576801267925,17.966576801267927
96,"Toys, sporting goods, and miscellaneous manufactured articles",New Zealand,3,"Cleveland, OH",0.11516820473974554,11.516820473974555
96,"Toys, sporting goods, and miscellaneous manufactured articles",New Zealand,4,"Seattle, WA",0.08440574688419764,8.440574688419764
96,"Toys, sporting goods, and miscellaneous manufactured articles",New Zealand,5,"Houston-Galveston, TX",0.045873525467378655,4.587352546737866
96,"Toys, sporting goods, and miscellaneous manufactured articles",New Zealand,6,"Columbia-Snake, OR",0.03852804252660365,3.852804252660365
96,"Toys, sporting goods, and miscellaneous manufactured articles",New Zealand,7,"New York City, NY",0.03034927866994268,3.034927866994268
96,"Toys, sporting goods, and miscellaneous manufactured articles",New Zealand,8,"Great Falls, MT",0.02577704050523215,2.5777040505232147
96,"Toys, sporting goods, and miscellaneous manufactured articles",New Zealand,9,"Dallas-Fort Worth, TX",0.0082780423087839,0.8278042308783901
96,"Toys, sporting goods, and miscellaneous manufactured articles",New Zealand,10,"Charleston, SC",0.007583894428442415,0.7583894428442415
96,"Toys, sporting goods, and miscellaneous manufactured articles",Philippines,1,"Los Angeles, CA",0.34608004157781086,34.60800415778109
96,"Toys, sporting goods, and miscellaneous manufactured articles",Philippines,2,"New York City, NY",0.12858789175334043,12.858789175334042
96,"Toys, sporting goods, and miscellaneous manufactured articles",Philippines,3,"Norfolk, VA",0.12362714634421067,12.362714634421067
96,"Toys, sporting goods, and miscellaneous manufactured articles",Philippines,4,"Savannah, GA",0.11327283452999781,11.327283452999781
96,"Toys, sporting goods, and miscellaneous manufactured articles",Philippines,5,"Tampa, FL",0.10145504022126867,10.145504022126866
96,"Toys, sporting goods, and miscellaneous manufactured articles",Philippines,6,"Chicago, IL",0.06817383781696633,6.817383781696633
96,"Toys, sporting goods, and miscellaneous manufactured articles",Philippines,7,"Seattle, WA",0.044983186047300915,4.498318604730091
96,"Toys, sporting goods, and miscellaneous manufactured articles",Philippines,8,"San Francisco, CA",0.03288753620384088,3.2887536203840875
96,"Toys, sporting goods, and miscellaneous manufactured articles",Philippines,9,"Miami, FL",0.027900048922288746,2.7900048922288745
96,"Toys, sporting goods, and miscellaneous manufactured articles",Philippines,10,"New Orleans, LA",0.013032436582974607,1.3032436582974607
96,"Toys, sporting goods, and miscellaneous manufactured articles",Poland,1,"Savannah, GA",0.30437332461990646,30.437332461990646
96,"Toys, sporting goods, and miscellaneous manufactured articles",Poland,2,"New York City, NY",0.23919883198242686,23.919883198242687
96,"Toys, sporting goods, and miscellaneous manufactured articles",Poland,3,"Philadelphia, PA",0.09244450522991386,9.244450522991386
96,"Toys, sporting goods, and miscellaneous manufactured articles",Poland,4,"Dallas-Fort Worth, TX",0.09064819942535468,9.064819942535468
96,"Toys, sporting goods, and miscellaneous manufactured articles",Poland,5,"Cleveland, OH",0.0660401198456495,6.60401198456495
96,"Toys, sporting goods, and miscellaneous manufactured articles",Poland,6,"St. Louis, MO",0.049858428777908456,4.985842877790845
96,"Toys, sporting goods, and miscellaneous manufactured articles",Poland,7,"Los Angeles, CA",0.04511651298482082,4.511651298482082
96,"Toys, sporting goods, and miscellaneous manufactured articles",Poland,8,"Charleston, SC",0.04378242299833792,4.378242299833792
96,"Toys, sporting goods, and miscellaneous manufactured articles",Poland,9,"Chicago, IL",0.038134657153476026,3.8134657153476024
96,"Toys, sporting goods, and miscellaneous manufactured articles",Poland,10,"Houston-Galveston, TX",0.030402996982205378,3.040299698220538
96,"Toys, sporting goods, and miscellaneous manufactured articles",Portugal,1,"Savannah, GA",0.3394214586189506,33.942145861895064
96,"Toys, sporting goods, and miscellaneous manufactured articles",Portugal,2,"Miami, FL",0.1797517757462969,17.97517757462969
96,"Toys, sporting goods, and miscellaneous manufactured articles",Portugal,3,"Los Angeles, CA",0.16010453552115628,16.010453552115628
96,"Toys, sporting goods, and miscellaneous manufactured articles",Portugal,4,"New York City, NY",0.10142419975687263,10.142419975687263
96,"Toys, sporting goods, and miscellaneous manufactured articles",Portugal,5,"Chicago, IL",0.09910956748063147,9.910956748063148
96,"Toys, sporting goods, and miscellaneous manufactured articles",Portugal,6,"New Orleans, LA",0.039165911105900716,3.9165911105900717
96,"Toys, sporting goods, and miscellaneous manufactured articles",Portugal,7,"Baltimore, MD",0.027186016851300596,2.71860168513006
96,"Toys, sporting goods, and miscellaneous manufactured articles",Portugal,8,"Houston-Galveston, TX",0.026028390337837742,2.6028390337837743
96,"Toys, sporting goods, and miscellaneous manufactured articles",Portugal,9,"Cleveland, OH",0.019403404657159916,1.9403404657159915
96,"Toys, sporting goods, and miscellaneous manufactured articles",Portugal,10,"Charleston, SC",0.008404739923893094,0.8404739923893093
96,"Toys, sporting goods, and miscellaneous manufactured articles",Romania,1,"Chicago, IL",0.467817259080631,46.7817259080631
96,"Toys, sporting goods, and miscellaneous manufactured articles",Romania,2,"New York City, NY",0.431835205307404,43.1835205307404
96,"Toys, sporting goods, and miscellaneous manufactured articles",Romania,3,"Cleveland, OH",0.047577184826895144,4.757718482689515
96,"Toys, sporting goods, and miscellaneous manufactured articles",Romania,4,"Wilmington, NC",0.025785611373719375,2.5785611373719375
96,"Toys, sporting goods, and miscellaneous manufactured articles",Romania,5,"Philadelphia, PA",0.012119908997320699,1.2119908997320699
96,"Toys, sporting goods, and miscellaneous manufactured articles",Romania,6,"New Orleans, LA",0.0061425031264113385,0.6142503126411338
96,"Toys, sporting goods, and miscellaneous manufactured articles",Romania,7,"Savannah, GA",0.00311321452260025,0.311321452260025
96,"Toys, sporting goods, and miscellaneous manufactured articles",Romania,8,"Charleston, SC",0.0022563157573922262,0.22563157573922263
96,"Toys, sporting goods, and miscellaneous manufactured articles",Romania,9,"Ogdensburg, NY",0.0019482113283319342,0.1948211328331934
96,"Toys, sporting goods, and miscellaneous manufactured articles",Romania,10,"Miami, FL",0.001404585679294171,0.14045856792941708
96,"Toys, sporting goods, and miscellaneous manufactured articles",South Africa,1,"New York City, NY",0.2554182755939903,25.541827559399028
96,"Toys, sporting goods, and miscellaneous manufactured articles",South Africa,2,"Houston-Galveston, TX",0.14849582817911397,14.849582817911397
96,"Toys, sporting goods, and miscellaneous manufactured articles",South Africa,3,"Pembina, ND",0.12151697844735806,12.151697844735807
96,"Toys, sporting goods, and miscellaneous manufactured articles",South Africa,4,"Chicago, IL",0.11876484014936516,11.876484014936516
96,"Toys, sporting goods, and miscellaneous manufactured articles",South Africa,5,"Dallas-Fort Worth, TX",0.1096473813603593,10.96473813603593
96,"Toys, sporting goods, and miscellaneous manufactured articles",South Africa,6,"Miami, FL",0.08161962667501718,8.161962667501719
96,"Toys, sporting goods, and miscellaneous manufactured articles",South Africa,7,"Seattle, WA",0.05834544835766474,5.834544835766474
96,"Toys, sporting goods, and miscellaneous manufactured articles",South Africa,8,"Los Angeles, CA",0.04290543780121171,4.290543780121172
96,"Toys, sporting goods, and miscellaneous manufactured articles",South Africa,9,"Savannah, GA",0.041298609077712226,4.1298609077712225
96,"Toys, sporting goods, and miscellaneous manufactured articles",South Africa,10,"St. Louis, MO",0.021987574358207338,2.198757435820734
96,"Toys, sporting goods, and miscellaneous manufactured articles",Spain,1,"New York City, NY",0.23418646078724623,23.418646078724624
96,"Toys, sporting goods, and miscellaneous manufactured articles",Spain,2,"Savannah, GA",0.2036867244047578,20.36867244047578
96,"Toys, sporting goods, and miscellaneous manufactured articles",Spain,3,"Wilmington, NC",0.18440277842436548,18.440277842436547
96,"Toys, sporting goods, and miscellaneous manufactured articles",Spain,4,"Norfolk, VA",0.16210132621437298,16.2101326214373
96,"Toys, sporting goods, and miscellaneous manufactured articles",Spain,5,"Boston, MA",0.07121752659564434,7.121752659564434
96,"Toys, sporting goods, and miscellaneous manufactured articles",Spain,6,"Baltimore, MD",0.04780130057264522,4.780130057264522
96,"Toys, sporting goods, and miscellaneous manufactured articles",Spain,7,"Chicago, IL",0.04714411487057662,4.714411487057662
96,"Toys, sporting goods, and miscellaneous manufactured articles",Spain,8,"Los Angeles, CA",0.024398095418734892,2.439809541873489
96,"Toys, sporting goods, and miscellaneous manufactured articles",Spain,9,"Charleston, SC",0.012926622644606348,1.2926622644606347
96,"Toys, sporting goods, and miscellaneous manufactured articles",Spain,10,"Cleveland, OH",0.012135050067050178,1.2135050067050177
96,"Toys, sporting goods, and miscellaneous manufactured articles",Switzerland,1,"Savannah, GA",0.43234629141684844,43.23462914168484
96,"Toys, sporting goods, and miscellaneous manufactured articles",Switzerland,2,"Charleston, SC",0.3264959174755152,32.64959174755152
96,"Toys, sporting goods, and miscellaneous manufactured articles",Switzerland,3,"Los Angeles, CA",0.05810850602239058,5.810850602239058
96,"Toys, sporting goods, and miscellaneous manufactured articles",Switzerland,4,"New York City, NY",0.053506601713056906,5.350660171305691
96,"Toys, sporting goods, and miscellaneous manufactured articles",Switzerland,5,"Cleveland, OH",0.032037576540428984,3.2037576540428985
96,"Toys, sporting goods, and miscellaneous manufactured articles",Switzerland,6,"Houston-Galveston, TX",0.029872621136585245,2.9872621136585247
96,"Toys, sporting goods, and miscellaneous manufactured articles",Switzerland,7,"New Orleans, LA",0.023722321946967762,2.3722321946967764
96,"Toys, sporting goods, and miscellaneous manufactured articles",Switzerland,8,"Wilmington, NC",0.01685096125655333,1.6850961256553327
96,"Toys, sporting goods, and miscellaneous manufactured articles",Switzerland,9,"Dallas-Fort Worth, TX",0.016723600134221445,1.6723600134221446
96,"Toys, sporting goods, and miscellaneous manufactured articles",Switzerland,10,"Miami, FL",0.010335602357432187,1.0335602357432188
96,"Toys, sporting goods, and miscellaneous manufactured articles",Taiwan,1,"Los Angeles, CA",0.3356311448998009,33.56311448998009
96,"Toys, sporting goods, and miscellaneous manufactured articles",Taiwan,2,"New York City, NY",0.1929698312913072,19.29698312913072
96,"Toys, sporting goods, and miscellaneous manufactured articles",Taiwan,3,"Chicago, IL",0.11542509999730695,11.542509999730695
96,"Toys, sporting goods, and miscellaneous manufactured articles",Taiwan,4,"Cleveland, OH",0.10047301786993706,10.047301786993707
96,"Toys, sporting goods, and miscellaneous manufactured articles",Taiwan,5,"Savannah, GA",0.07219972039455211,7.219972039455211
96,"Toys, sporting goods, and miscellaneous manufactured articles",Taiwan,6,"Minneapolis, MN",0.05099212452094354,5.099212452094354
96,"Toys, sporting goods, and miscellaneous manufactured articles",Taiwan,7,"Tampa, FL",0.0373198265741816,3.73198265741816
96,"Toys, sporting goods, and miscellaneous manufactured articles",Taiwan,8,"New Orleans, LA",0.03726560464481352,3.726560464481352
96,"Toys, sporting goods, and miscellaneous manufactured articles",Taiwan,9,"San Francisco, CA",0.03186070438761884,3.1860704387618846
96,"Toys, sporting goods, and miscellaneous manufactured articles",Taiwan,10,"Norfolk, VA",0.02586292541953837,2.586292541953837
96,"Toys, sporting goods, and miscellaneous manufactured articles",Thailand,1,"Los Angeles, CA",0.3379558525251521,33.79558525251521
96,"Toys, sporting goods, and miscellaneous manufactured articles",Thailand,2,"Chicago, IL",0.2499255533549154,24.992555335491538
96,"Toys, sporting goods, and miscellaneous manufactured articles",Thailand,3,"New Orleans, LA",0.12310030416742167,12.310030416742167
96,"Toys, sporting goods, and miscellaneous manufactured articles",Thailand,4,"New York City, NY",0.06805459010786934,6.805459010786934
96,"Toys, sporting goods, and miscellaneous manufactured articles",Thailand,5,"Cleveland, OH",0.05228075787452146,5.228075787452146
96,"Toys, sporting goods, and miscellaneous manufactured articles",Thailand,6,"Savannah, GA",0.04863249444105564,4.8632494441055645
96,"Toys, sporting goods, and miscellaneous manufactured articles",Thailand,7,"San Francisco, CA",0.03222385892667677,3.222385892667677
96,"Toys, sporting goods, and miscellaneous manufactured articles",Thailand,8,"Buffalo, NY",0.03155742133578039,3.1557421335780393
96,"Toys, sporting goods, and miscellaneous manufactured articles",Thailand,9,"Great Falls, MT",0.02875019667669285,2.875019667669285
96,"Toys, sporting goods, and miscellaneous manufactured articles",Thailand,10,"Seattle, WA",0.027518970589914434,2.7518970589914433
96,"Toys, sporting goods, and miscellaneous manufactured articles",Turkey,1,"New York City, NY",0.4240414815798797,42.40414815798797
96,"Toys, sporting goods, and miscellaneous manufactured articles",Turkey,2,"Cleveland, OH",0.16577511270217418,16.577511270217418
96,"Toys, sporting goods, and miscellaneous manufactured articles",Turkey,3,"Chicago, IL",0.11043888752494516,11.043888752494516
96,"Toys, sporting goods, and miscellaneous manufactured articles",Turkey,4,"Norfolk, VA",0.08541210317675914,8.541210317675914
96,"Toys, sporting goods, and miscellaneous manufactured articles",Turkey,5,"San Francisco, CA",0.06384160902205065,6.384160902205065
96,"Toys, sporting goods, and miscellaneous manufactured articles",Turkey,6,"St. Louis, MO",0.035975915677954357,3.5975915677954355
96,"Toys, sporting goods, and miscellaneous manufactured articles",Turkey,7,"Great Falls, MT",0.035482070635808466,3.5482070635808465
96,"Toys, sporting goods, and miscellaneous manufactured articles",Turkey,8,"Miami, FL",0.03329667719866663,3.329667719866663
96,"Toys, sporting goods, and miscellaneous manufactured articles",Turkey,9,"Houston-Galveston, TX",0.02514996112525357,2.514996112525357
96,"Toys, sporting goods, and miscellaneous manufactured articles",Turkey,10,"Savannah, GA",0.020586181356508224,2.0586181356508226
96,"Toys, sporting goods, and miscellaneous manufactured articles",United Kingdom,1,"New York City, NY",0.356564256876347,35.6564256876347
96,"Toys, sporting goods, and miscellaneous manufactured articles",United Kingdom,2,"Cleveland, OH",0.10070790946859359,10.07079094685936
96,"Toys, sporting goods, and miscellaneous manufactured articles",United Kingdom,3,"Norfolk, VA",0.09370633143366468,9.370633143366467
96,"Toys, sporting goods, and miscellaneous manufactured articles",United Kingdom,4,"Chicago, IL",0.09067121553057789,9.067121553057788
96,"Toys, sporting goods, and miscellaneous manufactured articles",United Kingdom,5,"St. Louis, MO",0.08980070927763752,8.980070927763752
96,"Toys, sporting goods, and miscellaneous manufactured articles",United Kingdom,6,"New Orleans, LA",0.0866789409913619,8.667894099136191
96,"Toys, sporting goods, and miscellaneous manufactured articles",United Kingdom,7,"Miami, FL",0.0603734804440584,6.0373480444058405
96,"Toys, sporting goods, and miscellaneous manufactured articles",United Kingdom,8,"Philadelphia, PA",0.058456997853265684,5.845699785326568
96,"Toys, sporting goods, and miscellaneous manufactured articles",United Kingdom,9,"Los Angeles, CA",0.032602173442189505,3.2602173442189506
96,"Toys, sporting goods, and miscellaneous manufactured articles",United Kingdom,10,"Savannah, GA",0.030437984682303774,3.0437984682303774
96,"Toys, sporting goods, and miscellaneous manufactured articles",Vietnam,1,"Los Angeles, CA",0.34861909435406113,34.86190943540611
96,"Toys, sporting goods, and miscellaneous manufactured articles",Vietnam,2,"New York City, NY",0.2942432743055629,29.42432743055629
96,"Toys, sporting goods, and miscellaneous manufactured articles",Vietnam,3,"Savannah, GA",0.13121604087615912,13.121604087615912
96,"Toys, sporting goods, and miscellaneous manufactured articles",Vietnam,4,"Seattle, WA",0.05865660583479557,5.865660583479556
96,"Toys, sporting goods, and miscellaneous manufactured articles",Vietnam,5,"Chicago, IL",0.04887689709035356,4.887689709035356
96,"Toys, sporting goods, and miscellaneous manufactured articles",Vietnam,6,"New Orleans, LA",0.030316292764607285,3.0316292764607287
96,"Toys, sporting goods, and miscellaneous manufactured articles",Vietnam,7,"St. Louis, MO",0.023952501673431135,2.3952501673431135
96,"Toys, sporting goods, and miscellaneous manufactured articles",Vietnam,8,"Charleston, SC",0.022216705574451222,2.221670557445122
96,"Toys, sporting goods, and miscellaneous manufactured articles",Vietnam,9,"San Francisco, CA",0.02161962200131641,2.161962200131641
96,"Toys, sporting goods, and miscellaneous manufactured articles",Vietnam,10,"Houston-Galveston, TX",0.020282965525261574,2.0282965525261574
