HS4,HS4 Description,Rank,Country of Origin,BaselineShare,BaselineSharePct,Old Tariff,Old TariffPct
3301,Essent Oils Resinoid; Ext Oleo Terpen By-prods Etc,1,India,0.21867843753827723,21.867843753827724,0.1492102869932496,14.921028699324959
3301,Essent Oils Resinoid; Ext Oleo Terpen By-prods Etc,2,Brazil,0.16838475182122614,16.838475182122615,0.0711561147587682,7.115611475876819
3301,Essent Oils Resinoid; Ext Oleo Terpen By-prods Etc,3,Mexico,0.13975137982236294,13.975137982236294,0.0036812896059639,0.36812896059639
3301,Essent Oils Resinoid; Ext Oleo Terpen By-prods Etc,4,France,0.09311979390773586,9.311979390773587,0.0736681119287357,7.36681119287357
3301,Essent Oils Resinoid; Ext Oleo Terpen By-prods Etc,5,Argentina,0.0882153946688124,8.821539466881239,0.101463075099877,10.1463075099877
3301,Essent Oils Resinoid; Ext Oleo Terpen By-prods Etc,6,China,0.0762044559815296,7.62044559815296,0.277207613489774,27.7207613489774
3301,Essent Oils Resinoid; Ext Oleo Terpen By-prods Etc,7,Italy,0.06484688829305764,6.484688829305764,0.092221591093628,9.2221591093628
3301,Essent Oils Resinoid; Ext Oleo Terpen By-prods Etc,8,Indonesia,0.05729144601163878,5.7291446011638785,0.0853867543962219,8.538675439622189
3301,Essent Oils Resinoid; Ext Oleo Terpen By-prods Etc,9,Canada,0.04737249105139742,4.737249105139742,0.0098853050541427,0.9885305054142699
3301,Essent Oils Resinoid; Ext Oleo Terpen By-prods Etc,10,Germany,0.046134960903962026,4.613496090396203,0.0819332545562375,8.19332545562375
3302,Odoriferous Mixture; Raw Mat'l For Indus & Bev Mfg,1,Ireland,0.8507902814555299,85.079028145553,0.0495003000486095,4.950030004860951
3302,Odoriferous Mixture; Raw Mat'l For Indus & Bev Mfg,2,India,0.027781371675741316,2.7781371675741315,0.0553028299456184,5.53028299456184
3302,Odoriferous Mixture; Raw Mat'l For Indus & Bev Mfg,3,Switzerland,0.02473989990200106,2.473989990200106,0.0608783468090432,6.0878346809043205
3302,Odoriferous Mixture; Raw Mat'l For Indus & Bev Mfg,4,France,0.021003294896830012,2.100329489683001,0.0781871855165565,7.81871855165565
3302,Odoriferous Mixture; Raw Mat'l For Indus & Bev Mfg,5,Germany,0.01872291650177118,1.8722916501771178,0.0816012432845437,8.16012432845437
3302,Odoriferous Mixture; Raw Mat'l For Indus & Bev Mfg,6,Canada,0.017124599288488595,1.7124599288488596,0.017714715812422,1.7714715812422
3302,Odoriferous Mixture; Raw Mat'l For Indus & Bev Mfg,7,Spain,0.011976486362876678,1.1976486362876677,0.0629273708176501,6.29273708176501
3302,Odoriferous Mixture; Raw Mat'l For Indus & Bev Mfg,8,United Kingdom,0.010980687975695848,1.0980687975695849,0.0587162462357731,5.87162462357731
3302,Odoriferous Mixture; Raw Mat'l For Indus & Bev Mfg,9,Mexico,0.009754926117333263,0.9754926117333264,0.0219049712151177,2.19049712151177
3302,Odoriferous Mixture; Raw Mat'l For Indus & Bev Mfg,10,Uruguay,0.007125535823732175,0.7125535823732175,0.0780696737824404,7.80696737824404
3303,Perfumes And Toilet Waters,1,France,0.5564321709844269,55.64321709844269,0.0730463499829181,7.30463499829181
3303,Perfumes And Toilet Waters,2,Spain,0.13705842350904135,13.705842350904135,0.0720984056689786,7.20984056689786
3303,Perfumes And Toilet Waters,3,Italy,0.12889256595688134,12.889256595688133,0.0821604527650205,8.21604527650205
3303,Perfumes And Toilet Waters,4,United Arab Emirates,0.09001698709361969,9.00169870936197,0.0723676969890592,7.2367696989059205
3303,Perfumes And Toilet Waters,5,United Kingdom,0.02236526393607228,2.2365263936072277,0.0649837618544349,6.49837618544349
3303,Perfumes And Toilet Waters,6,Switzerland,0.019888569007639256,1.9888569007639256,0.1034297486723309,10.34297486723309
3303,Perfumes And Toilet Waters,7,Mexico,0.017705666273680223,1.7705666273680223,0.00838118444518,0.838118444518
3303,Perfumes And Toilet Waters,8,Germany,0.01061912791850746,1.061912791850746,0.0538428963715884,5.38428963715884
3303,Perfumes And Toilet Waters,9,India,0.008565701117092794,0.8565701117092794,0.1666649215583184,16.66649215583184
3303,Perfumes And Toilet Waters,10,China,0.00845552420303871,0.845552420303871,0.4652379536724146,46.52379536724146
3304,"Beauty, Make-up & Skin-care Prep; Manicure Etc Prp",1,"Korea, South",0.22346449985707817,22.346449985707817,0.0777473898644556,7.77473898644556
3304,"Beauty, Make-up & Skin-care Prep; Manicure Etc Prp",2,France,0.18666075248997657,18.666075248997657,0.0788867063072307,7.88867063072307
3304,"Beauty, Make-up & Skin-care Prep; Manicure Etc Prp",3,Canada,0.16797148523319724,16.797148523319724,0.0119217140407762,1.19217140407762
3304,"Beauty, Make-up & Skin-care Prep; Manicure Etc Prp",4,Italy,0.1338730222304435,13.387302223044351,0.0833741531972819,8.33741531972819
3304,"Beauty, Make-up & Skin-care Prep; Manicure Etc Prp",5,China,0.1045530614618268,10.45530614618268,0.4828774572925171,48.28774572925171
3304,"Beauty, Make-up & Skin-care Prep; Manicure Etc Prp",6,Mexico,0.04363280488355134,4.363280488355134,0.0029786227884721,0.29786227884721
3304,"Beauty, Make-up & Skin-care Prep; Manicure Etc Prp",7,United Kingdom,0.04242306780006682,4.242306780006682,0.0676433182995533,6.7643318299553306
3304,"Beauty, Make-up & Skin-care Prep; Manicure Etc Prp",8,Germany,0.035136394617935184,3.5136394617935185,0.0892989612950888,8.92989612950888
3304,"Beauty, Make-up & Skin-care Prep; Manicure Etc Prp",9,Japan,0.03283654361051002,3.283654361051002,0.084674826150916,8.4674826150916
3304,"Beauty, Make-up & Skin-care Prep; Manicure Etc Prp",10,Sweden,0.02944836781541428,2.944836781541428,0.0465370701501249,4.65370701501249
3305,Preparations For Use On The Hair,1,Canada,0.28606513697417313,28.606513697417313,0.0097862733319711,0.9786273331971099
3305,Preparations For Use On The Hair,2,Mexico,0.2697806750794431,26.97806750794431,0.0113436702995769,1.13436702995769
3305,Preparations For Use On The Hair,3,Italy,0.12697005636915049,12.697005636915048,0.0814018882749907,8.14018882749907
3305,Preparations For Use On The Hair,4,Israel,0.0630154361247529,6.30154361247529,0.0810973071307741,8.10973071307741
3305,Preparations For Use On The Hair,5,China,0.06183178870110402,6.183178870110402,0.4528826129085643,45.28826129085643
3305,Preparations For Use On The Hair,6,Spain,0.047108826331188174,4.710882633118818,0.095554282431228,9.555428243122801
3305,Preparations For Use On The Hair,7,"Korea, South",0.04666162364170336,4.6661623641703365,0.0719506759228449,7.195067592284491
3305,Preparations For Use On The Hair,8,Germany,0.038724600115107276,3.8724600115107277,0.0868550059494541,8.68550059494541
3305,Preparations For Use On The Hair,9,United Kingdom,0.03173734284269435,3.1737342842694347,0.0711381741096296,7.11381741096296
3305,Preparations For Use On The Hair,10,Greece,0.028104513820683266,2.8104513820683263,0.0987878314807617,9.87878314807617
3306,"Preparations, Oral Dental Hygiene; Dental Floss",1,Mexico,0.41037564283067196,41.0375642830672,0.0006523688825089,0.06523688825089
3306,"Preparations, Oral Dental Hygiene; Dental Floss",2,China,0.20806853853829604,20.806853853829605,0.3031994114699797,30.31994114699797
3306,"Preparations, Oral Dental Hygiene; Dental Floss",3,Ireland,0.1538042150232875,15.380421502328751,0.0868390296779677,8.683902967796769
3306,"Preparations, Oral Dental Hygiene; Dental Floss",4,Canada,0.08558475753076625,8.558475753076625,0.0040519238950836,0.40519238950836
3306,"Preparations, Oral Dental Hygiene; Dental Floss",5,Germany,0.03636743505113839,3.636743505113839,0.0550247888034406,5.50247888034406
3306,"Preparations, Oral Dental Hygiene; Dental Floss",6,India,0.0352658417007884,3.52658417007884,0.1491159357132467,14.91159357132467
3306,"Preparations, Oral Dental Hygiene; Dental Floss",7,Italy,0.02282545540805839,2.282545540805839,0.0964838681061872,9.64838681061872
3306,"Preparations, Oral Dental Hygiene; Dental Floss",8,Dominican Republic,0.016175350653469877,1.6175350653469878,0.0719087029798785,7.19087029798785
3306,"Preparations, Oral Dental Hygiene; Dental Floss",9,Brazil,0.015960316453914984,1.5960316453914984,0.128090419623292,12.809041962329202
3306,"Preparations, Oral Dental Hygiene; Dental Floss",10,Thailand,0.015572446809608186,1.5572446809608187,0.1027324951200764,10.27324951200764
3307,"Personal Toilet Etc Prep Nesoi, Shaving, Bath Etc.",1,Mexico,0.3826914047763376,38.26914047763376,0.006706244721015,0.6706244721015
3307,"Personal Toilet Etc Prep Nesoi, Shaving, Bath Etc.",2,Canada,0.19964323021137093,19.964323021137094,0.0071141420179209,0.71141420179209
3307,"Personal Toilet Etc Prep Nesoi, Shaving, Bath Etc.",3,China,0.13824946655897252,13.824946655897252,0.5056428242813563,50.564282428135634
3307,"Personal Toilet Etc Prep Nesoi, Shaving, Bath Etc.",4,France,0.059250085389108004,5.9250085389108005,0.1176527599119922,11.76527599119922
3307,"Personal Toilet Etc Prep Nesoi, Shaving, Bath Etc.",5,United Kingdom,0.05395113176782322,5.395113176782322,0.1206407660873473,12.06407660873473
3307,"Personal Toilet Etc Prep Nesoi, Shaving, Bath Etc.",6,"Korea, South",0.05190366135876629,5.190366135876629,0.0982408915865631,9.82408915865631
3307,"Personal Toilet Etc Prep Nesoi, Shaving, Bath Etc.",7,India,0.03175445557551434,3.1754455575514338,0.1832337128031323,18.323371280313232
3307,"Personal Toilet Etc Prep Nesoi, Shaving, Bath Etc.",8,Spain,0.031377703431173645,3.1377703431173645,0.1233947485177798,12.33947485177798
3307,"Personal Toilet Etc Prep Nesoi, Shaving, Bath Etc.",9,Vietnam,0.028919261116553702,2.89192611165537,0.1570559105096131,15.70559105096131
3307,"Personal Toilet Etc Prep Nesoi, Shaving, Bath Etc.",10,Italy,0.022259599814379628,2.225959981437963,0.1246039379855408,12.46039379855408
3401,"Soap; Organic Surf-act Prep For Soap Use, Bars Etc",1,Canada,0.25053765016865687,25.053765016865686,0.0048647546907526,0.48647546907525996
3401,"Soap; Organic Surf-act Prep For Soap Use, Bars Etc",2,China,0.21275704716876914,21.275704716876913,0.3253429622277648,32.53429622277648
3401,"Soap; Organic Surf-act Prep For Soap Use, Bars Etc",3,Mexico,0.19627532769255632,19.62753276925563,0.0008373231389897,0.08373231389897
3401,"Soap; Organic Surf-act Prep For Soap Use, Bars Etc",4,"Korea, South",0.07473165946502809,7.473165946502809,0.0762676335172721,7.62676335172721
3401,"Soap; Organic Surf-act Prep For Soap Use, Bars Etc",5,Colombia,0.06238512353325983,6.238512353325984,0.0627604650662394,6.27604650662394
3401,"Soap; Organic Surf-act Prep For Soap Use, Bars Etc",6,France,0.05382946057658539,5.38294605765854,0.0735318050769738,7.353180507697379
3401,"Soap; Organic Surf-act Prep For Soap Use, Bars Etc",7,Germany,0.040284351077480546,4.028435107748055,0.0804036483059474,8.04036483059474
3401,"Soap; Organic Surf-act Prep For Soap Use, Bars Etc",8,Turkey,0.03776671286718072,3.776671286718072,0.0850885976474479,8.50885976474479
3401,"Soap; Organic Surf-act Prep For Soap Use, Bars Etc",9,Indonesia,0.0360960411464353,3.60960411464353,0.0752384631813837,7.523846318138371
3401,"Soap; Organic Surf-act Prep For Soap Use, Bars Etc",10,United Kingdom,0.03533662630404772,3.533662630404772,0.077684462886613,7.7684462886613
3402,"Organic Surf-act Agents, Preps & Cleaning Preps",1,Mexico,0.3852969459960114,38.529694599601136,0.0017928703763353,0.17928703763353
3402,"Organic Surf-act Agents, Preps & Cleaning Preps",2,Canada,0.237424725670977,23.7424725670977,0.0043216903684554,0.43216903684554003
3402,"Organic Surf-act Agents, Preps & Cleaning Preps",3,Germany,0.10385325773933309,10.385325773933308,0.0833637127504787,8.33637127504787
3402,"Organic Surf-act Agents, Preps & Cleaning Preps",4,China,0.06766169830913007,6.766169830913007,0.4638397942279456,46.38397942279456
3402,"Organic Surf-act Agents, Preps & Cleaning Preps",5,"Korea, South",0.04348948649358406,4.348948649358406,0.0571014181622159,5.71014181622159
3402,"Organic Surf-act Agents, Preps & Cleaning Preps",6,United Kingdom,0.04008443008636811,4.008443008636811,0.0895188329890937,8.95188329890937
3402,"Organic Surf-act Agents, Preps & Cleaning Preps",7,India,0.03554770563514852,3.554770563514852,0.0896598349886263,8.96598349886263
3402,"Organic Surf-act Agents, Preps & Cleaning Preps",8,Japan,0.033210811241936394,3.3210811241936393,0.0869244828887176,8.69244828887176
3402,"Organic Surf-act Agents, Preps & Cleaning Preps",9,Poland,0.028240555792026667,2.8240555792026667,0.0962978460710583,9.629784607105831
3402,"Organic Surf-act Agents, Preps & Cleaning Preps",10,Italy,0.025190383035484647,2.5190383035484647,0.1021913714940037,10.219137149400371
3403,"Lubricating Preps, Antirust & Treating Texiles Etc",1,Germany,0.3568288524648758,35.68288524648758,0.1324180969711808,13.241809697118079
3403,"Lubricating Preps, Antirust & Treating Texiles Etc",2,Canada,0.27418367800939747,27.41836780093975,0.025909670544934,2.5909670544934
3403,"Lubricating Preps, Antirust & Treating Texiles Etc",3,Japan,0.10932443739469341,10.932443739469342,0.1167473342647596,11.67473342647596
3403,"Lubricating Preps, Antirust & Treating Texiles Etc",4,France,0.061471909898794586,6.1471909898794586,0.1219439877085635,12.19439877085635
3403,"Lubricating Preps, Antirust & Treating Texiles Etc",5,Belgium,0.052475062104136036,5.247506210413603,0.1034762205544259,10.34762205544259
3403,"Lubricating Preps, Antirust & Treating Texiles Etc",6,United Kingdom,0.04096521118472001,4.096521118472001,0.1200550648151687,12.00550648151687
3403,"Lubricating Preps, Antirust & Treating Texiles Etc",7,Mexico,0.02970986264351229,2.970986264351229,0.0150042921622062,1.50042921622062
3403,"Lubricating Preps, Antirust & Treating Texiles Etc",8,Switzerland,0.028721604872205618,2.8721604872205617,0.2291786503388516,22.91786503388516
3403,"Lubricating Preps, Antirust & Treating Texiles Etc",9,"Korea, South",0.02416040903845001,2.4160409038450013,0.1039885892253203,10.39885892253203
3403,"Lubricating Preps, Antirust & Treating Texiles Etc",10,Spain,0.022158972389214836,2.2158972389214835,0.1178173134062552,11.78173134062552
3404,Artificial And Prepared Waxes,1,Germany,0.22828747952948006,22.828747952948007,0.0793084935984264,7.9308493598426395
3404,Artificial And Prepared Waxes,2,Canada,0.190006505727535,19.0006505727535,0.0011652861380883,0.11652861380883
3404,Artificial And Prepared Waxes,3,Malaysia,0.11694808065226152,11.694808065226152,0.0931040651149719,9.31040651149719
3404,Artificial And Prepared Waxes,4,"Korea, South",0.11378495734242378,11.378495734242378,0.0493282176994937,4.93282176994937
3404,Artificial And Prepared Waxes,5,India,0.11351563444592551,11.351563444592552,0.104522535624306,10.452253562430599
3404,Artificial And Prepared Waxes,6,Japan,0.06925023033345608,6.9250230333456075,0.0612718693754449,6.12718693754449
3404,Artificial And Prepared Waxes,7,Netherlands,0.05967760202144626,5.967760202144626,0.0884236646477149,8.842366464771489
3404,Artificial And Prepared Waxes,8,China,0.04125998487863852,4.1259984878638525,0.3379218273345749,33.79218273345749
3404,Artificial And Prepared Waxes,9,France,0.035336314897900546,3.5336314897900545,0.0682000418606235,6.82000418606235
3404,Artificial And Prepared Waxes,10,Italy,0.031933210170932834,3.1933210170932833,0.0776656631234665,7.76656631234665
3405,"Polishes & Creams For Leather, Wood Etc, Scour Prp",1,Japan,0.39993488037402,39.993488037401995,0.0917919366879172,9.17919366879172
3405,"Polishes & Creams For Leather, Wood Etc, Scour Prp",2,"Korea, South",0.13500201795190095,13.500201795190096,0.0743231236908569,7.4323123690856905
3405,"Polishes & Creams For Leather, Wood Etc, Scour Prp",3,Germany,0.08967365636312043,8.967365636312042,0.0798206717450808,7.98206717450808
3405,"Polishes & Creams For Leather, Wood Etc, Scour Prp",4,United Kingdom,0.08871271919457603,8.871271919457604,0.0732782739482439,7.32782739482439
3405,"Polishes & Creams For Leather, Wood Etc, Scour Prp",5,Taiwan,0.06957104114919921,6.957104114919921,0.0872809635212048,8.728096352120481
3405,"Polishes & Creams For Leather, Wood Etc, Scour Prp",6,China,0.06848471608615253,6.848471608615253,0.4535738921579887,45.35738921579887
3405,"Polishes & Creams For Leather, Wood Etc, Scour Prp",7,Canada,0.04982414566593745,4.982414566593745,0.014117619270396,1.4117619270396
3405,"Polishes & Creams For Leather, Wood Etc, Scour Prp",8,Spain,0.03844461968601651,3.844461968601651,0.0777945194325972,7.77945194325972
3405,"Polishes & Creams For Leather, Wood Etc, Scour Prp",9,Italy,0.034065487339050134,3.4065487339050136,0.0838982118096887,8.38982118096887
3405,"Polishes & Creams For Leather, Wood Etc, Scour Prp",10,Hungary,0.02628671619002686,2.628671619002686,0.078841737732797,7.8841737732796995
3406,"Candles, Tapers And The Like",1,Vietnam,0.5542458701964256,55.42458701964256,0.1112032196749551,11.12032196749551
3406,"Candles, Tapers And The Like",2,Canada,0.18254738944955404,18.254738944955403,0.0005010150063951,0.05010150063951
3406,"Candles, Tapers And The Like",3,Mexico,0.05460365867260616,5.460365867260616,0.0001706384570756,0.01706384570756
3406,"Candles, Tapers And The Like",4,China,0.05311233829325576,5.311233829325576,0.2670938113839383,26.70938113839383
3406,"Candles, Tapers And The Like",5,India,0.05000667669045842,5.000667669045842,0.1790165574898597,17.90165574898597
3406,"Candles, Tapers And The Like",6,Dominican Republic,0.036766928610926425,3.6766928610926426,0.0728766484330789,7.28766484330789
3406,"Candles, Tapers And The Like",7,France,0.02322092722993485,2.322092722993485,0.0961783990784329,9.61783990784329
3406,"Candles, Tapers And The Like",8,Thailand,0.018862915992334486,1.8862915992334486,0.0992030925540226,9.920309255402259
3406,"Candles, Tapers And The Like",9,Poland,0.014644603508060045,1.4644603508060046,0.0833781143650206,8.33781143650206
3406,"Candles, Tapers And The Like",10,United Kingdom,0.011988691356444196,1.1988691356444197,0.0696428504740374,6.96428504740374
3407,Modeling Pastes For Child Etc; Denta Impr Cp Etc,1,China,0.6117006905146963,61.17006905146963,0.2010108741814539,20.10108741814539
3407,Modeling Pastes For Child Etc; Denta Impr Cp Etc,2,Germany,0.14361651468600398,14.361651468600398,0.0911575759758554,9.11575759758554
3407,Modeling Pastes For Child Etc; Denta Impr Cp Etc,3,Japan,0.09439882125439118,9.439882125439118,0.0827643111479622,8.276431114796221
3407,Modeling Pastes For Child Etc; Denta Impr Cp Etc,4,Sweden,0.039107488282220486,3.9107488282220486,0.103713786940438,10.3713786940438
3407,Modeling Pastes For Child Etc; Denta Impr Cp Etc,5,Italy,0.03181703098661814,3.1817030986618136,0.085184624609802,8.5184624609802
3407,Modeling Pastes For Child Etc; Denta Impr Cp Etc,6,Mexico,0.02511956167987435,2.511956167987435,0.0093870609421243,0.93870609421243
3407,Modeling Pastes For Child Etc; Denta Impr Cp Etc,7,Greece,0.0185933524297931,1.8593352429793102,0.0616168036620639,6.16168036620639
3407,Modeling Pastes For Child Etc; Denta Impr Cp Etc,8,Romania,0.013434612015640281,1.3434612015640282,0.0758016293292676,7.5801629329267595
3407,Modeling Pastes For Child Etc; Denta Impr Cp Etc,9,Switzerland,0.011440590803269299,1.14405908032693,0.1085421438537269,10.854214385372691
3407,Modeling Pastes For Child Etc; Denta Impr Cp Etc,10,Thailand,0.010771337347492867,1.0771337347492866,0.104531277633521,10.4531277633521
3901,"Polymers Of Ethylene, In Primary Forms",1,Canada,0.8498955443415027,84.98955443415028,0.002934794182724,0.2934794182724
3901,"Polymers Of Ethylene, In Primary Forms",2,Mexico,0.041353057630349715,4.135305763034972,0.0032175093028177,0.32175093028177
3901,"Polymers Of Ethylene, In Primary Forms",3,Germany,0.028095557698835164,2.8095557698835165,0.117944633998518,11.7944633998518
3901,"Polymers Of Ethylene, In Primary Forms",4,"Korea, South",0.023981610428875876,2.3981610428875877,0.0621038196647397,6.21038196647397
3901,"Polymers Of Ethylene, In Primary Forms",5,Japan,0.012755151038529646,1.2755151038529646,0.1083138803357952,10.83138803357952
3901,"Polymers Of Ethylene, In Primary Forms",6,China,0.011216026870691571,1.1216026870691571,0.4422750434687024,44.22750434687024
3901,"Polymers Of Ethylene, In Primary Forms",7,Singapore,0.00857035345667041,0.8570353456670411,0.0612936555886983,6.12936555886983
3901,"Polymers Of Ethylene, In Primary Forms",8,Sweden,0.008372477535551957,0.8372477535551957,0.1104843843947915,11.048438439479149
3901,"Polymers Of Ethylene, In Primary Forms",9,Belgium,0.008270986210732878,0.8270986210732878,0.0852814729783322,8.52814729783322
3901,"Polymers Of Ethylene, In Primary Forms",10,France,0.007489234788260101,0.7489234788260102,0.0762083086130601,7.62083086130601
3902,"Polymers Of Propylene Or Other Olefins, Prim Forms",1,Canada,0.3154967566961203,31.549675669612032,0.0055723445297173,0.55723445297173
3902,"Polymers Of Propylene Or Other Olefins, Prim Forms",2,"Korea, South",0.24082163470401427,24.082163470401426,0.0623170630170652,6.23170630170652
3902,"Polymers Of Propylene Or Other Olefins, Prim Forms",3,Singapore,0.09626408108112756,9.626408108112756,0.0524490789605743,5.24490789605743
3902,"Polymers Of Propylene Or Other Olefins, Prim Forms",4,Germany,0.09460711361970627,9.460711361970626,0.1184324723317583,11.84324723317583
3902,"Polymers Of Propylene Or Other Olefins, Prim Forms",5,Japan,0.08013532055504488,8.013532055504488,0.1018937932166045,10.18937932166045
3902,"Polymers Of Propylene Or Other Olefins, Prim Forms",6,France,0.04846458841654824,4.846458841654824,0.0832920945150293,8.32920945150293
3902,"Polymers Of Propylene Or Other Olefins, Prim Forms",7,Belgium,0.038073712971880704,3.8073712971880704,0.1142699912450442,11.42699912450442
3902,"Polymers Of Propylene Or Other Olefins, Prim Forms",8,Netherlands,0.03600968986326579,3.600968986326579,0.0731392883164956,7.3139288316495605
3902,"Polymers Of Propylene Or Other Olefins, Prim Forms",9,Mexico,0.025140729144779463,2.5140729144779463,0.0112691928136525,1.12691928136525
3902,"Polymers Of Propylene Or Other Olefins, Prim Forms",10,Saudi Arabia,0.024986372947512468,2.498637294751247,0.1044793217201644,10.44793217201644
3903,"Polymers Of Styrene, In Primary Forms",1,Mexico,0.3395558546798451,33.95558546798451,0.0022643262598063,0.22643262598063
3903,"Polymers Of Styrene, In Primary Forms",2,"Korea, South",0.26318724797831955,26.318724797831955,0.0730364421032506,7.30364421032506
3903,"Polymers Of Styrene, In Primary Forms",3,Canada,0.12421153730297121,12.42115373029712,0.0011541425936503,0.11541425936503001
3903,"Polymers Of Styrene, In Primary Forms",4,Taiwan,0.10108946904910884,10.108946904910884,0.1351291228823028,13.51291228823028
3903,"Polymers Of Styrene, In Primary Forms",5,Bahamas,0.04265182262406783,4.265182262406783,0.0440809793902424,4.40809793902424
3903,"Polymers Of Styrene, In Primary Forms",6,Japan,0.037392700035895815,3.7392700035895814,0.126817478954418,12.6817478954418
3903,"Polymers Of Styrene, In Primary Forms",7,Germany,0.035233351669072925,3.5233351669072923,0.1187651806912981,11.87651806912981
3903,"Polymers Of Styrene, In Primary Forms",8,Netherlands,0.02504349930827923,2.5043499308279227,0.1296775122698283,12.967751226982829
3903,"Polymers Of Styrene, In Primary Forms",9,China,0.01737521534874616,1.737521534874616,0.5057829425845621,50.57829425845621
3903,"Polymers Of Styrene, In Primary Forms",10,Belgium,0.014259302003693235,1.4259302003693235,0.1267479304364922,12.67479304364922
3904,"Polymers Of Vinyl Chloride Etc., In Primary Forms",1,Canada,0.22863899121417905,22.863899121417905,0.0044101967007206,0.44101967007206005
3904,"Polymers Of Vinyl Chloride Etc., In Primary Forms",2,Japan,0.1909761666757159,19.09761666757159,0.1020662760565404,10.20662760565404
3904,"Polymers Of Vinyl Chloride Etc., In Primary Forms",3,Germany,0.13324951088587578,13.324951088587579,0.1048375318156273,10.48375318156273
3904,"Polymers Of Vinyl Chloride Etc., In Primary Forms",4,Italy,0.11338304618353842,11.338304618353842,0.0810819293208335,8.10819293208335
3904,"Polymers Of Vinyl Chloride Etc., In Primary Forms",5,France,0.08197459213839887,8.197459213839888,0.1235603508945969,12.35603508945969
3904,"Polymers Of Vinyl Chloride Etc., In Primary Forms",6,China,0.0793311913243299,7.93311913243299,0.4993064846597835,49.93064846597835
3904,"Polymers Of Vinyl Chloride Etc., In Primary Forms",7,India,0.05956736968793357,5.956736968793357,0.0983218770161413,9.83218770161413
3904,"Polymers Of Vinyl Chloride Etc., In Primary Forms",8,Mexico,0.04938552032893048,4.938552032893048,0.0017073683195586,0.17073683195586
3904,"Polymers Of Vinyl Chloride Etc., In Primary Forms",9,Netherlands,0.03571204872398112,3.5712048723981122,0.0950190164951664,9.50190164951664
3904,"Polymers Of Vinyl Chloride Etc., In Primary Forms",10,Colombia,0.027781562837116823,2.778156283711682,0.0187512477552209,1.87512477552209
3905,"Polymers Of Vinyl Acetate & Oth Vinyl Polym, Pr Fm",1,Germany,0.24512899262287827,24.512899262287828,0.0966348659196534,9.66348659196534
3905,"Polymers Of Vinyl Acetate & Oth Vinyl Polym, Pr Fm",2,Taiwan,0.22082175410977312,22.08217541097731,0.0823189822548058,8.23189822548058
3905,"Polymers Of Vinyl Acetate & Oth Vinyl Polym, Pr Fm",3,Canada,0.16547387776069084,16.547387776069083,0.0029011634075513,0.29011634075513
3905,"Polymers Of Vinyl Acetate & Oth Vinyl Polym, Pr Fm",4,Japan,0.12500753090885536,12.500753090885535,0.0753527549271298,7.53527549271298
3905,"Polymers Of Vinyl Acetate & Oth Vinyl Polym, Pr Fm",5,Singapore,0.06281128360699587,6.2811283606995865,0.0691677722928485,6.9167772292848495
3905,"Polymers Of Vinyl Acetate & Oth Vinyl Polym, Pr Fm",6,China,0.05585427052533177,5.585427052533177,0.4323987149855198,43.23987149855198
3905,"Polymers Of Vinyl Acetate & Oth Vinyl Polym, Pr Fm",7,Netherlands,0.05155828519624897,5.155828519624897,0.0704320667072539,7.0432066707253895
3905,"Polymers Of Vinyl Acetate & Oth Vinyl Polym, Pr Fm",8,United Kingdom,0.031091804948989908,3.109180494898991,0.0852820859054512,8.52820859054512
3905,"Polymers Of Vinyl Acetate & Oth Vinyl Polym, Pr Fm",9,India,0.022668418191916024,2.2668418191916024,0.1952603563236195,19.52603563236195
3905,"Polymers Of Vinyl Acetate & Oth Vinyl Polym, Pr Fm",10,Mexico,0.019583782128319956,1.9583782128319955,0.0045465605215751,0.45465605215751
3906,Acrylic Polymers In Primary Forms,1,Japan,0.22124085542317248,22.12408554231725,0.0462884968481033,4.62884968481033
3906,Acrylic Polymers In Primary Forms,2,Canada,0.1847735903945841,18.47735903945841,0.0028730127055357,0.28730127055357
3906,Acrylic Polymers In Primary Forms,3,Germany,0.14602786382328933,14.602786382328933,0.0411994390681468,4.1199439068146795
3906,Acrylic Polymers In Primary Forms,4,"Korea, South",0.10023791260613782,10.023791260613782,0.0331480920922537,3.3148092092253703
3906,Acrylic Polymers In Primary Forms,5,Mexico,0.08728845845100758,8.728845845100757,0.0036197086304242,0.36197086304242
3906,Acrylic Polymers In Primary Forms,6,France,0.07308038008577339,7.308038008577339,0.0328256294668344,3.28256294668344
3906,Acrylic Polymers In Primary Forms,7,China,0.06760091411121193,6.760091411121192,0.4136405292566912,41.36405292566912
3906,Acrylic Polymers In Primary Forms,8,United Kingdom,0.05933850028709323,5.9338500287093225,0.0374567302859996,3.7456730285999598
3906,Acrylic Polymers In Primary Forms,9,Taiwan,0.030613685570581053,3.0613685570581053,0.0354206458276115,3.54206458276115
3906,Acrylic Polymers In Primary Forms,10,Netherlands,0.02979783924714919,2.979783924714919,0.0316405479938903,3.1640547993890302
3907,"Polyethers, Expoxides & Polyesters, Primary Forms",1,"Korea, South",0.25216957540104634,25.216957540104634,0.041332514161202,4.1332514161202
3907,"Polyethers, Expoxides & Polyesters, Primary Forms",2,Mexico,0.1640312007937776,16.403120079377757,0.0034653436353037,0.34653436353037
3907,"Polyethers, Expoxides & Polyesters, Primary Forms",3,Taiwan,0.13776856387264905,13.776856387264905,0.095108268843795,9.510826884379501
3907,"Polyethers, Expoxides & Polyesters, Primary Forms",4,Canada,0.13238659137221065,13.238659137221065,0.0035338124681907,0.35338124681907
3907,"Polyethers, Expoxides & Polyesters, Primary Forms",5,Germany,0.10221671367732375,10.221671367732375,0.0761859314810586,7.61859314810586
3907,"Polyethers, Expoxides & Polyesters, Primary Forms",6,Thailand,0.060269437214845144,6.026943721484514,0.097193261415896,9.7193261415896
3907,"Polyethers, Expoxides & Polyesters, Primary Forms",7,Japan,0.05317268308742037,5.317268308742037,0.0689084935130409,6.89084935130409
3907,"Polyethers, Expoxides & Polyesters, Primary Forms",8,Vietnam,0.04085171743276731,4.085171743276731,0.1048980934350301,10.489809343503008
3907,"Polyethers, Expoxides & Polyesters, Primary Forms",9,Netherlands,0.028929091320074558,2.8929091320074556,0.077541193643913,7.7541193643913005
3907,"Polyethers, Expoxides & Polyesters, Primary Forms",10,China,0.028204425827885172,2.8204425827885173,0.4683889702767347,46.83889702767347
3908,Polyamides In Primary Forms,1,Canada,0.24313602216249777,24.313602216249777,0.0030113778949434,0.30113778949434
3908,Polyamides In Primary Forms,2,Germany,0.23995461044228464,23.995461044228463,0.074842987602463,7.4842987602463
3908,Polyamides In Primary Forms,3,Switzerland,0.0954314293934174,9.54314293934174,0.0932821050342235,9.32821050342235
3908,Polyamides In Primary Forms,4,France,0.07109397003262181,7.109397003262181,0.0617237085067656,6.172370850676559
3908,Polyamides In Primary Forms,5,Netherlands,0.06916346704642752,6.916346704642752,0.0977749962998372,9.77749962998372
3908,Polyamides In Primary Forms,6,Slovenia,0.06879975069261365,6.8799750692613655,0.034106749253063,3.4106749253063
3908,Polyamides In Primary Forms,7,Japan,0.06278807802583325,6.278807802583325,0.0923076726334534,9.230767263345339
3908,Polyamides In Primary Forms,8,Belgium,0.05596306909565229,5.596306909565229,0.0509738543119172,5.09738543119172
3908,Polyamides In Primary Forms,9,Spain,0.046985636742886236,4.698563674288623,0.0391517042183221,3.91517042183221
3908,Polyamides In Primary Forms,10,"Korea, South",0.04668396636576547,4.668396636576547,0.0436775030557576,4.36775030557576
3909,"Amino-resins, Phenolics & Polyurethanes, Prim Form",1,Germany,0.2653508681433391,26.53508681433391,0.1036641987143777,10.366419871437769
3909,"Amino-resins, Phenolics & Polyurethanes, Prim Form",2,Canada,0.2229211828854825,22.29211828854825,0.0015985291964988,0.15985291964988002
3909,"Amino-resins, Phenolics & Polyurethanes, Prim Form",3,China,0.20766384985130057,20.766384985130056,0.365948356391533,36.5948356391533
3909,"Amino-resins, Phenolics & Polyurethanes, Prim Form",4,Belgium,0.06406455582947777,6.406455582947777,0.1113036621269077,11.13036621269077
3909,"Amino-resins, Phenolics & Polyurethanes, Prim Form",5,"Korea, South",0.06256223983209579,6.256223983209579,0.0785403777989168,7.85403777989168
3909,"Amino-resins, Phenolics & Polyurethanes, Prim Form",6,Spain,0.04721634226114982,4.721634226114982,0.1199344043159399,11.993440431593989
3909,"Amino-resins, Phenolics & Polyurethanes, Prim Form",7,Hungary,0.03648169481817851,3.648169481817851,0.138807592581275,13.880759258127501
3909,"Amino-resins, Phenolics & Polyurethanes, Prim Form",8,Japan,0.03413572686322565,3.413572686322565,0.1098421118423602,10.98421118423602
3909,"Amino-resins, Phenolics & Polyurethanes, Prim Form",9,Netherlands,0.030538103345649333,3.0538103345649334,0.1009107371707027,10.09107371707027
3909,"Amino-resins, Phenolics & Polyurethanes, Prim Form",10,Mexico,0.029065436170100954,2.9065436170100956,0.0058252541967729,0.58252541967729
3910,"Silicones, In Primary Forms",1,Germany,0.3126892028904133,31.26892028904133,0.0477563253356021,4.77563253356021
3910,"Silicones, In Primary Forms",2,Japan,0.22423069156653067,22.423069156653067,0.0552920071089404,5.52920071089404
3910,"Silicones, In Primary Forms",3,China,0.12262287873795634,12.262287873795634,0.4454390854492418,44.54390854492418
3910,"Silicones, In Primary Forms",4,Canada,0.11542689012039828,11.542689012039828,0.0151456297270483,1.51456297270483
3910,"Silicones, In Primary Forms",5,France,0.05555198152664073,5.555198152664073,0.0516973820158091,5.16973820158091
3910,"Silicones, In Primary Forms",6,Brazil,0.05439332290548863,5.439332290548863,0.0507646900104452,5.07646900104452
3910,"Silicones, In Primary Forms",7,Thailand,0.04178776020082215,4.178776020082215,0.0703004597841743,7.03004597841743
3910,"Silicones, In Primary Forms",8,"Korea, South",0.037348312850386,3.7348312850386,0.0457765393270777,4.57765393270777
3910,"Silicones, In Primary Forms",9,Belgium,0.02218445591714116,2.218445591714116,0.061537069108155,6.1537069108155
3910,"Silicones, In Primary Forms",10,United Kingdom,0.013764503284222756,1.3764503284222755,0.0593807568190017,5.93807568190017
3911,"Petro Resins, Polysulfides Etc Nesoi, Primary Form",1,Germany,0.2336826780295472,23.36826780295472,0.0472466214072484,4.72466214072484
3911,"Petro Resins, Polysulfides Etc Nesoi, Primary Form",2,Japan,0.15745358731976303,15.745358731976303,0.05738920497527,5.738920497527
3911,"Petro Resins, Polysulfides Etc Nesoi, Primary Form",3,United Kingdom,0.13290173642586625,13.290173642586625,0.0405590708318027,4.05590708318027
3911,"Petro Resins, Polysulfides Etc Nesoi, Primary Form",4,"Korea, South",0.12205439848140268,12.205439848140268,0.048888093491698,4.8888093491698
3911,"Petro Resins, Polysulfides Etc Nesoi, Primary Form",5,Canada,0.12082104861337185,12.082104861337186,0.0040386505645874,0.40386505645874
3911,"Petro Resins, Polysulfides Etc Nesoi, Primary Form",6,China,0.11603322684438584,11.603322684438584,0.482047433051417,48.2047433051417
3911,"Petro Resins, Polysulfides Etc Nesoi, Primary Form",7,France,0.06081161556774997,6.0811615567749975,0.0992070788880835,9.92070788880835
3911,"Petro Resins, Polysulfides Etc Nesoi, Primary Form",8,India,0.02220456710831157,2.220456710831157,0.0659871162731446,6.598711627314461
3911,"Petro Resins, Polysulfides Etc Nesoi, Primary Form",9,Taiwan,0.017574981419160227,1.7574981419160227,0.1167830864353672,11.67830864353672
3911,"Petro Resins, Polysulfides Etc Nesoi, Primary Form",10,Netherlands,0.016462160190441343,1.6462160190441344,0.1013678910656124,10.13678910656124
3912,"Cellulose And Chemical Deriv Nesoi, Primary Forms",1,Germany,0.2759964534714053,27.599645347140527,0.0390635212090199,3.9063521209019902
3912,"Cellulose And Chemical Deriv Nesoi, Primary Forms",2,Japan,0.13562227878481084,13.562227878481083,0.0251315944481028,2.51315944481028
3912,"Cellulose And Chemical Deriv Nesoi, Primary Forms",3,"Korea, South",0.1157928968757812,11.57928968757812,0.0034527222193238,0.34527222193238
3912,"Cellulose And Chemical Deriv Nesoi, Primary Forms",4,China,0.09540151664189854,9.540151664189853,0.4247235674543825,42.47235674543825
3912,"Cellulose And Chemical Deriv Nesoi, Primary Forms",5,Belgium,0.08763414375537237,8.763414375537238,0.0212277052017258,2.1227705201725797
3912,"Cellulose And Chemical Deriv Nesoi, Primary Forms",6,Brazil,0.07279989979258718,7.279989979258718,0.2081453103034618,20.81453103034618
3912,"Cellulose And Chemical Deriv Nesoi, Primary Forms",7,Czech Republic,0.06413162674307628,6.413162674307628,0.1128695148193664,11.28695148193664
3912,"Cellulose And Chemical Deriv Nesoi, Primary Forms",8,India,0.05505598074423501,5.505598074423501,0.0276168559450702,2.76168559450702
3912,"Cellulose And Chemical Deriv Nesoi, Primary Forms",9,Mexico,0.04994896446908914,4.994896446908914,0.0024211647244445,0.24211647244445
3912,"Cellulose And Chemical Deriv Nesoi, Primary Forms",10,Thailand,0.047616238721744183,4.761623872174418,0.0421218957159347,4.21218957159347
3913,"Natural (inc Modified) Polymers Nesoi, Primary Fms",1,China,0.2873306131524451,28.733061315244512,0.4210036628137182,42.10036628137182
3913,"Natural (inc Modified) Polymers Nesoi, Primary Fms",2,Sweden,0.19631961431075914,19.631961431075915,0.0248932000772232,2.48932000772232
3913,"Natural (inc Modified) Polymers Nesoi, Primary Fms",3,Austria,0.17622684048169604,17.622684048169603,0.0373377436912627,3.73377436912627
3913,"Natural (inc Modified) Polymers Nesoi, Primary Fms",4,Norway,0.07810885470712067,7.810885470712067,0.1023373782332308,10.23373782332308
3913,"Natural (inc Modified) Polymers Nesoi, Primary Fms",5,France,0.06658325420624256,6.658325420624256,0.0375948732767682,3.75948732767682
3913,"Natural (inc Modified) Polymers Nesoi, Primary Fms",6,Japan,0.06396784122698385,6.396784122698385,0.0775682011861556,7.756820118615559
3913,"Natural (inc Modified) Polymers Nesoi, Primary Fms",7,Italy,0.03856124806854497,3.856124806854497,0.0446484506757802,4.46484506757802
3913,"Natural (inc Modified) Polymers Nesoi, Primary Fms",8,United Kingdom,0.03516616089765604,3.5166160897656042,0.079779812931871,7.9779812931871
3913,"Natural (inc Modified) Polymers Nesoi, Primary Fms",9,Canada,0.03051030516058736,3.051030516058736,0.0171427639979352,1.7142763997935202
3913,"Natural (inc Modified) Polymers Nesoi, Primary Fms",10,Denmark,0.02722526778796421,2.722526778796421,0.0249074715552135,2.4907471555213503
3914,"Ion-exchangers Basd On Plastics, In Primary Forms",1,Sweden,0.35114469024033884,35.11446902403389,0.0212669838847522,2.1266983884752197
3914,"Ion-exchangers Basd On Plastics, In Primary Forms",2,China,0.1534572832862495,15.345728328624949,0.4367701211681468,43.67701211681468
3914,"Ion-exchangers Basd On Plastics, In Primary Forms",3,France,0.10112376828462857,10.112376828462857,0.0246457039652863,2.46457039652863
3914,"Ion-exchangers Basd On Plastics, In Primary Forms",4,Germany,0.08258835811736474,8.258835811736475,0.0183393153606136,1.83393153606136
3914,"Ion-exchangers Basd On Plastics, In Primary Forms",5,Canada,0.07553266207358385,7.5532662073583845,0.009651772529844,0.9651772529843999
3914,"Ion-exchangers Basd On Plastics, In Primary Forms",6,India,0.07078609827281394,7.078609827281395,0.0276343604622721,2.76343604622721
3914,"Ion-exchangers Basd On Plastics, In Primary Forms",7,Switzerland,0.06777898517504319,6.777898517504319,0.0250098512330326,2.50098512330326
3914,"Ion-exchangers Basd On Plastics, In Primary Forms",8,Romania,0.04106729220876011,4.106729220876011,0.0207547098024727,2.0754709802472697
3914,"Ion-exchangers Basd On Plastics, In Primary Forms",9,Japan,0.02979943083580309,2.9799430835803093,0.0216191564729053,2.16191564729053
3914,"Ion-exchangers Basd On Plastics, In Primary Forms",10,United Kingdom,0.026721431505414135,2.6721431505414133,0.0362105185847891,3.62105185847891
3915,"Waste, Parings And Scrap, Of Plastics",1,Canada,0.3671468838212183,36.71468838212183,0.0059267860998711,0.59267860998711
3915,"Waste, Parings And Scrap, Of Plastics",2,Mexico,0.29696219399674384,29.696219399674384,0.0067749800299984,0.6774980029998401
3915,"Waste, Parings And Scrap, Of Plastics",3,Thailand,0.05674899521334879,5.674899521334878,0.0330834460588725,3.30834460588725
3915,"Waste, Parings And Scrap, Of Plastics",4,Japan,0.0549934094532795,5.499340945327949,0.0225548049171176,2.2554804917117597
3915,"Waste, Parings And Scrap, Of Plastics",5,Honduras,0.05048175581572846,5.048175581572846,0.0058851861123169,0.58851861123169
3915,"Waste, Parings And Scrap, Of Plastics",6,Indonesia,0.04640070173741744,4.640070173741744,0.0255185637478099,2.5518563747809897
3915,"Waste, Parings And Scrap, Of Plastics",7,Ecuador,0.04366573312412381,4.366573312412381,0.0199147789422495,1.9914778942249503
3915,"Waste, Parings And Scrap, Of Plastics",8,Czech Republic,0.03273520778810832,3.273520778810832,0.0506935423004154,5.06935423004154
3915,"Waste, Parings And Scrap, Of Plastics",9,Italy,0.02714742623781307,2.714742623781307,0.0610879090298959,6.10879090298959
3915,"Waste, Parings And Scrap, Of Plastics",10,Taiwan,0.023717692812218426,2.3717692812218427,0.0514957253664663,5.14957253664663
3916,"Monofil, Cr-sect Ovimm, Rods, Sticks Etc, Plastics",1,Canada,0.7173928206972296,71.73928206972296,0.0023968424918099,0.23968424918099
3916,"Monofil, Cr-sect Ovimm, Rods, Sticks Etc, Plastics",2,China,0.1062800911038995,10.62800911038995,0.5221434485284111,52.21434485284111
3916,"Monofil, Cr-sect Ovimm, Rods, Sticks Etc, Plastics",3,Germany,0.045692418621663726,4.569241862166373,0.1223811076090194,12.23811076090194
3916,"Monofil, Cr-sect Ovimm, Rods, Sticks Etc, Plastics",4,Mexico,0.03824312238046611,3.824312238046611,0.0172798709339851,1.72798709339851
3916,"Monofil, Cr-sect Ovimm, Rods, Sticks Etc, Plastics",5,United Kingdom,0.02386389725297502,2.386389725297502,0.108397756319018,10.8397756319018
3916,"Monofil, Cr-sect Ovimm, Rods, Sticks Etc, Plastics",6,India,0.016928134934934655,1.6928134934934655,0.1602724146677268,16.02724146677268
3916,"Monofil, Cr-sect Ovimm, Rods, Sticks Etc, Plastics",7,Vietnam,0.015642646654738697,1.5642646654738697,0.1491498002182122,14.91498002182122
3916,"Monofil, Cr-sect Ovimm, Rods, Sticks Etc, Plastics",8,Italy,0.014757448784388812,1.4757448784388811,0.1261751999600819,12.61751999600819
3916,"Monofil, Cr-sect Ovimm, Rods, Sticks Etc, Plastics",9,France,0.011050108559474494,1.1050108559474494,0.0997076284266778,9.97076284266778
3916,"Monofil, Cr-sect Ovimm, Rods, Sticks Etc, Plastics",10,Israel,0.010149311010229351,1.0149311010229352,0.0905571970036111,9.055719700361111
3917,"Tubes, Pipes & Hoses & Their Fittings, Of Plastics",1,Canada,0.2371364196097628,23.713641960976283,0.0054190257337859,0.54190257337859
3917,"Tubes, Pipes & Hoses & Their Fittings, Of Plastics",2,Mexico,0.22898274347256353,22.898274347256354,0.0224883757389467,2.24883757389467
3917,"Tubes, Pipes & Hoses & Their Fittings, Of Plastics",3,China,0.18181614966592444,18.181614966592445,0.4616539731297001,46.16539731297001
3917,"Tubes, Pipes & Hoses & Their Fittings, Of Plastics",4,Germany,0.07985672679597382,7.985672679597382,0.1040209289567824,10.40209289567824
3917,"Tubes, Pipes & Hoses & Their Fittings, Of Plastics",5,Taiwan,0.07062184950684239,7.062184950684239,0.1215330137273922,12.15330137273922
3917,"Tubes, Pipes & Hoses & Their Fittings, Of Plastics",6,Singapore,0.05584522888109391,5.584522888109391,0.004901400722795,0.4901400722795
3917,"Tubes, Pipes & Hoses & Their Fittings, Of Plastics",7,United Kingdom,0.04765785378072055,4.765785378072055,0.1022518444262519,10.22518444262519
3917,"Tubes, Pipes & Hoses & Their Fittings, Of Plastics",8,Japan,0.0429205908000422,4.29205908000422,0.1031582522765927,10.31582522765927
3917,"Tubes, Pipes & Hoses & Their Fittings, Of Plastics",9,Italy,0.02820582318742664,2.820582318742664,0.1151097496392665,11.51097496392665
3917,"Tubes, Pipes & Hoses & Their Fittings, Of Plastics",10,"Korea, South",0.026956614299649784,2.6956614299649786,0.0871414309760434,8.71414309760434
3918,"Floor Cover (rolls & Tiles) & Wall Cover, Plastics",1,China,0.4174556961874946,41.745569618749464,0.4344395409753991,43.44395409753991
3918,"Floor Cover (rolls & Tiles) & Wall Cover, Plastics",2,Vietnam,0.320950967182111,32.0950967182111,0.1401675360470081,14.01675360470081
3918,"Floor Cover (rolls & Tiles) & Wall Cover, Plastics",3,"Korea, South",0.12082136322750896,12.082136322750896,0.081008405501583,8.100840550158301
3918,"Floor Cover (rolls & Tiles) & Wall Cover, Plastics",4,Thailand,0.041984765717995684,4.198476571799568,0.1259088993810596,12.59088993810596
3918,"Floor Cover (rolls & Tiles) & Wall Cover, Plastics",5,Mexico,0.027810937258060435,2.7810937258060435,0.001540717139285,0.1540717139285
3918,"Floor Cover (rolls & Tiles) & Wall Cover, Plastics",6,Taiwan,0.020288260982460254,2.0288260982460256,0.1340271657586458,13.402716575864579
3918,"Floor Cover (rolls & Tiles) & Wall Cover, Plastics",7,Canada,0.017566452534438646,1.7566452534438646,0.0079880383235178,0.7988038323517801
3918,"Floor Cover (rolls & Tiles) & Wall Cover, Plastics",8,India,0.016497593680478442,1.6497593680478442,0.1374746430151117,13.747464301511169
3918,"Floor Cover (rolls & Tiles) & Wall Cover, Plastics",9,France,0.009477156364961723,0.9477156364961723,0.1273770664149554,12.737706641495539
3918,"Floor Cover (rolls & Tiles) & Wall Cover, Plastics",10,United Kingdom,0.00714680686449021,0.7146806864490209,0.1253446212815024,12.53446212815024
3919,"Self-adhesive Plates, Sheets, Film Etc Of Plastics",1,China,0.18516337306475777,18.516337306475776,0.4824367945885666,48.24367945885666
3919,"Self-adhesive Plates, Sheets, Film Etc Of Plastics",2,Canada,0.17665205217058394,17.665205217058393,0.0158258754213675,1.58258754213675
3919,"Self-adhesive Plates, Sheets, Film Etc Of Plastics",3,Mexico,0.14404025674559803,14.404025674559803,0.0290235268063709,2.9023526806370903
3919,"Self-adhesive Plates, Sheets, Film Etc Of Plastics",4,Taiwan,0.12927049356546824,12.927049356546824,0.1506759917944605,15.06759917944605
3919,"Self-adhesive Plates, Sheets, Film Etc Of Plastics",5,Germany,0.09066871688922334,9.066871688922335,0.1242221338485749,12.422213384857491
3919,"Self-adhesive Plates, Sheets, Film Etc Of Plastics",6,"Korea, South",0.08625851627201264,8.625851627201264,0.0880208394386977,8.802083943869771
3919,"Self-adhesive Plates, Sheets, Film Etc Of Plastics",7,Japan,0.07725443844174364,7.725443844174364,0.1214240550356555,12.14240550356555
3919,"Self-adhesive Plates, Sheets, Film Etc Of Plastics",8,India,0.05502242829979359,5.502242829979359,0.1685089951643644,16.850899516436442
3919,"Self-adhesive Plates, Sheets, Film Etc Of Plastics",9,France,0.02984977144247204,2.9849771442472037,0.1225594697005314,12.25594697005314
3919,"Self-adhesive Plates, Sheets, Film Etc Of Plastics",10,United Kingdom,0.02581995310834666,2.581995310834666,0.1235295893909717,12.352958939097169
3920,"Plates, Sheets, Film Etc No Ad, Non-cel Etc, Plast",1,Canada,0.3500418614585419,35.00418614585419,0.002661962781495,0.26619627814950003
3920,"Plates, Sheets, Film Etc No Ad, Non-cel Etc, Plast",2,Mexico,0.1778256077955606,17.782560779556057,0.0011999212199302,0.11999212199301999
3920,"Plates, Sheets, Film Etc No Ad, Non-cel Etc, Plast",3,"Korea, South",0.07861719948113695,7.861719948113695,0.0819685959396337,8.196859593963369
3920,"Plates, Sheets, Film Etc No Ad, Non-cel Etc, Plast",4,Germany,0.07729508096836422,7.7295080968364225,0.114822608155346,11.4822608155346
3920,"Plates, Sheets, Film Etc No Ad, Non-cel Etc, Plast",5,China,0.07537552773839185,7.5375527738391845,0.4575496846702921,45.75496846702921
3920,"Plates, Sheets, Film Etc No Ad, Non-cel Etc, Plast",6,Oman,0.06774186202994863,6.774186202994863,0.0623453156187825,6.23453156187825
3920,"Plates, Sheets, Film Etc No Ad, Non-cel Etc, Plast",7,Japan,0.054051290281629374,5.405129028162937,0.1115885646557868,11.15885646557868
3920,"Plates, Sheets, Film Etc No Ad, Non-cel Etc, Plast",8,Thailand,0.03980533039713368,3.980533039713368,0.1158490704120508,11.58490704120508
3920,"Plates, Sheets, Film Etc No Ad, Non-cel Etc, Plast",9,India,0.03964991214413567,3.9649912144135673,0.1718684300879585,17.186843008795847
3920,"Plates, Sheets, Film Etc No Ad, Non-cel Etc, Plast",10,Taiwan,0.03959632770515712,3.959632770515712,0.1312401618356206,13.124016183562059
3921,"Plates, Sheets, Film, Foil & Strip Nesoi, Plastics",1,Canada,0.25328493731733315,25.328493731733314,0.0042853165045096,0.42853165045096
3921,"Plates, Sheets, Film, Foil & Strip Nesoi, Plastics",2,"Korea, South",0.18193618652178942,18.19361865217894,0.0870482920587738,8.704829205877381
3921,"Plates, Sheets, Film, Foil & Strip Nesoi, Plastics",3,Germany,0.12389562851627484,12.389562851627483,0.1210678055294946,12.106780552949461
3921,"Plates, Sheets, Film, Foil & Strip Nesoi, Plastics",4,Mexico,0.10503304709577237,10.503304709577236,0.008508739811603,0.8508739811603
3921,"Plates, Sheets, Film, Foil & Strip Nesoi, Plastics",5,China,0.10053315721286635,10.053315721286635,0.4889554018588658,48.89554018588658
3921,"Plates, Sheets, Film, Foil & Strip Nesoi, Plastics",6,Japan,0.07853271790779255,7.853271790779255,0.1221402737072765,12.21402737072765
3921,"Plates, Sheets, Film, Foil & Strip Nesoi, Plastics",7,India,0.06283575565454758,6.283575565454758,0.1712998272946732,17.12998272946732
3921,"Plates, Sheets, Film, Foil & Strip Nesoi, Plastics",8,Italy,0.034105682262460836,3.4105682262460837,0.1118840765496771,11.18840765496771
3921,"Plates, Sheets, Film, Foil & Strip Nesoi, Plastics",9,Turkey,0.032185596518793165,3.2185596518793167,0.1376528119827739,13.76528119827739
3921,"Plates, Sheets, Film, Foil & Strip Nesoi, Plastics",10,Poland,0.02765729099236966,2.765729099236966,0.1103168592912098,11.031685929120979
3922,"Baths, Washbasins, Lavatory Seats Etc Of Plastics",1,China,0.47585842466163664,47.58584246616366,0.316742580249532,31.6742580249532
3922,"Baths, Washbasins, Lavatory Seats Etc Of Plastics",2,Canada,0.20508544369916923,20.508544369916923,0.003959000038045,0.3959000038045
3922,"Baths, Washbasins, Lavatory Seats Etc Of Plastics",3,Mexico,0.08449525862266989,8.44952586226699,0.0071920518625917,0.71920518625917
3922,"Baths, Washbasins, Lavatory Seats Etc Of Plastics",4,Malaysia,0.07784135782343743,7.784135782343743,0.1523113757894619,15.231137578946191
3922,"Baths, Washbasins, Lavatory Seats Etc Of Plastics",5,Thailand,0.06078801441582147,6.078801441582147,0.1166500415723307,11.66500415723307
3922,"Baths, Washbasins, Lavatory Seats Etc Of Plastics",6,"Korea, South",0.029186390194558386,2.9186390194558385,0.0987746805969477,9.87746805969477
3922,"Baths, Washbasins, Lavatory Seats Etc Of Plastics",7,Vietnam,0.026167344521709927,2.6167344521709928,0.1650889183469955,16.50889183469955
3922,"Baths, Washbasins, Lavatory Seats Etc Of Plastics",8,Germany,0.015394079164214307,1.5394079164214307,0.1248295969393411,12.482959693934111
3922,"Baths, Washbasins, Lavatory Seats Etc Of Plastics",9,South Africa,0.015312349068896013,1.5312349068896014,0.1800862134826077,18.00862134826077
3922,"Baths, Washbasins, Lavatory Seats Etc Of Plastics",10,Egypt,0.009871337827886665,0.9871337827886665,0.0565239461272087,5.65239461272087
3923,"Containers (boxes, Bags Etc), Closurers Etc, Plast",1,Canada,0.2822523820744901,28.22523820744901,0.004494935128925,0.4494935128925
3923,"Containers (boxes, Bags Etc), Closurers Etc, Plast",2,China,0.2448991336419208,24.48991336419208,0.456365414257908,45.6365414257908
3923,"Containers (boxes, Bags Etc), Closurers Etc, Plast",3,Mexico,0.19849694789994332,19.84969478999433,0.0069703042912214,0.6970304291221401
3923,"Containers (boxes, Bags Etc), Closurers Etc, Plast",4,Taiwan,0.06459750740949834,6.459750740949834,0.1159027068733471,11.59027068733471
3923,"Containers (boxes, Bags Etc), Closurers Etc, Plast",5,Vietnam,0.04694212180534302,4.694212180534302,0.1239207395861576,12.392073958615759
3923,"Containers (boxes, Bags Etc), Closurers Etc, Plast",6,"Korea, South",0.04349583476196465,4.3495834761964645,0.0855595324219181,8.55595324219181
3923,"Containers (boxes, Bags Etc), Closurers Etc, Plast",7,Thailand,0.041728750169391766,4.172875016939177,0.1151233552957553,11.51233552957553
3923,"Containers (boxes, Bags Etc), Closurers Etc, Plast",8,India,0.02808072101871925,2.8080721018719252,0.1780363073589402,17.803630735894018
3923,"Containers (boxes, Bags Etc), Closurers Etc, Plast",9,Germany,0.024859496442437914,2.4859496442437914,0.1108931792497498,11.08931792497498
3923,"Containers (boxes, Bags Etc), Closurers Etc, Plast",10,Malaysia,0.02464710477629079,2.464710477629079,0.1288819659291883,12.88819659291883
3924,"Tableware & Other Household Articles Etc, Plastics",1,China,0.8018164817764822,80.18164817764823,0.2614165526569562,26.14165526569562
3924,"Tableware & Other Household Articles Etc, Plastics",2,Mexico,0.06672164419763046,6.672164419763046,0.0029732776754557,0.29732776754557
3924,"Tableware & Other Household Articles Etc, Plastics",3,Vietnam,0.04031406526705141,4.031406526705141,0.1443766181686865,14.43766181686865
3924,"Tableware & Other Household Articles Etc, Plastics",4,Taiwan,0.032226345987208346,3.2226345987208345,0.1357770717492608,13.57770717492608
3924,"Tableware & Other Household Articles Etc, Plastics",5,Canada,0.022020992917835464,2.2020992917835462,0.0054572884974067,0.54572884974067
3924,"Tableware & Other Household Articles Etc, Plastics",6,Dominican Republic,0.008852248660595844,0.8852248660595844,0.0676590231248245,6.765902312482449
3924,"Tableware & Other Household Articles Etc, Plastics",7,Israel,0.007700270450968619,0.7700270450968618,0.0660395613271339,6.60395613271339
3924,"Tableware & Other Household Articles Etc, Plastics",8,Thailand,0.007063239919863093,0.7063239919863092,0.1670022553371371,16.700225533713713
3924,"Tableware & Other Household Articles Etc, Plastics",9,India,0.006769389059573104,0.6769389059573104,0.2119634887010991,21.19634887010991
3924,"Tableware & Other Household Articles Etc, Plastics",10,"Korea, South",0.006515321762791457,0.6515321762791457,0.0895231987414041,8.95231987414041
3925,"Builders' Ware Of Plastics, Nesoi",1,Canada,0.3408239122674733,34.082391226747326,0.0026896626468749,0.26896626468749
3925,"Builders' Ware Of Plastics, Nesoi",2,China,0.2023411765038712,20.23411765038712,0.395445493451843,39.5445493451843
3925,"Builders' Ware Of Plastics, Nesoi",3,Mexico,0.1567250507697156,15.67250507697156,0.0196267004527861,1.96267004527861
3925,"Builders' Ware Of Plastics, Nesoi",4,Cambodia,0.11209886321894523,11.209886321894523,0.0797184892107464,7.971848921074639
3925,"Builders' Ware Of Plastics, Nesoi",5,Vietnam,0.08621375868623218,8.621375868623218,0.1242298939379308,12.42298939379308
3925,"Builders' Ware Of Plastics, Nesoi",6,Taiwan,0.03237375412465677,3.237375412465677,0.1322349576967744,13.22349576967744
3925,"Builders' Ware Of Plastics, Nesoi",7,Poland,0.02096182267999114,2.0961822679991142,0.1204522894314855,12.045228943148551
3925,"Builders' Ware Of Plastics, Nesoi",8,Germany,0.01864571675968128,1.864571675968128,0.1251777367350696,12.51777367350696
3925,"Builders' Ware Of Plastics, Nesoi",9,Lithuania,0.015811528898146934,1.5811528898146934,0.1335941398485692,13.35941398485692
3925,"Builders' Ware Of Plastics, Nesoi",10,United Kingdom,0.014004416091286293,1.4004416091286294,0.1182908990757544,11.829089907575439
3926,Articles Of Plastics (inc Polymers & Resins) Nesoi,1,China,0.5257058338541672,52.570583385416725,0.3069216021224469,30.69216021224469
3926,Articles Of Plastics (inc Polymers & Resins) Nesoi,2,Mexico,0.16979246709655257,16.979246709655257,0.0248329415400488,2.4832941540048803
3926,Articles Of Plastics (inc Polymers & Resins) Nesoi,3,Canada,0.08676019915580536,8.676019915580536,0.0184345734794445,1.84345734794445
3926,Articles Of Plastics (inc Polymers & Resins) Nesoi,4,Germany,0.04363020718014708,4.363020718014708,0.118176001175256,11.8176001175256
3926,Articles Of Plastics (inc Polymers & Resins) Nesoi,5,Vietnam,0.04179267553967948,4.179267553967948,0.155472872076513,15.5472872076513
3926,Articles Of Plastics (inc Polymers & Resins) Nesoi,6,Japan,0.034048496792356095,3.4048496792356095,0.1138331025756915,11.38331025756915
3926,Articles Of Plastics (inc Polymers & Resins) Nesoi,7,Taiwan,0.03216908135500553,3.2169081355005527,0.1405255518534983,14.05255518534983
3926,Articles Of Plastics (inc Polymers & Resins) Nesoi,8,"Korea, South",0.029032532171253674,2.9032532171253673,0.0944091857580724,9.44091857580724
3926,Articles Of Plastics (inc Polymers & Resins) Nesoi,9,Israel,0.02059501481824246,2.0595014818242463,0.0685365307784867,6.85365307784867
3926,Articles Of Plastics (inc Polymers & Resins) Nesoi,10,United Kingdom,0.016473492036790528,1.647349203679053,0.1016893458623224,10.16893458623224
4801,"Newsprint, In Rolls Or Sheets",1,Canada,0.9986739419912254,99.86739419912254,0.0001273098119795,0.01273098119795
4801,"Newsprint, In Rolls Or Sheets",2,Portugal,0.000593148925677711,0.059314892567771095,0.1355114048354016,13.551140483540161
4801,"Newsprint, In Rolls Or Sheets",3,"Korea, South",0.0002634247643308933,0.02634247643308933,0.0999579124579124,9.99579124579124
4801,"Newsprint, In Rolls Or Sheets",4,Brazil,0.00013045261303492938,0.013045261303492938,,
4801,"Newsprint, In Rolls Or Sheets",5,Australia,0.00010174476853645546,0.010174476853645545,0.0999975110550637,9.99975110550637
4801,"Newsprint, In Rolls Or Sheets",6,Belgium,8.213425650700778e-05,0.008213425650700778,,
4801,"Newsprint, In Rolls Or Sheets",7,Dominican Republic,4.927173328188697e-05,0.004927173328188697,0.0999107939339875,9.99107939339875
4801,"Newsprint, In Rolls Or Sheets",8,Turkey,4.4645260382196575e-05,0.004464526038219657,0.1499013806706114,14.99013806706114
4801,"Newsprint, In Rolls Or Sheets",9,China,3.104618554259344e-05,0.003104618554259344,0.4998033818324813,49.98033818324813
4801,"Newsprint, In Rolls Or Sheets",10,Italy,3.01895014809178e-05,0.00301895014809178,,
4802,"Paper, Uncoat, For Writing Etc, Rolls; Hndmd Paper",1,Canada,0.7043386614462609,70.4338661446261,0.0001401634335817,0.014016343358170001
4802,"Paper, Uncoat, For Writing Etc, Rolls; Hndmd Paper",2,Finland,0.04997614261818028,4.997614261818028,0.0751291145924336,7.51291145924336
4802,"Paper, Uncoat, For Writing Etc, Rolls; Hndmd Paper",3,Portugal,0.04745356952737593,4.745356952737593,0.0815357863821165,8.15357863821165
4802,"Paper, Uncoat, For Writing Etc, Rolls; Hndmd Paper",4,Brazil,0.04400810354753848,4.4008103547538475,0.0889442083413346,8.89442083413346
4802,"Paper, Uncoat, For Writing Etc, Rolls; Hndmd Paper",5,Germany,0.031889138266841685,3.1889138266841686,0.0821376084882302,8.21376084882302
4802,"Paper, Uncoat, For Writing Etc, Rolls; Hndmd Paper",6,Indonesia,0.028506050649891427,2.850605064989143,0.060807310493263,6.0807310493263005
4802,"Paper, Uncoat, For Writing Etc, Rolls; Hndmd Paper",7,United Arab Emirates,0.026070773203834528,2.607077320383453,0.0598749125536424,5.987491255364239
4802,"Paper, Uncoat, For Writing Etc, Rolls; Hndmd Paper",8,Thailand,0.025751606803535592,2.575160680353559,0.0662520352827412,6.62520352827412
4802,"Paper, Uncoat, For Writing Etc, Rolls; Hndmd Paper",9,"Korea, South",0.023641673664544456,2.3641673664544456,0.0505323340224536,5.05323340224536
4802,"Paper, Uncoat, For Writing Etc, Rolls; Hndmd Paper",10,India,0.018364280271996738,1.8364280271996738,0.1083262320259029,10.83262320259029
4803,Toilet Etc Hshld/santry Stock Paper Roll Or Sheets,1,Canada,0.2761053538600825,27.61053538600825,0.0012949838285909,0.12949838285909002
4803,Toilet Etc Hshld/santry Stock Paper Roll Or Sheets,2,Mexico,0.24579832234341642,24.57983223434164,,
4803,Toilet Etc Hshld/santry Stock Paper Roll Or Sheets,3,Indonesia,0.22206530660997717,22.206530660997718,0.0656427661151772,6.5642766115177205
4803,Toilet Etc Hshld/santry Stock Paper Roll Or Sheets,4,Turkey,0.08323734629184126,8.323734629184127,0.0666531813157036,6.665318131570359
4803,Toilet Etc Hshld/santry Stock Paper Roll Or Sheets,5,Italy,0.05590210132318582,5.590210132318582,0.0652937614878667,6.529376148786669
4803,Toilet Etc Hshld/santry Stock Paper Roll Or Sheets,6,Vietnam,0.049265134611767465,4.9265134611767465,0.0776639348119216,7.766393481192161
4803,Toilet Etc Hshld/santry Stock Paper Roll Or Sheets,7,Brazil,0.02653416491732548,2.653416491732548,0.0373402567075088,3.7340256707508797
4803,Toilet Etc Hshld/santry Stock Paper Roll Or Sheets,8,United Arab Emirates,0.017507203170400814,1.7507203170400814,0.06221279256821,6.221279256821
4803,Toilet Etc Hshld/santry Stock Paper Roll Or Sheets,9,Belgium,0.012984402943993768,1.2984402943993767,0.0623638746403836,6.23638746403836
4803,Toilet Etc Hshld/santry Stock Paper Roll Or Sheets,10,France,0.010600663928009218,1.0600663928009217,0.0866372702377831,8.66372702377831
4804,"Kraft Paper & Paperboard, Uncoat Nesoi, Rolls Etc",1,Canada,0.7198685398482111,71.98685398482111,0.0001750950835027,0.01750950835027
4804,"Kraft Paper & Paperboard, Uncoat Nesoi, Rolls Etc",2,Sweden,0.08658450381319403,8.658450381319403,0.0603054124353301,6.03054124353301
4804,"Kraft Paper & Paperboard, Uncoat Nesoi, Rolls Etc",3,Finland,0.04715935162243509,4.715935162243509,0.0740469103322947,7.4046910332294695
4804,"Kraft Paper & Paperboard, Uncoat Nesoi, Rolls Etc",4,Germany,0.03963672792414753,3.9636727924147532,0.0836547675392532,8.36547675392532
4804,"Kraft Paper & Paperboard, Uncoat Nesoi, Rolls Etc",5,Mexico,0.03219575666221945,3.219575666221945,0.0005706282054826,0.05706282054826
4804,"Kraft Paper & Paperboard, Uncoat Nesoi, Rolls Etc",6,Australia,0.032003708496138684,3.2003708496138685,0.0611263026204352,6.11263026204352
4804,"Kraft Paper & Paperboard, Uncoat Nesoi, Rolls Etc",7,Japan,0.015683444894365316,1.5683444894365315,0.0619881220829505,6.19881220829505
4804,"Kraft Paper & Paperboard, Uncoat Nesoi, Rolls Etc",8,Austria,0.010102131921844119,1.010213192184412,0.0544415166293208,5.44415166293208
4804,"Kraft Paper & Paperboard, Uncoat Nesoi, Rolls Etc",9,France,0.008538077190388087,0.8538077190388087,0.0621175633398853,6.21175633398853
4804,"Kraft Paper & Paperboard, Uncoat Nesoi, Rolls Etc",10,China,0.008227757627056478,0.8227757627056478,0.4070288143419179,40.70288143419179
4805,"Paper & Paperboard, Uncoat, Nesoi, Rolls Or Sheets",1,Canada,0.802350760443053,80.2350760443053,0.0003334196538394,0.03334196538394
4805,"Paper & Paperboard, Uncoat, Nesoi, Rolls Or Sheets",2,Australia,0.03990366885128781,3.990366885128781,0.0369505958394786,3.69505958394786
4805,"Paper & Paperboard, Uncoat, Nesoi, Rolls Or Sheets",3,Germany,0.03488916938691476,3.4889169386914762,0.074051124486165,7.405112448616499
4805,"Paper & Paperboard, Uncoat, Nesoi, Rolls Or Sheets",4,United Kingdom,0.027891508344508865,2.7891508344508864,0.0607409383404908,6.07409383404908
4805,"Paper & Paperboard, Uncoat, Nesoi, Rolls Or Sheets",5,France,0.02518472766482314,2.518472766482314,0.0765428537416507,7.654285374165069
4805,"Paper & Paperboard, Uncoat, Nesoi, Rolls Or Sheets",6,Finland,0.020329595280843195,2.0329595280843193,0.0707552991301109,7.07552991301109
4805,"Paper & Paperboard, Uncoat, Nesoi, Rolls Or Sheets",7,Italy,0.01628682213939335,1.628682213939335,0.0687889318020181,6.8788931802018105
4805,"Paper & Paperboard, Uncoat, Nesoi, Rolls Or Sheets",8,Spain,0.012020961863639145,1.2020961863639146,0.0726498245161425,7.264982451614251
4805,"Paper & Paperboard, Uncoat, Nesoi, Rolls Or Sheets",9,Poland,0.010956092998738199,1.0956092998738198,0.0743607879078933,7.43607879078933
4805,"Paper & Paperboard, Uncoat, Nesoi, Rolls Or Sheets",10,Mexico,0.010186693026798402,1.0186693026798401,0.0053977349753427,0.5397734975342701
4806,"Veg Parchment, Greaseproof Papers Etc, Rolls Etc",1,Finland,0.462620482609726,46.2620482609726,0.0741319996560001,7.41319996560001
4806,"Veg Parchment, Greaseproof Papers Etc, Rolls Etc",2,France,0.23248448818609704,23.248448818609706,0.0796134400493357,7.9613440049335695
4806,"Veg Parchment, Greaseproof Papers Etc, Rolls Etc",3,Mexico,0.11203129732402281,11.203129732402282,,
4806,"Veg Parchment, Greaseproof Papers Etc, Rolls Etc",4,Norway,0.061513062201700934,6.151306220170094,0.0835749548198886,8.35749548198886
4806,"Veg Parchment, Greaseproof Papers Etc, Rolls Etc",5,Canada,0.033481539955573035,3.3481539955573036,0.0048478235979498,0.48478235979498
4806,"Veg Parchment, Greaseproof Papers Etc, Rolls Etc",6,Sweden,0.03237700981353077,3.237700981353077,0.0573625612390207,5.73625612390207
4806,"Veg Parchment, Greaseproof Papers Etc, Rolls Etc",7,Germany,0.022987176547893142,2.2987176547893142,0.0793875389146902,7.9387538914690206
4806,"Veg Parchment, Greaseproof Papers Etc, Rolls Etc",8,Austria,0.015176449044759755,1.5176449044759754,0.0897227453290621,8.97227453290621
4806,"Veg Parchment, Greaseproof Papers Etc, Rolls Etc",9,China,0.013800958048652442,1.380095804865244,0.40517431589608,40.517431589608
4806,"Veg Parchment, Greaseproof Papers Etc, Rolls Etc",10,Hungary,0.013527536268044057,1.3527536268044058,0.073332845158226,7.3332845158226
4807,"Composite Paper & Paperboard, No Surf Coat, Rl Etc",1,Netherlands,0.5678980986230266,56.78980986230266,0.0833922212235701,8.33922212235701
4807,"Composite Paper & Paperboard, No Surf Coat, Rl Etc",2,Canada,0.28391544726965806,28.391544726965805,2.2751482169841868e-05,0.002275148216984187
4807,"Composite Paper & Paperboard, No Surf Coat, Rl Etc",3,Italy,0.07010581920905566,7.010581920905566,0.066166707873041,6.6166707873041
4807,"Composite Paper & Paperboard, No Surf Coat, Rl Etc",4,United Kingdom,0.026655147448503863,2.665514744850386,0.0557115511064244,5.57115511064244
4807,"Composite Paper & Paperboard, No Surf Coat, Rl Etc",5,Germany,0.02044153122188198,2.044153122188198,0.1195639479075344,11.95639479075344
4807,"Composite Paper & Paperboard, No Surf Coat, Rl Etc",6,"Korea, South",0.011211610582684967,1.1211610582684965,0.0426339617739918,4.26339617739918
4807,"Composite Paper & Paperboard, No Surf Coat, Rl Etc",7,Sweden,0.005618658302059093,0.5618658302059093,0.0823036955145604,8.23036955145604
4807,"Composite Paper & Paperboard, No Surf Coat, Rl Etc",8,Spain,0.005498222387021945,0.5498222387021945,,
4807,"Composite Paper & Paperboard, No Surf Coat, Rl Etc",9,Japan,0.0044105418933260525,0.44105418933260526,0.0351911514381104,3.5191151438110397
4807,"Composite Paper & Paperboard, No Surf Coat, Rl Etc",10,Switzerland,0.004244923062781818,0.4244923062781818,,
4808,"Paper And Paperboard, Corrugated Etc, Rolls Etc",1,Canada,0.47478690265216855,47.478690265216855,0.0027451409698007,0.27451409698007
4808,"Paper And Paperboard, Corrugated Etc, Rolls Etc",2,France,0.2409696813549898,24.09696813549898,0.0992705324455126,9.92705324455126
4808,"Paper And Paperboard, Corrugated Etc, Rolls Etc",3,Mexico,0.11259874051450738,11.259874051450739,0.0139123513999666,1.39123513999666
4808,"Paper And Paperboard, Corrugated Etc, Rolls Etc",4,China,0.038824339736672056,3.8824339736672058,0.5063723873086918,50.637238730869186
4808,"Paper And Paperboard, Corrugated Etc, Rolls Etc",5,United Kingdom,0.03439849683475506,3.4398496834755057,0.0823718651639953,8.23718651639953
4808,"Paper And Paperboard, Corrugated Etc, Rolls Etc",6,Denmark,0.030131764594637907,3.0131764594637906,0.0223697147027827,2.2369714702782697
4808,"Paper And Paperboard, Corrugated Etc, Rolls Etc",7,Italy,0.026236799993525368,2.623679999352537,0.0998586879235474,9.98586879235474
4808,"Paper And Paperboard, Corrugated Etc, Rolls Etc",8,"Korea, South",0.01748049042634207,1.748049042634207,0.0446400779873783,4.46400779873783
4808,"Paper And Paperboard, Corrugated Etc, Rolls Etc",9,Germany,0.0154629024035788,1.54629024035788,0.0960594893304998,9.60594893304998
4808,"Paper And Paperboard, Corrugated Etc, Rolls Etc",10,New Zealand,0.009109881488822932,0.9109881488822932,,
4809,"Paper, Carbon, Self-copy Etc, Rolls Etc",1,Germany,0.2560653811392436,25.60653811392436,0.1054665735765849,10.54665735765849
4809,"Paper, Carbon, Self-copy Etc, Rolls Etc",2,Netherlands,0.23345784849830087,23.345784849830086,0.0927774626985551,9.277746269855509
4809,"Paper, Carbon, Self-copy Etc, Rolls Etc",3,"Korea, South",0.20035385074087966,20.035385074087966,0.0703261260849596,7.03261260849596
4809,"Paper, Carbon, Self-copy Etc, Rolls Etc",4,Italy,0.08675079494108007,8.675079494108006,0.0861541719557483,8.61541719557483
4809,"Paper, Carbon, Self-copy Etc, Rolls Etc",5,Malaysia,0.06421382861522242,6.4213828615222415,0.0075928881111843,0.75928881111843
4809,"Paper, Carbon, Self-copy Etc, Rolls Etc",6,Japan,0.04279696226495284,4.279696226495284,0.0986186138727659,9.861861387276589
4809,"Paper, Carbon, Self-copy Etc, Rolls Etc",7,Mexico,0.04103385536000456,4.103385536000456,0.1749601386481802,17.496013864818018
4809,"Paper, Carbon, Self-copy Etc, Rolls Etc",8,Indonesia,0.027342258264274524,2.734225826427452,0.0993425599073607,9.93425599073607
4809,"Paper, Carbon, Self-copy Etc, Rolls Etc",9,Spain,0.02477430498743358,2.477430498743358,0.138333494037862,13.8333494037862
4809,"Paper, Carbon, Self-copy Etc, Rolls Etc",10,China,0.023210915188607937,2.321091518860794,0.4685383749470049,46.85383749470049
4810,"Paper & Paperboard, Coated With Kaolin Etc, Rl Etc",1,Finland,0.24982568985884862,24.98256898588486,0.0742897278848929,7.42897278848929
4810,"Paper & Paperboard, Coated With Kaolin Etc, Rl Etc",2,Canada,0.2330445642722367,23.30445642722367,0.0002707566417606,0.02707566417606
4810,"Paper & Paperboard, Coated With Kaolin Etc, Rl Etc",3,"Korea, South",0.14513893144770354,14.513893144770353,0.0556145430130491,5.56145430130491
4810,"Paper & Paperboard, Coated With Kaolin Etc, Rl Etc",4,Sweden,0.14247629869449183,14.247629869449183,0.0702961114933091,7.0296111493309095
4810,"Paper & Paperboard, Coated With Kaolin Etc, Rl Etc",5,Germany,0.1132471749435295,11.32471749435295,0.0829896894930603,8.298968949306031
4810,"Paper & Paperboard, Coated With Kaolin Etc, Rl Etc",6,Italy,0.03822887313877885,3.822887313877885,0.0804277287083797,8.04277287083797
4810,"Paper & Paperboard, Coated With Kaolin Etc, Rl Etc",7,Austria,0.023259678953765624,2.3259678953765626,0.0672166576267078,6.72166576267078
4810,"Paper & Paperboard, Coated With Kaolin Etc, Rl Etc",8,Chile,0.019855821354018494,1.9855821354018495,0.0546884528479798,5.468845284797981
4810,"Paper & Paperboard, Coated With Kaolin Etc, Rl Etc",9,Spain,0.018468595182414612,1.846859518241461,0.078663487096473,7.8663487096473
4810,"Paper & Paperboard, Coated With Kaolin Etc, Rl Etc",10,United Kingdom,0.01645437215421212,1.645437215421212,0.0791512641746195,7.91512641746195
4811,"Paper, Paperboard, Wad Etc, Coat Etc Nesoi, Rl Etc",1,Canada,0.2998687271503694,29.986872715036938,0.0023013558130809,0.23013558130809
4811,"Paper, Paperboard, Wad Etc, Coat Etc Nesoi, Rl Etc",2,Germany,0.2525381306067525,25.253813060675252,0.0842817783254872,8.42817783254872
4811,"Paper, Paperboard, Wad Etc, Coat Etc Nesoi, Rl Etc",3,Mexico,0.12014673979802137,12.014673979802136,0.0655975736964938,6.55975736964938
4811,"Paper, Paperboard, Wad Etc, Coat Etc Nesoi, Rl Etc",4,"Korea, South",0.07589042350859129,7.589042350859129,0.0567972490521568,5.67972490521568
4811,"Paper, Paperboard, Wad Etc, Coat Etc Nesoi, Rl Etc",5,China,0.05803014536422578,5.803014536422578,0.4769036271591534,47.69036271591534
4811,"Paper, Paperboard, Wad Etc, Coat Etc Nesoi, Rl Etc",6,Japan,0.05076744752247242,5.076744752247242,0.0851396471423415,8.51396471423415
4811,"Paper, Paperboard, Wad Etc, Coat Etc Nesoi, Rl Etc",7,Brazil,0.042721689573809875,4.272168957380988,0.100373357601893,10.0373357601893
4811,"Paper, Paperboard, Wad Etc, Coat Etc Nesoi, Rl Etc",8,United Kingdom,0.042224338656764726,4.222433865676472,0.0707286758479124,7.07286758479124
4811,"Paper, Paperboard, Wad Etc, Coat Etc Nesoi, Rl Etc",9,India,0.030593385083716236,3.059338508371624,0.1630345731806619,16.30345731806619
4811,"Paper, Paperboard, Wad Etc, Coat Etc Nesoi, Rl Etc",10,Spain,0.027218972735276358,2.721897273527636,0.0775749471901863,7.75749471901863
4812,"Filter Blocks, Slabs And Plates, Of Paper Pulp",1,Germany,0.44413141119294863,44.41314111929486,0.0856957580673044,8.56957580673044
4812,"Filter Blocks, Slabs And Plates, Of Paper Pulp",2,Mexico,0.26994405003339783,26.994405003339782,,
4812,"Filter Blocks, Slabs And Plates, Of Paper Pulp",3,Denmark,0.14237834222066398,14.237834222066398,0.0730871647276366,7.30871647276366
4812,"Filter Blocks, Slabs And Plates, Of Paper Pulp",4,China,0.05355940315742898,5.355940315742898,0.430871857404153,43.0871857404153
4812,"Filter Blocks, Slabs And Plates, Of Paper Pulp",5,United Kingdom,0.03808384711188028,3.808384711188028,0.0687004268842833,6.870042688428329
4812,"Filter Blocks, Slabs And Plates, Of Paper Pulp",6,Switzerland,0.017885957199294946,1.7885957199294946,,
4812,"Filter Blocks, Slabs And Plates, Of Paper Pulp",7,Czech Republic,0.015054242449172434,1.5054242449172435,0.0745375551893402,7.45375551893402
4812,"Filter Blocks, Slabs And Plates, Of Paper Pulp",8,Sweden,0.01443876320231325,1.443876320231325,0.0158031139064835,1.58031139064835
4812,"Filter Blocks, Slabs And Plates, Of Paper Pulp",9,Canada,0.002369194483388255,0.2369194483388255,0.0095046838128381,0.9504683812838101
4812,"Filter Blocks, Slabs And Plates, Of Paper Pulp",10,"Korea, South",0.002154788949511336,0.2154788949511336,0.0814021194829393,8.14021194829393
4813,"Cigarette Paper, Cut To Size Etc Or Not",1,France,0.2147946894782381,21.47946894782381,0.0934860030263168,9.348600302631679
4813,"Cigarette Paper, Cut To Size Etc Or Not",2,Indonesia,0.19924518982149161,19.924518982149163,0.0949711022401239,9.49711022401239
4813,"Cigarette Paper, Cut To Size Etc Or Not",3,Spain,0.10213187367819368,10.213187367819367,0.0811294927051402,8.112949270514019
4813,"Cigarette Paper, Cut To Size Etc Or Not",4,India,0.09905291958407801,9.905291958407801,0.1412960906102369,14.12960906102369
4813,"Cigarette Paper, Cut To Size Etc Or Not",5,Austria,0.09221272574350552,9.221272574350552,0.0835469529540052,8.35469529540052
4813,"Cigarette Paper, Cut To Size Etc Or Not",6,Canada,0.08532618810525075,8.532618810525076,0.2082017202652863,20.82017202652863
4813,"Cigarette Paper, Cut To Size Etc Or Not",7,Finland,0.06308307313191432,6.308307313191432,0.0826839900764975,8.26839900764975
4813,"Cigarette Paper, Cut To Size Etc Or Not",8,Brazil,0.061242193090703716,6.124219309070371,0.1466864971495247,14.668649714952469
4813,"Cigarette Paper, Cut To Size Etc Or Not",9,Dominican Republic,0.04578659474888884,4.578659474888884,0.0665775990906888,6.65775990906888
4813,"Cigarette Paper, Cut To Size Etc Or Not",10,Philippines,0.03712455261773547,3.712455261773547,0.0678332752337809,6.783327523378089
4814,Wallpaper Etc.; Window Transparencies Of Paper,1,United Kingdom,0.33155377457027907,33.15537745702791,0.0665154772475225,6.651547724752251
4814,Wallpaper Etc.; Window Transparencies Of Paper,2,China,0.23507492935987234,23.507492935987234,0.2739531724089049,27.39531724089049
4814,Wallpaper Etc.; Window Transparencies Of Paper,3,Japan,0.10274053920735784,10.274053920735785,0.0886132242381168,8.861322423811679
4814,Wallpaper Etc.; Window Transparencies Of Paper,4,"Korea, South",0.09518477005701281,9.518477005701282,0.0855481138043211,8.55481138043211
4814,Wallpaper Etc.; Window Transparencies Of Paper,5,Italy,0.07583049828264976,7.583049828264976,0.0924299090181946,9.24299090181946
4814,Wallpaper Etc.; Window Transparencies Of Paper,6,Belgium,0.03952279941822909,3.952279941822909,0.0945812345637426,9.45812345637426
4814,Wallpaper Etc.; Window Transparencies Of Paper,7,Sweden,0.038308870518181055,3.8308870518181055,0.089747884722759,8.9747884722759
4814,Wallpaper Etc.; Window Transparencies Of Paper,8,France,0.03766356027935125,3.766356027935125,0.0893548134185893,8.93548134185893
4814,Wallpaper Etc.; Window Transparencies Of Paper,9,Canada,0.022394998641557883,2.239499864155788,0.0096525417415945,0.96525417415945
4814,Wallpaper Etc.; Window Transparencies Of Paper,10,Germany,0.02172525966550896,2.172525966550896,0.0760639303466958,7.60639303466958
4816,"Paper, Carbon, Self-copy Etc Nesoi, Boxed Or Not",1,Germany,0.29048471145736027,29.048471145736027,0.1198945719676093,11.989457196760931
4816,"Paper, Carbon, Self-copy Etc Nesoi, Boxed Or Not",2,Japan,0.16529524660581904,16.529524660581902,0.079591341514373,7.9591341514373
4816,"Paper, Carbon, Self-copy Etc Nesoi, Boxed Or Not",3,"Korea, South",0.1249336668923477,12.493366689234769,0.0645210823417737,6.45210823417737
4816,"Paper, Carbon, Self-copy Etc Nesoi, Boxed Or Not",4,China,0.1189744081533117,11.89744081533117,0.4645381286603361,46.45381286603361
4816,"Paper, Carbon, Self-copy Etc Nesoi, Boxed Or Not",5,Peru,0.06597029349976387,6.597029349976387,0.0771951195426625,7.719511954266251
4816,"Paper, Carbon, Self-copy Etc Nesoi, Boxed Or Not",6,Canada,0.06213876434099677,6.213876434099677,,
4816,"Paper, Carbon, Self-copy Etc Nesoi, Boxed Or Not",7,Poland,0.053495232705358546,5.349523270535855,0.1016189066774294,10.16189066774294
4816,"Paper, Carbon, Self-copy Etc Nesoi, Boxed Or Not",8,Mexico,0.05080524360007359,5.080524360007359,0.001308084916116,0.13080849161160002
4816,"Paper, Carbon, Self-copy Etc Nesoi, Boxed Or Not",9,Malaysia,0.049371185148181986,4.937118514818199,0.0620310526706782,6.203105267067819
4816,"Paper, Carbon, Self-copy Etc Nesoi, Boxed Or Not",10,Turkey,0.018531247596786576,1.8531247596786575,0.1,10.0
4817,"Envelopes, Postcards Etc & Boxes Etc Of Stationary",1,Mexico,0.4299648352658104,42.996483526581045,0.0039248626069634,0.39248626069634
4817,"Envelopes, Postcards Etc & Boxes Etc Of Stationary",2,Canada,0.21534447292442854,21.534447292442856,0.0015129148090764,0.15129148090764
4817,"Envelopes, Postcards Etc & Boxes Etc Of Stationary",3,China,0.1457262937043393,14.572629370433928,0.453112413961504,45.3112413961504
4817,"Envelopes, Postcards Etc & Boxes Etc Of Stationary",4,India,0.0764134731470549,7.641347314705491,0.1405998837389288,14.059988373892878
4817,"Envelopes, Postcards Etc & Boxes Etc Of Stationary",5,Vietnam,0.04478874493213601,4.478874493213601,0.066561113111148,6.6561113111148
4817,"Envelopes, Postcards Etc & Boxes Etc Of Stationary",6,United Arab Emirates,0.02629456727142438,2.629456727142438,0.0638466581793257,6.38466581793257
4817,"Envelopes, Postcards Etc & Boxes Etc Of Stationary",7,Taiwan,0.019293441837213772,1.9293441837213772,0.0786829690652543,7.86829690652543
4817,"Envelopes, Postcards Etc & Boxes Etc Of Stationary",8,Germany,0.018033935789589048,1.8033935789589048,0.0405572819342783,4.05572819342783
4817,"Envelopes, Postcards Etc & Boxes Etc Of Stationary",9,Malaysia,0.012731601362243097,1.2731601362243097,0.0853574642438864,8.535746424388641
4817,"Envelopes, Postcards Etc & Boxes Etc Of Stationary",10,Indonesia,0.011408633765760578,1.1408633765760579,0.0746147192980299,7.461471929802991
4818,"Toilet Paper, Towels, Sim hh/hospital Art Of Paper",1,Canada,0.4369383468621493,43.69383468621493,0.0049520866283529,0.49520866283528997
4818,"Toilet Paper, Towels, Sim hh/hospital Art Of Paper",2,China,0.3509416684932415,35.09416684932415,0.2893365096152193,28.933650961521927
4818,"Toilet Paper, Towels, Sim hh/hospital Art Of Paper",3,Mexico,0.06706344521362614,6.706344521362614,0.0014982352102298,0.14982352102298
4818,"Toilet Paper, Towels, Sim hh/hospital Art Of Paper",4,Indonesia,0.05021099207551743,5.021099207551742,0.0934568206791415,9.34568206791415
4818,"Toilet Paper, Towels, Sim hh/hospital Art Of Paper",5,Vietnam,0.03402850335557231,3.402850335557231,0.0876651027079948,8.766510270799479
4818,"Toilet Paper, Towels, Sim hh/hospital Art Of Paper",6,Malaysia,0.018711295775708823,1.8711295775708823,0.1161831852980746,11.61831852980746
4818,"Toilet Paper, Towels, Sim hh/hospital Art Of Paper",7,Thailand,0.014908723569986918,1.4908723569986917,0.1118872886163622,11.18872886163622
4818,"Toilet Paper, Towels, Sim hh/hospital Art Of Paper",8,Dominican Republic,0.012724768845469926,1.2724768845469925,0.0566665224201272,5.66665224201272
4818,"Toilet Paper, Towels, Sim hh/hospital Art Of Paper",9,Germany,0.008481333776436535,0.8481333776436536,0.0891851776649746,8.918517766497459
4818,"Toilet Paper, Towels, Sim hh/hospital Art Of Paper",10,Turkey,0.005990922032291118,0.5990922032291118,0.0676387363540172,6.76387363540172
4819,"Cartons Etc Paper; Office Box Files Etc, Paper Etc",1,Canada,0.345662879491688,34.5662879491688,0.0024219153003404,0.24219153003403998
4819,"Cartons Etc Paper; Office Box Files Etc, Paper Etc",2,China,0.2539593659304812,25.39593659304812,0.4676778245800575,46.767782458005755
4819,"Cartons Etc Paper; Office Box Files Etc, Paper Etc",3,Mexico,0.16159856555921154,16.159856555921152,0.0055641638779152,0.55641638779152
4819,"Cartons Etc Paper; Office Box Files Etc, Paper Etc",4,Vietnam,0.08013173050084829,8.013173050084829,0.1200200724957241,12.002007249572411
4819,"Cartons Etc Paper; Office Box Files Etc, Paper Etc",5,India,0.0393339678594884,3.9333967859488403,0.178692750444639,17.8692750444639
4819,"Cartons Etc Paper; Office Box Files Etc, Paper Etc",6,Indonesia,0.029926686798952013,2.992668679895201,0.1175276298968759,11.75276298968759
4819,"Cartons Etc Paper; Office Box Files Etc, Paper Etc",7,Turkey,0.027370925336568597,2.7370925336568597,0.0847231257247219,8.472312572472191
4819,"Cartons Etc Paper; Office Box Files Etc, Paper Etc",8,Germany,0.02463329202050316,2.463329202050316,0.0858702296472233,8.58702296472233
4819,"Cartons Etc Paper; Office Box Files Etc, Paper Etc",9,Taiwan,0.02304291576190179,2.3042915761901788,0.0973132201439066,9.73132201439066
4819,"Cartons Etc Paper; Office Box Files Etc, Paper Etc",10,Cambodia,0.014339670740357097,1.4339670740357098,0.1239243448436044,12.39243448436044
4820,"Registers, Notebooks, Binders, Bus Forms Etc, Papr",1,China,0.31943987700834864,31.943987700834864,0.4499595278472741,44.99595278472741
4820,"Registers, Notebooks, Binders, Bus Forms Etc, Papr",2,Vietnam,0.29754050962331724,29.754050962331725,0.0898195002667147,8.98195002667147
4820,"Registers, Notebooks, Binders, Bus Forms Etc, Papr",3,Mexico,0.13662035220200391,13.66203522020039,0.0422378510428543,4.22378510428543
4820,"Registers, Notebooks, Binders, Bus Forms Etc, Papr",4,India,0.0994225949953392,9.94225949953392,0.1239489399047114,12.39489399047114
4820,"Registers, Notebooks, Binders, Bus Forms Etc, Papr",5,Canada,0.03378603454331533,3.378603454331533,0.0081241755446581,0.8124175544658101
4820,"Registers, Notebooks, Binders, Bus Forms Etc, Papr",6,Taiwan,0.03321771183865374,3.321771183865374,0.0867552165575289,8.67552165575289
4820,"Registers, Notebooks, Binders, Bus Forms Etc, Papr",7,Italy,0.02359644379790482,2.359644379790482,0.0822554799938125,8.22554799938125
4820,"Registers, Notebooks, Binders, Bus Forms Etc, Papr",8,Cambodia,0.022812965211879047,2.2812965211879046,0.0169821894774872,1.6982189477487202
4820,"Registers, Notebooks, Binders, Bus Forms Etc, Papr",9,"Korea, South",0.01763677976860852,1.763677976860852,0.0391686889808721,3.91686889808721
4820,"Registers, Notebooks, Binders, Bus Forms Etc, Papr",10,Brazil,0.015926731010629643,1.5926731010629642,0.0703778608751026,7.03778608751026
4821,"Labels Of Paper Or Paperboard, Printed Or Not",1,Canada,0.43359095043140805,43.359095043140805,0.0114218884987195,1.14218884987195
4821,"Labels Of Paper Or Paperboard, Printed Or Not",2,Mexico,0.24824604122421862,24.82460412242186,0.0116713719048977,1.16713719048977
4821,"Labels Of Paper Or Paperboard, Printed Or Not",3,China,0.1522235446825777,15.22235446825777,0.490768980156476,49.0768980156476
4821,"Labels Of Paper Or Paperboard, Printed Or Not",4,Taiwan,0.04810562873371241,4.810562873371241,0.0339961630892125,3.3996163089212503
4821,"Labels Of Paper Or Paperboard, Printed Or Not",5,Vietnam,0.029605316669000115,2.9605316669000117,0.1144425091758942,11.44425091758942
4821,"Labels Of Paper Or Paperboard, Printed Or Not",6,Germany,0.022587054143081996,2.2587054143081997,0.093527863759271,9.3527863759271
4821,"Labels Of Paper Or Paperboard, Printed Or Not",7,Italy,0.02134344109483268,2.1343441094832682,0.0895533470780045,8.95533470780045
4821,"Labels Of Paper Or Paperboard, Printed Or Not",8,United Kingdom,0.01683738310856103,1.6837383108561028,0.0766511912665239,7.66511912665239
4821,"Labels Of Paper Or Paperboard, Printed Or Not",9,Spain,0.016244451037063512,1.6244451037063512,0.087508033593056,8.7508033593056
4821,"Labels Of Paper Or Paperboard, Printed Or Not",10,Netherlands,0.01121618887554383,1.121618887554383,0.0858159846776591,8.58159846776591
4822,"Bobbins, Spools Etc. Of Pap Pulp, Paper & Paperbd",1,Canada,0.6405612685082419,64.05612685082419,0.0007808913651163,0.07808913651162999
4822,"Bobbins, Spools Etc. Of Pap Pulp, Paper & Paperbd",2,Mexico,0.08799025166968609,8.799025166968608,,
4822,"Bobbins, Spools Etc. Of Pap Pulp, Paper & Paperbd",3,Germany,0.07880303195376354,7.880303195376354,0.0909556034708771,9.09556034708771
4822,"Bobbins, Spools Etc. Of Pap Pulp, Paper & Paperbd",4,Italy,0.07060207636327133,7.060207636327133,0.072740919500511,7.274091950051099
4822,"Bobbins, Spools Etc. Of Pap Pulp, Paper & Paperbd",5,"Korea, South",0.041930595400084786,4.193059540008479,0.0680986429080191,6.809864290801911
4822,"Bobbins, Spools Etc. Of Pap Pulp, Paper & Paperbd",6,China,0.03527254304860986,3.5272543048609863,0.4362616138410555,43.62616138410555
4822,"Bobbins, Spools Etc. Of Pap Pulp, Paper & Paperbd",7,Turkey,0.01528636561936862,1.528636561936862,0.0627439029412491,6.27439029412491
4822,"Bobbins, Spools Etc. Of Pap Pulp, Paper & Paperbd",8,India,0.014999428810471201,1.49994288104712,0.1453055057560689,14.53055057560689
4822,"Bobbins, Spools Etc. Of Pap Pulp, Paper & Paperbd",9,Vietnam,0.008676316600885409,0.8676316600885409,0.061606845114641,6.1606845114641
4822,"Bobbins, Spools Etc. Of Pap Pulp, Paper & Paperbd",10,Netherlands,0.00587812202561734,0.587812202561734,0.0396714488603999,3.96714488603999
4823,"Paper, Paperboard, Cellul Wad To Size & Arts Nesoi",1,China,0.3844230173449772,38.44230173449772,0.4132934007559729,41.32934007559729
4823,"Paper, Paperboard, Cellul Wad To Size & Arts Nesoi",2,Canada,0.17687657487035394,17.687657487035395,0.0031868901832295,0.31868901832295
4823,"Paper, Paperboard, Cellul Wad To Size & Arts Nesoi",3,Mexico,0.15106006285302442,15.106006285302442,0.0038918830499494,0.38918830499494
4823,"Paper, Paperboard, Cellul Wad To Size & Arts Nesoi",4,Taiwan,0.0606127490294517,6.06127490294517,0.0994501907221687,9.94501907221687
4823,"Paper, Paperboard, Cellul Wad To Size & Arts Nesoi",5,Vietnam,0.05465522368307399,5.465522368307399,0.0982904728121772,9.82904728121772
4823,"Paper, Paperboard, Cellul Wad To Size & Arts Nesoi",6,Germany,0.04229914548635189,4.22991454863519,0.0819301432699583,8.193014326995831
4823,"Paper, Paperboard, Cellul Wad To Size & Arts Nesoi",7,United Kingdom,0.039753674671605274,3.9753674671605275,0.0622984150360237,6.22984150360237
4823,"Paper, Paperboard, Cellul Wad To Size & Arts Nesoi",8,Malaysia,0.03583710278882221,3.5837102788822213,0.080434776812177,8.0434776812177
4823,"Paper, Paperboard, Cellul Wad To Size & Arts Nesoi",9,Thailand,0.03049160099581173,3.0491600995811727,0.1368478972282081,13.684789722820808
4823,"Paper, Paperboard, Cellul Wad To Size & Arts Nesoi",10,"Korea, South",0.023990848276527723,2.3990848276527723,0.0660622776962125,6.606227769621251
4901,"Books, Brochures & Similar Printed Matter",1,China,0.39166673501451754,39.166673501451754,0.0699323053033924,6.99323053033924
4901,"Books, Brochures & Similar Printed Matter",2,United Kingdom,0.1695581218266822,16.95581218266822,0.001028691593101,0.10286915931009999
4901,"Books, Brochures & Similar Printed Matter",3,Canada,0.15960796070492292,15.960796070492291,0.0032530790380786,0.32530790380786
4901,"Books, Brochures & Similar Printed Matter",4,Italy,0.06427789587131508,6.427789587131508,0.0018226159480158,0.18226159480158
4901,"Books, Brochures & Similar Printed Matter",5,Mexico,0.06415189983292394,6.415189983292394,0.0022554351762168,0.22554351762167998
4901,"Books, Brochures & Similar Printed Matter",6,India,0.05287312786178444,5.287312786178444,0.0074743252500114,0.74743252500114
4901,"Books, Brochures & Similar Printed Matter",7,"Korea, South",0.03380766538037335,3.380766538037335,0.0015977350187946,0.15977350187946002
4901,"Books, Brochures & Similar Printed Matter",8,Germany,0.023712896877876363,2.371289687787636,0.006539380140143,0.6539380140143
4901,"Books, Brochures & Similar Printed Matter",9,Vietnam,0.021237999781404844,2.1237999781404846,0.0032510754192522,0.32510754192522
4901,"Books, Brochures & Similar Printed Matter",10,Malaysia,0.019105696848199422,1.9105696848199423,0.0011679042663548,0.11679042663547999
4902,"Newspapers, Journals & Periodicals",1,United Kingdom,0.6381212359906042,63.81212359906042,0.0003123438694619,0.03123438694619
4902,"Newspapers, Journals & Periodicals",2,Canada,0.28013366708614956,28.013366708614956,0.0021950807819946,0.21950807819946
4902,"Newspapers, Journals & Periodicals",3,"Korea, South",0.017831737034073838,1.7831737034073838,0.0004770285534161,0.04770285534161
4902,"Newspapers, Journals & Periodicals",4,Italy,0.014584359835976127,1.4584359835976126,0.0033597745030806,0.33597745030806
4902,"Newspapers, Journals & Periodicals",5,France,0.013444629663309787,1.3444629663309786,0.0046242710958297,0.46242710958297
4902,"Newspapers, Journals & Periodicals",6,Japan,0.0098702600566472,0.98702600566472,0.0002771691636706,0.027716916367059998
4902,"Newspapers, Journals & Periodicals",7,Germany,0.008926248501419874,0.8926248501419873,0.0062542425982977,0.62542425982977
4902,"Newspapers, Journals & Periodicals",8,Mexico,0.006821111569810044,0.6821111569810044,0.0020678852786629,0.20678852786628998
4902,"Newspapers, Journals & Periodicals",9,China,0.005892763301758502,0.5892763301758502,0.1501331567850315,15.013315678503151
4902,"Newspapers, Journals & Periodicals",10,Spain,0.0043739869602507,0.43739869602507,0.0144678788358427,1.44678788358427
4903,"Children's Picture, Drawing Or Coloring Books",1,China,0.9286482753468009,92.86482753468009,0.0220952919665951,2.20952919665951
4903,"Children's Picture, Drawing Or Coloring Books",2,Vietnam,0.018507987339712303,1.8507987339712304,0.0038578606956267,0.38578606956267003
4903,"Children's Picture, Drawing Or Coloring Books",3,Malaysia,0.013193689540013407,1.3193689540013407,0.0006821225096609,0.06821225096609
4903,"Children's Picture, Drawing Or Coloring Books",4,Italy,0.009135646200109497,0.9135646200109497,0.0005046722996801,0.05046722996801
4903,"Children's Picture, Drawing Or Coloring Books",5,India,0.008528457413791655,0.8528457413791655,0.0208472964136681,2.08472964136681
4903,"Children's Picture, Drawing Or Coloring Books",6,Mexico,0.006708522088124962,0.6708522088124962,0.0283901018103527,2.83901018103527
4903,"Children's Picture, Drawing Or Coloring Books",7,Hong Kong,0.004869700927431338,0.48697009274313374,0.0102374113411402,1.02374113411402
4903,"Children's Picture, Drawing Or Coloring Books",8,United Kingdom,0.004263508961122122,0.4263508961122122,0.0002759142488692,0.02759142488692
4903,"Children's Picture, Drawing Or Coloring Books",9,Canada,0.0035408650981826415,0.3540865098182642,0.0018752466391307,0.18752466391307002
4903,"Children's Picture, Drawing Or Coloring Books",10,Thailand,0.0026033470847113016,0.26033470847113016,,
4904,"Music, Printed Or In Manuscript, Bound Etc Or Not",1,Germany,0.38923405604481626,38.92340560448162,0.0073238052397508,0.73238052397508
4904,"Music, Printed Or In Manuscript, Bound Etc Or Not",2,United Kingdom,0.26477872266910585,26.477872266910584,0.0383279221879043,3.8327922187904298
4904,"Music, Printed Or In Manuscript, Bound Etc Or Not",3,Netherlands,0.145541544328452,14.554154432845202,,
4904,"Music, Printed Or In Manuscript, Bound Etc Or Not",4,Canada,0.06765611459073591,6.7656114590735905,0.0717018154236813,7.17018154236813
4904,"Music, Printed Or In Manuscript, Bound Etc Or Not",5,Austria,0.03521185438666097,3.521185438666097,0.006111217121451,0.6111217121451
4904,"Music, Printed Or In Manuscript, Bound Etc Or Not",6,"Korea, South",0.025129412988511356,2.5129412988511355,,
4904,"Music, Printed Or In Manuscript, Bound Etc Or Not",7,Hungary,0.021602076311817035,2.1602076311817036,,
4904,"Music, Printed Or In Manuscript, Bound Etc Or Not",8,Slovenia,0.019065654618681153,1.9065654618681154,,
4904,"Music, Printed Or In Manuscript, Bound Etc Or Not",9,China,0.01824653133840413,1.824653133840413,0.1106028364275793,11.06028364275793
4904,"Music, Printed Or In Manuscript, Bound Etc Or Not",10,Japan,0.013534032722815295,1.3534032722815295,0.0554920734990871,5.54920734990871
4905,"Maps & Hydrographic Charts Etc, Atlases Etc",1,China,0.3034440922148372,30.34440922148372,0.1812680116791797,18.126801167917968
4905,"Maps & Hydrographic Charts Etc, Atlases Etc",2,India,0.23048689990713148,23.048689990713147,0.0445271966009424,4.45271966009424
4905,"Maps & Hydrographic Charts Etc, Atlases Etc",3,Canada,0.19039529287239393,19.039529287239393,0.0025567617361775,0.25567617361774997
4905,"Maps & Hydrographic Charts Etc, Atlases Etc",4,United Kingdom,0.08270741426622391,8.270741426622392,0.0026251526822069,0.26251526822069
4905,"Maps & Hydrographic Charts Etc, Atlases Etc",5,Italy,0.049271279107533865,4.927127910753386,0.0047690372903389,0.47690372903389
4905,"Maps & Hydrographic Charts Etc, Atlases Etc",6,Taiwan,0.04449796979449351,4.449796979449351,0.0313871331136846,3.13871331136846
4905,"Maps & Hydrographic Charts Etc, Atlases Etc",7,France,0.03276003724976329,3.2760037249763294,0.0027800623806057,0.27800623806057
4905,"Maps & Hydrographic Charts Etc, Atlases Etc",8,Germany,0.027067085622423322,2.706708562242332,,
4905,"Maps & Hydrographic Charts Etc, Atlases Etc",9,"Korea, South",0.02293221409675358,2.293221409675358,0.0086533366076852,0.86533366076852
4905,"Maps & Hydrographic Charts Etc, Atlases Etc",10,Netherlands,0.01643771486844597,1.643771486844597,,
4906,"Plans, Drawings For Architectural, Etc Purposes",1,Germany,0.22073904553943116,22.073904553943116,0.0135229169511008,1.35229169511008
4906,"Plans, Drawings For Architectural, Etc Purposes",2,United Kingdom,0.19053308913586584,19.053308913586584,0.0035302300094139,0.35302300094139
4906,"Plans, Drawings For Architectural, Etc Purposes",3,Italy,0.16817502374220838,16.817502374220837,,
4906,"Plans, Drawings For Architectural, Etc Purposes",4,Japan,0.10900152154707325,10.900152154707325,0.0019140434655491,0.19140434655491
4906,"Plans, Drawings For Architectural, Etc Purposes",5,France,0.10635381463236722,10.635381463236723,0.0003287469051177,0.03287469051177
4906,"Plans, Drawings For Architectural, Etc Purposes",6,Mexico,0.07540542881530451,7.540542881530452,0.0105057141858595,1.05057141858595
4906,"Plans, Drawings For Architectural, Etc Purposes",7,China,0.036259552404087146,3.6259552404087145,0.1471154284916696,14.711542849166959
4906,"Plans, Drawings For Architectural, Etc Purposes",8,Poland,0.03263705512783553,3.2637055127835533,,
4906,"Plans, Drawings For Architectural, Etc Purposes",9,Turkey,0.03064978330861907,3.064978330861907,0.0012058623461752,0.12058623461752001
4906,"Plans, Drawings For Architectural, Etc Purposes",10,Canada,0.03024568574720788,3.024568574720788,0.0395292957920029,3.95292957920029
4907,"Unused Postage,rev/sim. Stamps,w/ Recogn Face Valu",1,Canada,0.41836026750329147,41.83602675032915,0.0109029755677264,1.0902975567726398
4907,"Unused Postage,rev/sim. Stamps,w/ Recogn Face Valu",2,Germany,0.14880365368165002,14.880365368165002,0.0699833086331491,6.9983308633149095
4907,"Unused Postage,rev/sim. Stamps,w/ Recogn Face Valu",3,Mexico,0.13674282849471858,13.674282849471858,0.0952140338543669,9.52140338543669
4907,"Unused Postage,rev/sim. Stamps,w/ Recogn Face Valu",4,Iraq,0.11419557547153225,11.419557547153225,0.0606963818239046,6.0696381823904595
4907,"Unused Postage,rev/sim. Stamps,w/ Recogn Face Valu",5,Ireland,0.05429789494266411,5.429789494266411,0.1103456300931263,11.03456300931263
4907,"Unused Postage,rev/sim. Stamps,w/ Recogn Face Valu",6,Venezuela,0.03174953646455128,3.174953646455128,0.0525819564716457,5.25819564716457
4907,"Unused Postage,rev/sim. Stamps,w/ Recogn Face Valu",7,Vietnam,0.030154997803618536,3.0154997803618535,0.1237659902616254,12.37659902616254
4907,"Unused Postage,rev/sim. Stamps,w/ Recogn Face Valu",8,Morocco,0.029326340355290165,2.9326340355290164,0.0499766797337249,4.99766797337249
4907,"Unused Postage,rev/sim. Stamps,w/ Recogn Face Valu",9,Netherlands,0.020142957883166248,2.0142957883166246,0.0589960574970651,5.89960574970651
4907,"Unused Postage,rev/sim. Stamps,w/ Recogn Face Valu",10,Luxembourg,0.016225947399517344,1.6225947399517344,,
4908,"Transfers (decalcomanias, Except Toy)",1,China,0.20657387180961997,20.657387180961997,0.2208629501288748,22.08629501288748
4908,"Transfers (decalcomanias, Except Toy)",2,Japan,0.15747017711295597,15.747017711295596,0.0874535796958074,8.74535796958074
4908,"Transfers (decalcomanias, Except Toy)",3,Mexico,0.15600262580746876,15.600262580746877,0.0057384043390583,0.57384043390583
4908,"Transfers (decalcomanias, Except Toy)",4,Canada,0.10991887653817035,10.991887653817036,0.0112001905599421,1.12001905599421
4908,"Transfers (decalcomanias, Except Toy)",5,Germany,0.10715094399404988,10.715094399404988,0.054681138770394,5.4681138770394
4908,"Transfers (decalcomanias, Except Toy)",6,Switzerland,0.0911926256224751,9.11926256224751,0.2980984539223132,29.80984539223132
4908,"Transfers (decalcomanias, Except Toy)",7,Taiwan,0.07960410727017175,7.960410727017175,0.0239047659992859,2.39047659992859
4908,"Transfers (decalcomanias, Except Toy)",8,Italy,0.03637099189255718,3.637099189255718,0.0760018534799472,7.60018534799472
4908,"Transfers (decalcomanias, Except Toy)",9,El Salvador,0.028680712896253152,2.8680712896253153,0.0496210060889262,4.96210060889262
4908,"Transfers (decalcomanias, Except Toy)",10,Spain,0.027035067056277822,2.7035067056277824,0.0682769261952574,6.82769261952574
4909,"Printed Or Illust Post Cards, Greeting Cards, Etc.",1,China,0.7258236020580249,72.58236020580249,0.1214590402662389,12.14590402662389
4909,"Printed Or Illust Post Cards, Greeting Cards, Etc.",2,Vietnam,0.20615328245482661,20.61532824548266,0.0250727495626,2.50727495626
4909,"Printed Or Illust Post Cards, Greeting Cards, Etc.",3,United Kingdom,0.018547066102849254,1.8547066102849254,0.028748194379181,2.8748194379181
4909,"Printed Or Illust Post Cards, Greeting Cards, Etc.",4,Canada,0.015888256313500222,1.5888256313500222,0.0107532641913196,1.07532641913196
4909,"Printed Or Illust Post Cards, Greeting Cards, Etc.",5,Sri Lanka,0.0105622389856776,1.0562238985677601,,
4909,"Printed Or Illust Post Cards, Greeting Cards, Etc.",6,"Korea, South",0.006226801030600095,0.6226801030600095,0.0906978170520826,9.06978170520826
4909,"Printed Or Illust Post Cards, Greeting Cards, Etc.",7,Mexico,0.005805041180572769,0.5805041180572769,0.0098007286376683,0.98007286376683
4909,"Printed Or Illust Post Cards, Greeting Cards, Etc.",8,Italy,0.003926237687104658,0.3926237687104658,0.0650722994786083,6.50722994786083
4909,"Printed Or Illust Post Cards, Greeting Cards, Etc.",9,Hong Kong,0.0036739064730342947,0.36739064730342946,0.0631228591740451,6.31228591740451
4909,"Printed Or Illust Post Cards, Greeting Cards, Etc.",10,India,0.003393567713809659,0.3393567713809659,0.1767394599092713,17.67394599092713
4910,"Calendars, Calendar Blocks Of Any Kind, Printed",1,China,0.6097411400901905,60.974114009019054,0.1511536514815318,15.11536514815318
4910,"Calendars, Calendar Blocks Of Any Kind, Printed",2,"Korea, South",0.1441055053138279,14.41055053138279,0.0233062552224406,2.33062552224406
4910,"Calendars, Calendar Blocks Of Any Kind, Printed",3,Canada,0.10437391199972795,10.437391199972796,0.000300258726925,0.030025872692499997
4910,"Calendars, Calendar Blocks Of Any Kind, Printed",4,Vietnam,0.0512490402701845,5.1249040270184505,0.0863837513234118,8.638375132341181
4910,"Calendars, Calendar Blocks Of Any Kind, Printed",5,India,0.03060646640864094,3.060646640864094,0.090877540388112,9.0877540388112
4910,"Calendars, Calendar Blocks Of Any Kind, Printed",6,Mexico,0.02053118507651277,2.053118507651277,,
4910,"Calendars, Calendar Blocks Of Any Kind, Printed",7,Thailand,0.013346524199584639,1.334652419958464,,
4910,"Calendars, Calendar Blocks Of Any Kind, Printed",8,Germany,0.010277787237170318,1.0277787237170317,0.0940458582046186,9.40458582046186
4910,"Calendars, Calendar Blocks Of Any Kind, Printed",9,Italy,0.00820917115133048,0.8209171151330481,0.0538687268830172,5.38687268830172
4910,"Calendars, Calendar Blocks Of Any Kind, Printed",10,Taiwan,0.0075592682528298856,0.7559268252829886,0.080643336574552,8.0643336574552
4911,"Printed Matter Nesoi, Incl Print Pictures & Photos",1,China,0.4096176972509148,40.96176972509148,0.129838444657984,12.9838444657984
4911,"Printed Matter Nesoi, Incl Print Pictures & Photos",2,Mexico,0.19442846004848885,19.442846004848885,0.0028595452194191,0.28595452194191
4911,"Printed Matter Nesoi, Incl Print Pictures & Photos",3,Canada,0.18304840913609055,18.304840913609056,0.0042142161121309,0.42142161121308996
4911,"Printed Matter Nesoi, Incl Print Pictures & Photos",4,Germany,0.046067995839547723,4.606799583954772,0.0229679106902783,2.29679106902783
4911,"Printed Matter Nesoi, Incl Print Pictures & Photos",5,Italy,0.03642008338206045,3.642008338206045,0.0112083201642201,1.12083201642201
4911,"Printed Matter Nesoi, Incl Print Pictures & Photos",6,Malaysia,0.03341606610212667,3.341606610212667,0.0146572485007451,1.46572485007451
4911,"Printed Matter Nesoi, Incl Print Pictures & Photos",7,France,0.027260651435374685,2.7260651435374683,0.0081517405768092,0.81517405768092
4911,"Printed Matter Nesoi, Incl Print Pictures & Photos",8,Switzerland,0.025973759002480338,2.597375900248034,0.097307099165922,9.7307099165922
4911,"Printed Matter Nesoi, Incl Print Pictures & Photos",9,Japan,0.024012328479894724,2.4012328479894722,0.0057724635409909,0.57724635409909
4911,"Printed Matter Nesoi, Incl Print Pictures & Photos",10,United Kingdom,0.019754549323021207,1.9754549323021207,0.014015946938147,1.4015946938147001
6101,"Men's Or Boys' Overcoats Etc, Knit Or Crochet",1,Vietnam,0.26904168001238604,26.904168001238602,0.336796580815896,33.6796580815896
6101,"Men's Or Boys' Overcoats Etc, Knit Or Crochet",2,China,0.1813138655913355,18.13138655913355,0.5369297904149852,53.692979041498525
6101,"Men's Or Boys' Overcoats Etc, Knit Or Crochet",3,Cambodia,0.11425416855998723,11.425416855998723,0.3102366830034683,31.02366830034683
6101,"Men's Or Boys' Overcoats Etc, Knit Or Crochet",4,Jordan,0.09502055305743701,9.502055305743701,0.0937704065850065,9.37704065850065
6101,"Men's Or Boys' Overcoats Etc, Knit Or Crochet",5,Honduras,0.08002275009195359,8.002275009195358,0.0662810974794699,6.628109747946991
6101,"Men's Or Boys' Overcoats Etc, Knit Or Crochet",6,Bangladesh,0.07628912341768232,7.628912341768232,0.3434636582634179,34.34636582634179
6101,"Men's Or Boys' Overcoats Etc, Knit Or Crochet",7,Pakistan,0.06069375595964427,6.069375595964427,0.2557368849768277,25.573688497682774
6101,"Men's Or Boys' Overcoats Etc, Knit Or Crochet",8,Indonesia,0.05894161199834939,5.894161199834938,0.344494285406218,34.4494285406218
6101,"Men's Or Boys' Overcoats Etc, Knit Or Crochet",9,El Salvador,0.03453044240207144,3.453044240207144,0.0724113657427834,7.24113657427834
6101,"Men's Or Boys' Overcoats Etc, Knit Or Crochet",10,Egypt,0.02989204890915333,2.989204890915333,0.0084596313725312,0.8459631372531201
6102,"Women's Or Girls' Overcoats Etc, Knit Or Crochet",1,Vietnam,0.3297835875688455,32.97835875688455,0.3837020887707426,38.370208877074255
6102,"Women's Or Girls' Overcoats Etc, Knit Or Crochet",2,China,0.26868480927182486,26.868480927182485,0.5620406513692642,56.20406513692642
6102,"Women's Or Girls' Overcoats Etc, Knit Or Crochet",3,Cambodia,0.10158199339586209,10.15819933958621,0.393752085758129,39.3752085758129
6102,"Women's Or Girls' Overcoats Etc, Knit Or Crochet",4,Indonesia,0.08622019563548065,8.622019563548065,0.345951419995296,34.5951419995296
6102,"Women's Or Girls' Overcoats Etc, Knit Or Crochet",5,Jordan,0.058550768998354055,5.855076899835406,0.1114767739969505,11.14767739969505
6102,"Women's Or Girls' Overcoats Etc, Knit Or Crochet",6,Bangladesh,0.046166911190671615,4.616691119067162,0.3678921717674809,36.78921717674809
6102,"Women's Or Girls' Overcoats Etc, Knit Or Crochet",7,Guatemala,0.04526017188933673,4.5260171889336736,0.1336907789257084,13.369077892570841
6102,"Women's Or Girls' Overcoats Etc, Knit Or Crochet",8,El Salvador,0.022932978446598407,2.2932978446598407,0.1306925088767029,13.06925088767029
6102,"Women's Or Girls' Overcoats Etc, Knit Or Crochet",9,Italy,0.020479094573536447,2.047909457353645,0.1245256302563014,12.45256302563014
6102,"Women's Or Girls' Overcoats Etc, Knit Or Crochet",10,Sri Lanka,0.02033948902948957,2.033948902948957,0.336423168898691,33.6423168898691
6103,"Men's Or Boys' Suits, Ensembles Etc, Knit Or Croch",1,Vietnam,0.2815251000464274,28.15251000464274,0.3275116853861858,32.75116853861858
6103,"Men's Or Boys' Suits, Ensembles Etc, Knit Or Croch",2,Jordan,0.11790608387258392,11.790608387258391,0.0779162468276117,7.79162468276117
6103,"Men's Or Boys' Suits, Ensembles Etc, Knit Or Croch",3,China,0.1165557303555209,11.65557303555209,0.4913341578997063,49.13341578997063
6103,"Men's Or Boys' Suits, Ensembles Etc, Knit Or Croch",4,Cambodia,0.11263314621297817,11.263314621297816,0.3187928188526641,31.87928188526641
6103,"Men's Or Boys' Suits, Ensembles Etc, Knit Or Croch",5,Bangladesh,0.10116976732898647,10.116976732898648,0.3078238108316564,30.78238108316564
6103,"Men's Or Boys' Suits, Ensembles Etc, Knit Or Croch",6,Indonesia,0.07198979045696827,7.198979045696826,0.311727814752374,31.1727814752374
6103,"Men's Or Boys' Suits, Ensembles Etc, Knit Or Croch",7,Egypt,0.06352257273700629,6.352257273700629,0.0079677380997625,0.79677380997625
6103,"Men's Or Boys' Suits, Ensembles Etc, Knit Or Croch",8,Pakistan,0.05567446433645932,5.567446433645932,0.2741023259626664,27.410232596266642
6103,"Men's Or Boys' Suits, Ensembles Etc, Knit Or Croch",9,Honduras,0.04588337964618592,4.588337964618592,0.0660314242148954,6.60314242148954
6103,"Men's Or Boys' Suits, Ensembles Etc, Knit Or Croch",10,El Salvador,0.0331399650068834,3.3139965006883396,0.0813391800730827,8.13391800730827
6104,"Women's Or Girls' Suits, Ensemb Etc, Knit Or Croch",1,Vietnam,0.36149857172658956,36.149857172658955,0.3044054454712919,30.44054454712919
6104,"Women's Or Girls' Suits, Ensemb Etc, Knit Or Croch",2,China,0.2257025701070684,22.57025701070684,0.4764152974087107,47.64152974087107
6104,"Women's Or Girls' Suits, Ensemb Etc, Knit Or Croch",3,Indonesia,0.10739240237626822,10.739240237626822,0.289750175359473,28.975017535947302
6104,"Women's Or Girls' Suits, Ensemb Etc, Knit Or Croch",4,Cambodia,0.08802552391169935,8.802552391169934,0.3185646938074079,31.856469380740787
6104,"Women's Or Girls' Suits, Ensemb Etc, Knit Or Croch",5,Jordan,0.059375249346545325,5.937524934654532,0.0882368520334239,8.82368520334239
6104,"Women's Or Girls' Suits, Ensemb Etc, Knit Or Croch",6,Bangladesh,0.04204239643881491,4.2042396438814915,0.2703595441649995,27.03595441649995
6104,"Women's Or Girls' Suits, Ensemb Etc, Knit Or Croch",7,India,0.039971517371710084,3.9971517371710084,0.2864401017315255,28.64401017315255
6104,"Women's Or Girls' Suits, Ensemb Etc, Knit Or Croch",8,Sri Lanka,0.029217757092828762,2.921775709282876,0.3428784899308336,34.28784899308336
6104,"Women's Or Girls' Suits, Ensemb Etc, Knit Or Croch",9,Italy,0.025430503614375346,2.5430503614375346,0.1651528415839774,16.51528415839774
6104,"Women's Or Girls' Suits, Ensemb Etc, Knit Or Croch",10,Egypt,0.02134350801410008,2.134350801410008,0.0120416055474063,1.20416055474063
6105,"Men's Or Boys' Shirts, Knitted Or Crocheted",1,Vietnam,0.28591251687006,28.591251687005997,0.3669216733451225,36.69216733451225
6105,"Men's Or Boys' Shirts, Knitted Or Crocheted",2,India,0.1297344014218115,12.97344014218115,0.3268654684339937,32.68654684339937
6105,"Men's Or Boys' Shirts, Knitted Or Crocheted",3,Peru,0.10788549791843285,10.788549791843286,0.0646234539824994,6.46234539824994
6105,"Men's Or Boys' Shirts, Knitted Or Crocheted",4,Bangladesh,0.10098936248522154,10.098936248522154,0.310413044587667,31.0413044587667
6105,"Men's Or Boys' Shirts, Knitted Or Crocheted",5,China,0.08444403030834945,8.444403030834945,0.5326714185195255,53.26714185195255
6105,"Men's Or Boys' Shirts, Knitted Or Crocheted",6,Jordan,0.07877121670572028,7.877121670572028,0.0730499521250471,7.30499521250471
6105,"Men's Or Boys' Shirts, Knitted Or Crocheted",7,Indonesia,0.07563078349803412,7.563078349803412,0.3481113953591799,34.81113953591799
6105,"Men's Or Boys' Shirts, Knitted Or Crocheted",8,Cambodia,0.056846160265163155,5.6846160265163155,0.3359536705669877,33.59536705669877
6105,"Men's Or Boys' Shirts, Knitted Or Crocheted",9,Guatemala,0.04131635904339926,4.131635904339926,0.0741177359641624,7.411773596416241
6105,"Men's Or Boys' Shirts, Knitted Or Crocheted",10,Thailand,0.038469671483807893,3.8469671483807892,0.372039481391608,37.2039481391608
6106,"Women's Or Girls' Blouses & Shirts, Knit Or Croch",1,Vietnam,0.3470122873429309,34.70122873429309,0.3364119749856329,33.641197498563294
6106,"Women's Or Girls' Blouses & Shirts, Knit Or Croch",2,Indonesia,0.1269239862931131,12.692398629311311,0.3342421489921536,33.42421489921536
6106,"Women's Or Girls' Blouses & Shirts, Knit Or Croch",3,China,0.12388286992930203,12.388286992930203,0.5289925178499941,52.899251784999414
6106,"Women's Or Girls' Blouses & Shirts, Knit Or Croch",4,India,0.08951446317452555,8.951446317452556,0.3477291239876534,34.772912398765335
6106,"Women's Or Girls' Blouses & Shirts, Knit Or Croch",5,Guatemala,0.07334016756488353,7.334016756488353,0.1154145586511756,11.54145586511756
6106,"Women's Or Girls' Blouses & Shirts, Knit Or Croch",6,Cambodia,0.06481302944031272,6.481302944031272,0.3332631290157939,33.32631290157939
6106,"Women's Or Girls' Blouses & Shirts, Knit Or Croch",7,Nicaragua,0.06318477250783906,6.318477250783906,0.2024288021920685,20.24288021920685
6106,"Women's Or Girls' Blouses & Shirts, Knit Or Croch",8,Bangladesh,0.042810748458160235,4.281074845816024,0.3152587164603044,31.52587164603044
6106,"Women's Or Girls' Blouses & Shirts, Knit Or Croch",9,Jordan,0.03534493360211724,3.534493360211724,0.0823664002976204,8.236640029762041
6106,"Women's Or Girls' Blouses & Shirts, Knit Or Croch",10,Mexico,0.033172741686815825,3.3172741686815823,0.0781818127433088,7.818181274330881
6107,"Men's Or Boys' Underpants, Pjs, Etc, Knit Or Croch",1,Vietnam,0.2667164071518539,26.67164071518539,0.2132128521876484,21.321285218764842
6107,"Men's Or Boys' Underpants, Pjs, Etc, Knit Or Croch",2,China,0.24484570752182244,24.484570752182243,0.408255773888569,40.8255773888569
6107,"Men's Or Boys' Underpants, Pjs, Etc, Knit Or Croch",3,India,0.14992314383993774,14.992314383993774,0.2563328180635081,25.633281806350812
6107,"Men's Or Boys' Underpants, Pjs, Etc, Knit Or Croch",4,Bangladesh,0.08261549169704006,8.261549169704006,0.1802857690702045,18.02857690702045
6107,"Men's Or Boys' Underpants, Pjs, Etc, Knit Or Croch",5,Cambodia,0.08154341795440861,8.154341795440862,0.2328384572337206,23.28384572337206
6107,"Men's Or Boys' Underpants, Pjs, Etc, Knit Or Croch",6,El Salvador,0.050319050416965314,5.031905041696532,0.0768931259866514,7.689312598665141
6107,"Men's Or Boys' Underpants, Pjs, Etc, Knit Or Croch",7,Sri Lanka,0.04969724472917193,4.969724472917194,0.2163802351577433,21.63802351577433
6107,"Men's Or Boys' Underpants, Pjs, Etc, Knit Or Croch",8,Pakistan,0.03450895981760036,3.450895981760036,0.1660757930429478,16.60757930429478
6107,"Men's Or Boys' Underpants, Pjs, Etc, Knit Or Croch",9,Indonesia,0.02111944892293252,2.111944892293252,0.2425260831852329,24.25260831852329
6107,"Men's Or Boys' Underpants, Pjs, Etc, Knit Or Croch",10,Honduras,0.018711127948267136,1.8711127948267137,0.0688243662869066,6.88243662869066
6108,"Women's Or Girls' Slips, Pjs, Etc, Knit Or Crochet",1,China,0.33385156525161225,33.38515652516122,0.3989575958628903,39.89575958628903
6108,"Women's Or Girls' Slips, Pjs, Etc, Knit Or Crochet",2,Vietnam,0.24036536960288257,24.036536960288256,0.2476503868814811,24.76503868814811
6108,"Women's Or Girls' Slips, Pjs, Etc, Knit Or Crochet",3,Sri Lanka,0.09020828188016741,9.020828188016742,0.2155626321429367,21.55626321429367
6108,"Women's Or Girls' Slips, Pjs, Etc, Knit Or Crochet",4,Bangladesh,0.08675835549504386,8.675835549504386,0.2041156072397625,20.411560723976248
6108,"Women's Or Girls' Slips, Pjs, Etc, Knit Or Crochet",5,Cambodia,0.0815344071488772,8.15344071488772,0.2395314520423421,23.95314520423421
6108,"Women's Or Girls' Slips, Pjs, Etc, Knit Or Crochet",6,India,0.05939022590883275,5.939022590883275,0.282976279802013,28.2976279802013
6108,"Women's Or Girls' Slips, Pjs, Etc, Knit Or Crochet",7,Indonesia,0.04316576122307349,4.316576122307349,0.2451195830750646,24.51195830750646
6108,"Women's Or Girls' Slips, Pjs, Etc, Knit Or Crochet",8,Thailand,0.03505826643108041,3.5058266431080414,0.178468243547662,17.8468243547662
6108,"Women's Or Girls' Slips, Pjs, Etc, Knit Or Crochet",9,Honduras,0.016865014943198402,1.6865014943198402,0.0597973956805404,5.97973956805404
6108,"Women's Or Girls' Slips, Pjs, Etc, Knit Or Crochet",10,Peru,0.012802752115231585,1.2802752115231586,0.0780786719347149,7.80786719347149
6109,"T-shirts, Singlets, Tank Tops Etc, Knit Or Crochet",1,Nicaragua,0.15592111377639367,15.592111377639368,0.0891045105469374,8.91045105469374
6109,"T-shirts, Singlets, Tank Tops Etc, Knit Or Crochet",2,Honduras,0.1504784963863013,15.047849638630131,0.0715887022520841,7.1588702252084095
6109,"T-shirts, Singlets, Tank Tops Etc, Knit Or Crochet",3,Vietnam,0.10177020238968564,10.177020238968563,0.297948949602667,29.7948949602667
6109,"T-shirts, Singlets, Tank Tops Etc, Knit Or Crochet",4,China,0.10121268457652603,10.121268457652603,0.4807167609178202,48.07167609178202
6109,"T-shirts, Singlets, Tank Tops Etc, Knit Or Crochet",5,Bangladesh,0.10112657519239959,10.11265751923996,0.2420161328798118,24.20161328798118
6109,"T-shirts, Singlets, Tank Tops Etc, Knit Or Crochet",6,Mexico,0.09406409286161055,9.406409286161054,0.0106809336337239,1.06809336337239
6109,"T-shirts, Singlets, Tank Tops Etc, Knit Or Crochet",7,India,0.08063269282503444,8.063269282503443,0.300206779599677,30.0206779599677
6109,"T-shirts, Singlets, Tank Tops Etc, Knit Or Crochet",8,El Salvador,0.07730593282870701,7.730593282870702,0.0711482112451455,7.114821124514551
6109,"T-shirts, Singlets, Tank Tops Etc, Knit Or Crochet",9,Guatemala,0.07679512986133687,7.679512986133687,0.092731983539488,9.2731983539488
6109,"T-shirts, Singlets, Tank Tops Etc, Knit Or Crochet",10,Dominican Republic,0.06069307930200487,6.069307930200487,0.0642728259052703,6.42728259052703
6110,"Sweaters, Pullovers, Vests Etc, Knit Or Crocheted",1,Vietnam,0.2382305487136028,23.82305487136028,0.3301642972000423,33.01642972000423
6110,"Sweaters, Pullovers, Vests Etc, Knit Or Crocheted",2,China,0.22724347962810493,22.724347962810494,0.4872016240469595,48.72016240469595
6110,"Sweaters, Pullovers, Vests Etc, Knit Or Crocheted",3,Cambodia,0.09648170536588012,9.648170536588012,0.3099709524510436,30.99709524510436
6110,"Sweaters, Pullovers, Vests Etc, Knit Or Crocheted",4,Honduras,0.08401873652253783,8.401873652253784,0.0696650627496289,6.96650627496289
6110,"Sweaters, Pullovers, Vests Etc, Knit Or Crocheted",5,Indonesia,0.0764752012897665,7.64752012897665,0.3213522954976551,32.13522954976551
6110,"Sweaters, Pullovers, Vests Etc, Knit Or Crocheted",6,Bangladesh,0.06989173487217581,6.989173487217581,0.3119116256275638,31.191162562756382
6110,"Sweaters, Pullovers, Vests Etc, Knit Or Crocheted",7,Guatemala,0.06402293222884196,6.402293222884197,0.0761392186821055,7.613921868210551
6110,"Sweaters, Pullovers, Vests Etc, Knit Or Crocheted",8,Nicaragua,0.0530218993098682,5.3021899309868195,0.0891776407247843,8.91776407247843
6110,"Sweaters, Pullovers, Vests Etc, Knit Or Crocheted",9,India,0.04601184847045828,4.601184847045828,0.3435178498657754,34.35178498657754
6110,"Sweaters, Pullovers, Vests Etc, Knit Or Crocheted",10,Jordan,0.044601913598763615,4.460191359876362,0.096602041976893,9.6602041976893
6111,"Babies' Garments & Accessories, Knit Or Crocheted",1,China,0.22841772237106203,22.841772237106202,0.3854058165303938,38.54058165303938
6111,"Babies' Garments & Accessories, Knit Or Crocheted",2,India,0.21215796851530536,21.215796851530534,0.2483958776726571,24.839587767265712
6111,"Babies' Garments & Accessories, Knit Or Crocheted",3,Vietnam,0.1702818152728,17.02818152728,0.2214703588285768,22.14703588285768
6111,"Babies' Garments & Accessories, Knit Or Crocheted",4,Cambodia,0.149370184072235,14.937018407223501,0.1998995770781581,19.98995770781581
6111,"Babies' Garments & Accessories, Knit Or Crocheted",5,Bangladesh,0.0956244901210886,9.56244901210886,0.2109340688992184,21.09340688992184
6111,"Babies' Garments & Accessories, Knit Or Crocheted",6,Indonesia,0.03940916207929751,3.9409162079297513,0.225346282781674,22.5346282781674
6111,"Babies' Garments & Accessories, Knit Or Crocheted",7,Sri Lanka,0.03185485144220973,3.185485144220973,0.1967269800121436,19.672698001214357
6111,"Babies' Garments & Accessories, Knit Or Crocheted",8,Thailand,0.03072192162341374,3.072192162341374,0.2168609192088132,21.68609192088132
6111,"Babies' Garments & Accessories, Knit Or Crocheted",9,Ethiopia,0.02625139937659673,2.625139937659673,0.1685499618656466,16.854996186564662
6111,"Babies' Garments & Accessories, Knit Or Crocheted",10,El Salvador,0.01591048512599123,1.591048512599123,0.0968475620183864,9.68475620183864
6112,"Track Suits, Ski-suits & Swimwear, Knit Or Crochet",1,China,0.3469413023425278,34.69413023425278,0.5145845030015983,51.45845030015983
6112,"Track Suits, Ski-suits & Swimwear, Knit Or Crochet",2,Vietnam,0.335320606811337,33.5320606811337,0.3397860763794953,33.97860763794953
6112,"Track Suits, Ski-suits & Swimwear, Knit Or Crochet",3,Indonesia,0.09629028160603788,9.629028160603788,0.3226127489747928,32.26127489747928
6112,"Track Suits, Ski-suits & Swimwear, Knit Or Crochet",4,Cambodia,0.06511810582656131,6.511810582656132,0.327696181889861,32.7696181889861
6112,"Track Suits, Ski-suits & Swimwear, Knit Or Crochet",5,Sri Lanka,0.05512229166956025,5.5122291669560255,0.3124701227523508,31.247012275235083
6112,"Track Suits, Ski-suits & Swimwear, Knit Or Crochet",6,Colombia,0.038332515447917645,3.8332515447917643,0.1335318010573795,13.35318010573795
6112,"Track Suits, Ski-suits & Swimwear, Knit Or Crochet",7,Bangladesh,0.023366126995757602,2.33661269957576,0.3312139890522076,33.12139890522076
6112,"Track Suits, Ski-suits & Swimwear, Knit Or Crochet",8,Italy,0.01651244759321736,1.651244759321736,0.2109392597879054,21.09392597879054
6112,"Track Suits, Ski-suits & Swimwear, Knit Or Crochet",9,Kenya,0.012999686905983325,1.2999686905983325,0.1840848047838911,18.408480478389112
6112,"Track Suits, Ski-suits & Swimwear, Knit Or Crochet",10,Morocco,0.009996634801099797,0.9996634801099796,0.3080044864246286,30.800448642462857
6113,"Garments, Knit Etc, Coated Etc Rubber, Plastic Etc",1,China,0.37220104704909496,37.220104704909495,0.3850820671678904,38.50820671678904
6113,"Garments, Knit Etc, Coated Etc Rubber, Plastic Etc",2,Vietnam,0.26119891879420043,26.11989187942004,0.1837284602940694,18.37284602940694
6113,"Garments, Knit Etc, Coated Etc Rubber, Plastic Etc",3,Bangladesh,0.11028817285290081,11.028817285290081,0.1905536496595715,19.05536496595715
6113,"Garments, Knit Etc, Coated Etc Rubber, Plastic Etc",4,Thailand,0.09605730272008614,9.605730272008614,0.1567846455029773,15.67846455029773
6113,"Garments, Knit Etc, Coated Etc Rubber, Plastic Etc",5,Cambodia,0.07256466362792159,7.2564663627921595,0.1588720112396305,15.887201123963049
6113,"Garments, Knit Etc, Coated Etc Rubber, Plastic Etc",6,Indonesia,0.04009397528607689,4.009397528607689,0.1593572049117268,15.935720491172681
6113,"Garments, Knit Etc, Coated Etc Rubber, Plastic Etc",7,India,0.016083255303897013,1.6083255303897013,0.2620946668209001,26.20946668209001
6113,"Garments, Knit Etc, Coated Etc Rubber, Plastic Etc",8,Burma,0.015882350928950306,1.5882350928950306,0.1836434609075974,18.36434609075974
6113,"Garments, Knit Etc, Coated Etc Rubber, Plastic Etc",9,Jordan,0.008038785517159423,0.8038785517159422,0.0434815925735366,4.34815925735366
6113,"Garments, Knit Etc, Coated Etc Rubber, Plastic Etc",10,Portugal,0.007591527919712446,0.7591527919712446,0.0886324101941077,8.86324101941077
6114,"Garments Nesoi, Knitted Or Crocheted",1,China,0.40632693110599744,40.632693110599746,0.456103283888238,45.6103283888238
6114,"Garments Nesoi, Knitted Or Crocheted",2,Vietnam,0.2575534942322262,25.75534942322262,0.2925759393039767,29.257593930397668
6114,"Garments Nesoi, Knitted Or Crocheted",3,Indonesia,0.08669046966685164,8.669046966685164,0.2604591760549364,26.045917605493642
6114,"Garments Nesoi, Knitted Or Crocheted",4,Cambodia,0.05568127657970659,5.568127657970659,0.2926402566242703,29.26402566242703
6114,"Garments Nesoi, Knitted Or Crocheted",5,Mexico,0.04155243527829993,4.155243527829993,0.0147339243286538,1.47339243286538
6114,"Garments Nesoi, Knitted Or Crocheted",6,Bangladesh,0.036597511292070305,3.6597511292070304,0.252816976966124,25.281697696612397
6114,"Garments Nesoi, Knitted Or Crocheted",7,India,0.034212100156822446,3.4212100156822447,0.2897991840420987,28.97991840420987
6114,"Garments Nesoi, Knitted Or Crocheted",8,Nicaragua,0.0293851453128088,2.9385145312808802,0.1367760270554752,13.677602705547521
6114,"Garments Nesoi, Knitted Or Crocheted",9,Sri Lanka,0.02656884554369838,2.656884554369838,0.3550659162827803,35.50659162827803
6114,"Garments Nesoi, Knitted Or Crocheted",10,Turkey,0.02543179083151833,2.543179083151833,0.3628532943728172,36.285329437281725
6115,"Pantyhose, Socks & Other Hosiery, Knit Or Crochet",1,China,0.585934918627413,58.593491862741296,0.3811693304908911,38.116933049089106
6115,"Pantyhose, Socks & Other Hosiery, Knit Or Crochet",2,Pakistan,0.11524642709121247,11.524642709121247,0.2250904188607318,22.50904188607318
6115,"Pantyhose, Socks & Other Hosiery, Knit Or Crochet",3,El Salvador,0.08003338281182376,8.003338281182376,0.0672147256312039,6.72147256312039
6115,"Pantyhose, Socks & Other Hosiery, Knit Or Crochet",4,Vietnam,0.06161549253348541,6.161549253348541,0.2560532231082802,25.605322310828022
6115,"Pantyhose, Socks & Other Hosiery, Knit Or Crochet",5,Honduras,0.053210755367107614,5.321075536710762,0.0648735688491891,6.48735688491891
6115,"Pantyhose, Socks & Other Hosiery, Knit Or Crochet",6,Cambodia,0.02550431916338647,2.550431916338647,0.2548102694567448,25.48102694567448
6115,"Pantyhose, Socks & Other Hosiery, Knit Or Crochet",7,Turkey,0.0227976964144286,2.2797696414428597,0.2324424298110012,23.24424298110012
6115,"Pantyhose, Socks & Other Hosiery, Knit Or Crochet",8,Mexico,0.01926486203077761,1.926486203077761,0.1251716874922614,12.51716874922614
6115,"Pantyhose, Socks & Other Hosiery, Knit Or Crochet",9,India,0.01842057219030461,1.842057219030461,0.2823735633929787,28.237356339297868
6115,"Pantyhose, Socks & Other Hosiery, Knit Or Crochet",10,"Korea, South",0.017971573770060614,1.7971573770060614,0.1150636457980658,11.50636457980658
6116,"Gloves, Mittens And Mitts, Knitted Or Crocheted",1,China,0.5503294070618516,55.032940706185165,0.3768738342190006,37.68738342190006
6116,"Gloves, Mittens And Mitts, Knitted Or Crocheted",2,Sri Lanka,0.15733271833526147,15.733271833526146,0.2025998825256073,20.259988252560728
6116,"Gloves, Mittens And Mitts, Knitted Or Crocheted",3,Vietnam,0.097052793713279,9.7052793713279,0.2074497430804303,20.74497430804303
6116,"Gloves, Mittens And Mitts, Knitted Or Crocheted",4,Pakistan,0.04664111747560363,4.664111747560363,0.1864295198529088,18.64295198529088
6116,"Gloves, Mittens And Mitts, Knitted Or Crocheted",5,Indonesia,0.04557659078928304,4.557659078928304,0.0937802606404582,9.378026064045821
6116,"Gloves, Mittens And Mitts, Knitted Or Crocheted",6,Malaysia,0.032788017095559355,3.2788017095559354,0.2091419370277671,20.91419370277671
6116,"Gloves, Mittens And Mitts, Knitted Or Crocheted",7,Cambodia,0.022486129297125654,2.2486129297125657,0.1766028698699986,17.66028698699986
6116,"Gloves, Mittens And Mitts, Knitted Or Crocheted",8,"Korea, South",0.018405998204852277,1.8405998204852276,0.0839177794111642,8.39177794111642
6116,"Gloves, Mittens And Mitts, Knitted Or Crocheted",9,Thailand,0.017489043309830334,1.7489043309830334,0.1862217577507942,18.62217577507942
6116,"Gloves, Mittens And Mitts, Knitted Or Crocheted",10,Bangladesh,0.01189818471735361,1.189818471735361,0.228236109206464,22.823610920646402
6117,"Made-up Clothing Access Nesoi, Parts Etc, Knit Etc",1,China,0.667781877016344,66.7781877016344,0.4028455883474627,40.28455883474627
6117,"Made-up Clothing Access Nesoi, Parts Etc, Knit Etc",2,Vietnam,0.05595718044497737,5.595718044497737,0.2504175681859491,25.041756818594912
6117,"Made-up Clothing Access Nesoi, Parts Etc, Knit Etc",3,Burma,0.049423697947619465,4.942369794761946,0.3034492446471825,30.344924464718247
6117,"Made-up Clothing Access Nesoi, Parts Etc, Knit Etc",4,Mexico,0.04557599919188787,4.557599919188787,0.0276173920607118,2.76173920607118
6117,"Made-up Clothing Access Nesoi, Parts Etc, Knit Etc",5,Italy,0.043116488179842045,4.311648817984205,0.1520779015434381,15.207790154343808
6117,"Made-up Clothing Access Nesoi, Parts Etc, Knit Etc",6,Cambodia,0.03636812891740791,3.6368128917407914,0.255703687630423,25.5703687630423
6117,"Made-up Clothing Access Nesoi, Parts Etc, Knit Etc",7,Philippines,0.036326029773369226,3.6326029773369224,0.1858928509841078,18.58928509841078
6117,"Made-up Clothing Access Nesoi, Parts Etc, Knit Etc",8,Thailand,0.03047950180535878,3.047950180535878,0.2038967027374002,20.38967027374002
6117,"Made-up Clothing Access Nesoi, Parts Etc, Knit Etc",9,Canada,0.01900670657252023,1.900670657252023,0.0419342728694814,4.19342728694814
6117,"Made-up Clothing Access Nesoi, Parts Etc, Knit Etc",10,Indonesia,0.015964390150673264,1.5964390150673264,0.2569992967255631,25.69992967255631
6201,"Men's Or Boys' Overcoats Etc, Except Heading 6203",1,Vietnam,0.3303234465933849,33.03234465933849,0.2229404136977439,22.29404136977439
6201,"Men's Or Boys' Overcoats Etc, Except Heading 6203",2,China,0.28168204883924197,28.168204883924197,0.4402713374682079,44.02713374682079
6201,"Men's Or Boys' Overcoats Etc, Except Heading 6203",3,Bangladesh,0.13320857297939748,13.320857297939748,0.2186819560482241,21.86819560482241
6201,"Men's Or Boys' Overcoats Etc, Except Heading 6203",4,Italy,0.06002149178030081,6.0021491780300815,0.1384728036782734,13.847280367827338
6201,"Men's Or Boys' Overcoats Etc, Except Heading 6203",5,Indonesia,0.05903603481999041,5.903603481999041,0.2401965199406076,24.01965199406076
6201,"Men's Or Boys' Overcoats Etc, Except Heading 6203",6,India,0.04692663995936087,4.692663995936087,0.298708140321257,29.870814032125697
6201,"Men's Or Boys' Overcoats Etc, Except Heading 6203",7,Cambodia,0.029901434820655857,2.990143482065586,0.2627915084782541,26.27915084782541
6201,"Men's Or Boys' Overcoats Etc, Except Heading 6203",8,Canada,0.023986283446325318,2.398628344632532,0.0246172022982695,2.46172022982695
6201,"Men's Or Boys' Overcoats Etc, Except Heading 6203",9,Mexico,0.02079836580588292,2.079836580588292,0.0170843965353362,1.7084396535336202
6201,"Men's Or Boys' Overcoats Etc, Except Heading 6203",10,Thailand,0.014115680955459427,1.4115680955459426,0.2465778929170926,24.65778929170926
6202,"Women's Or Girls' Overcoats Etc, Except Head 6203",1,Vietnam,0.3238870928840772,32.38870928840772,0.2465362299151952,24.65362299151952
6202,"Women's Or Girls' Overcoats Etc, Except Head 6203",2,China,0.308224365077125,30.822436507712496,0.4601572678101372,46.01572678101372
6202,"Women's Or Girls' Overcoats Etc, Except Head 6203",3,Bangladesh,0.10936132327772109,10.936132327772109,0.2064192738424819,20.64192738424819
6202,"Women's Or Girls' Overcoats Etc, Except Head 6203",4,Italy,0.07854333531333127,7.854333531333127,0.1250844444095204,12.50844444095204
6202,"Women's Or Girls' Overcoats Etc, Except Head 6203",5,Indonesia,0.06426760119773839,6.426760119773839,0.22912832048515,22.912832048515
6202,"Women's Or Girls' Overcoats Etc, Except Head 6203",6,Canada,0.03204248361439005,3.2042483614390047,0.0117355189018952,1.1735518901895199
6202,"Women's Or Girls' Overcoats Etc, Except Head 6203",7,Romania,0.02474329743665912,2.474329743665912,0.0998145159227148,9.98145159227148
6202,"Women's Or Girls' Overcoats Etc, Except Head 6203",8,Cambodia,0.023344115925461914,2.3344115925461915,0.3006552835850511,30.065528358505112
6202,"Women's Or Girls' Overcoats Etc, Except Head 6203",9,India,0.021206556625795077,2.120655662579508,0.3153337524600706,31.53337524600706
6202,"Women's Or Girls' Overcoats Etc, Except Head 6203",10,France,0.014379828647700852,1.4379828647700852,0.1371678432176967,13.716784321769671
6203,"Men's Or Boys' Suits, Ensembles Etc, Not Knit Etc",1,Bangladesh,0.30288015434456855,30.288015434456856,0.2495224847916278,24.95224847916278
6203,"Men's Or Boys' Suits, Ensembles Etc, Not Knit Etc",2,Vietnam,0.1683013078693204,16.830130786932042,0.2847265113455802,28.47265113455802
6203,"Men's Or Boys' Suits, Ensembles Etc, Not Knit Etc",3,Mexico,0.14563062195539014,14.563062195539015,0.0065565268432548,0.6556526843254801
6203,"Men's Or Boys' Suits, Ensembles Etc, Not Knit Etc",4,China,0.11293786520664298,11.293786520664298,0.3993259358985144,39.932593589851436
6203,"Men's Or Boys' Suits, Ensembles Etc, Not Knit Etc",5,Pakistan,0.060205444262480146,6.020544426248015,0.2522489874414187,25.22489874414187
6203,"Men's Or Boys' Suits, Ensembles Etc, Not Knit Etc",6,Indonesia,0.05621488240473523,5.621488240473523,0.2699185790930256,26.991857909302556
6203,"Men's Or Boys' Suits, Ensembles Etc, Not Knit Etc",7,Italy,0.047133399143923504,4.713339914392351,0.1437711119448604,14.377111194486039
6203,"Men's Or Boys' Suits, Ensembles Etc, Not Knit Etc",8,Cambodia,0.035994735408479035,3.5994735408479035,0.2916163251389972,29.161632513899722
6203,"Men's Or Boys' Suits, Ensembles Etc, Not Knit Etc",9,India,0.035537666998772234,3.5537666998772233,0.3106952089063635,31.069520890636348
6203,"Men's Or Boys' Suits, Ensembles Etc, Not Knit Etc",10,Egypt,0.03516392240568774,3.516392240568774,0.0236478377958597,2.36478377958597
6204,"Women's Or Girls' Suits, Ensemb Etc, Not Knit Etc",1,China,0.2387777404237674,23.87777404237674,0.4338500264545576,43.385002645455764
6204,"Women's Or Girls' Suits, Ensemb Etc, Not Knit Etc",2,Vietnam,0.22835146055977376,22.835146055977376,0.2692735106750637,26.927351067506372
6204,"Women's Or Girls' Suits, Ensemb Etc, Not Knit Etc",3,Bangladesh,0.14078295678083755,14.078295678083755,0.240826754941586,24.0826754941586
6204,"Women's Or Girls' Suits, Ensemb Etc, Not Knit Etc",4,India,0.11025498093463323,11.025498093463323,0.2311776726191745,23.11776726191745
6204,"Women's Or Girls' Suits, Ensemb Etc, Not Knit Etc",5,Indonesia,0.06544145115010055,6.544145115010055,0.2373523811422597,23.73523811422597
6204,"Women's Or Girls' Suits, Ensemb Etc, Not Knit Etc",6,Cambodia,0.05629679738575383,5.6296797385753825,0.2481179424986712,24.81179424986712
6204,"Women's Or Girls' Suits, Ensemb Etc, Not Knit Etc",7,Pakistan,0.054256103630531835,5.425610363053184,0.2491732754921644,24.917327549216438
6204,"Women's Or Girls' Suits, Ensemb Etc, Not Knit Etc",8,Italy,0.0522314081162536,5.22314081162536,0.1424948573094325,14.24948573094325
6204,"Women's Or Girls' Suits, Ensemb Etc, Not Knit Etc",9,Turkey,0.029688121159224312,2.9688121159224314,0.2446956575942719,24.46956575942719
6204,"Women's Or Girls' Suits, Ensemb Etc, Not Knit Etc",10,Jordan,0.023918979859123935,2.3918979859123937,0.0729066051197245,7.290660511972449
6205,"Men's Or Boys' Shirts, Not Knitted Or Crocheted",1,Bangladesh,0.2751130451397647,27.51130451397647,0.278135978795512,27.8135978795512
6205,"Men's Or Boys' Shirts, Not Knitted Or Crocheted",2,Vietnam,0.19899113778190547,19.899113778190546,0.2888046122089581,28.88046122089581
6205,"Men's Or Boys' Shirts, Not Knitted Or Crocheted",3,India,0.13530041939425808,13.530041939425807,0.2987479710663877,29.874797106638766
6205,"Men's Or Boys' Shirts, Not Knitted Or Crocheted",4,China,0.10464271968185858,10.464271968185859,0.4413547356155554,44.135473561555536
6205,"Men's Or Boys' Shirts, Not Knitted Or Crocheted",5,Indonesia,0.08359150713152623,8.359150713152623,0.2722591554388935,27.22591554388935
6205,"Men's Or Boys' Shirts, Not Knitted Or Crocheted",6,Honduras,0.0490415990149807,4.90415990149807,0.0426830279109521,4.26830279109521
6205,"Men's Or Boys' Shirts, Not Knitted Or Crocheted",7,Nicaragua,0.04084059940839781,4.084059940839781,0.057797392817849,5.7797392817849
6205,"Men's Or Boys' Shirts, Not Knitted Or Crocheted",8,Mexico,0.04056476820889366,4.056476820889366,0.0319898229847317,3.19898229847317
6205,"Men's Or Boys' Shirts, Not Knitted Or Crocheted",9,Sri Lanka,0.038982845677657633,3.898284567765763,0.2864018789127873,28.640187891278728
6205,"Men's Or Boys' Shirts, Not Knitted Or Crocheted",10,Italy,0.03293135856075721,3.2931358560757213,0.1373527299764404,13.73527299764404
6206,"Women's Or Girls' Blouses, Shirts Etc Not Knit Etc",1,India,0.26799580920929394,26.799580920929394,0.3047647165225214,30.47647165225214
6206,"Women's Or Girls' Blouses, Shirts Etc Not Knit Etc",2,China,0.20353304191787577,20.353304191787576,0.4617703373448813,46.177033734488134
6206,"Women's Or Girls' Blouses, Shirts Etc Not Knit Etc",3,Vietnam,0.16265143129723303,16.265143129723302,0.294881198482211,29.4881198482211
6206,"Women's Or Girls' Blouses, Shirts Etc Not Knit Etc",4,Indonesia,0.148860979131796,14.886097913179599,0.2675640578736357,26.75640578736357
6206,"Women's Or Girls' Blouses, Shirts Etc Not Knit Etc",5,Bangladesh,0.08340358114320759,8.34035811432076,0.2195349940644838,21.95349940644838
6206,"Women's Or Girls' Blouses, Shirts Etc Not Knit Etc",6,Italy,0.05116332255832849,5.116332255832849,0.143373787142451,14.3373787142451
6206,"Women's Or Girls' Blouses, Shirts Etc Not Knit Etc",7,Cambodia,0.02593867547402459,2.5938675474024593,0.2537898486528657,25.37898486528657
6206,"Women's Or Girls' Blouses, Shirts Etc Not Knit Etc",8,Sri Lanka,0.021904717413021243,2.190471741302124,0.2509961270892604,25.09961270892604
6206,"Women's Or Girls' Blouses, Shirts Etc Not Knit Etc",9,Thailand,0.02038035331252847,2.0380353312528467,0.2088467266295406,20.88467266295406
6206,"Women's Or Girls' Blouses, Shirts Etc Not Knit Etc",10,Turkey,0.014168088542690919,1.416808854269092,0.2765719880592946,27.65719880592946
6207,"Men's Or Boys' Undershirts Etc, Not Knit Or Croch",1,Vietnam,0.3805598947785368,38.05598947785368,0.1891914066291371,18.919140662913712
6207,"Men's Or Boys' Undershirts Etc, Not Knit Or Croch",2,India,0.17030975772735346,17.030975772735346,0.2784273414431583,27.842734144315827
6207,"Men's Or Boys' Undershirts Etc, Not Knit Or Croch",3,China,0.14167351906194575,14.167351906194575,0.3793954222243687,37.93954222243687
6207,"Men's Or Boys' Undershirts Etc, Not Knit Or Croch",4,Bangladesh,0.1412927205731751,14.129272057317511,0.1954277906394196,19.54277906394196
6207,"Men's Or Boys' Undershirts Etc, Not Knit Or Croch",5,Indonesia,0.045593009128023464,4.559300912802346,0.1651478253368413,16.51478253368413
6207,"Men's Or Boys' Undershirts Etc, Not Knit Or Croch",6,Pakistan,0.04333303675990536,4.333303675990536,0.1474979240436434,14.74979240436434
6207,"Men's Or Boys' Undershirts Etc, Not Knit Or Croch",7,Cambodia,0.024861294930964953,2.4861294930964952,0.216567213182649,21.6567213182649
6207,"Men's Or Boys' Undershirts Etc, Not Knit Or Croch",8,Turkey,0.019046489547223506,1.9046489547223506,0.1881496681123599,18.81496681123599
6207,"Men's Or Boys' Undershirts Etc, Not Knit Or Croch",9,Sri Lanka,0.01730686696866612,1.730686696866612,0.1738264284259927,17.382642842599267
6207,"Men's Or Boys' Undershirts Etc, Not Knit Or Croch",10,El Salvador,0.016023410524205417,1.6023410524205417,0.0845020987557573,8.45020987557573
6208,"Women's Or Girls' Slips Etc, Not Knit Or Crochet",1,China,0.25400793684010525,25.400793684010527,0.3792890645648731,37.92890645648731
6208,"Women's Or Girls' Slips Etc, Not Knit Or Crochet",2,Vietnam,0.20575258364584978,20.57525836458498,0.235828731661596,23.5828731661596
6208,"Women's Or Girls' Slips Etc, Not Knit Or Crochet",3,India,0.17307854982752707,17.30785498275271,0.3043959324946245,30.439593249462447
6208,"Women's Or Girls' Slips Etc, Not Knit Or Crochet",4,Indonesia,0.11712063672730894,11.712063672730894,0.2574836480758008,25.74836480758008
6208,"Women's Or Girls' Slips Etc, Not Knit Or Crochet",5,Bangladesh,0.07189976096972989,7.1899760969729885,0.2416327254580357,24.163272545803572
6208,"Women's Or Girls' Slips Etc, Not Knit Or Crochet",6,Cambodia,0.07001469374194373,7.001469374194373,0.2237770086935077,22.377700869350768
6208,"Women's Or Girls' Slips Etc, Not Knit Or Crochet",7,Turkey,0.052939687533546304,5.293968753354631,0.1730090090535939,17.30090090535939
6208,"Women's Or Girls' Slips Etc, Not Knit Or Crochet",8,Sri Lanka,0.03364685279606455,3.364685279606455,0.2214467524158695,22.14467524158695
6208,"Women's Or Girls' Slips Etc, Not Knit Or Crochet",9,Italy,0.011711360150127966,1.1711360150127965,0.1408532543995043,14.08532543995043
6208,"Women's Or Girls' Slips Etc, Not Knit Or Crochet",10,Philippines,0.00982793776779657,0.982793776779657,0.2435493105164683,24.35493105164683
6209,"Babies' Garments & Accessories, Not Knit Or Croch",1,Bangladesh,0.3400489959862652,34.00489959862652,0.2124233288730337,21.24233288730337
6209,"Babies' Garments & Accessories, Not Knit Or Croch",2,Vietnam,0.19607493731196107,19.607493731196108,0.2345890057644696,23.458900576446958
6209,"Babies' Garments & Accessories, Not Knit Or Croch",3,China,0.1788243572382074,17.882435723820738,0.3400197848159593,34.00197848159593
6209,"Babies' Garments & Accessories, Not Knit Or Croch",4,India,0.11409381105478236,11.409381105478236,0.226461643362951,22.6461643362951
6209,"Babies' Garments & Accessories, Not Knit Or Croch",5,Indonesia,0.06237603331898778,6.237603331898778,0.2013243212425983,20.13243212425983
6209,"Babies' Garments & Accessories, Not Knit Or Croch",6,Cambodia,0.036836676596083154,3.6836676596083153,0.2246477959835105,22.46477959835105
6209,"Babies' Garments & Accessories, Not Knit Or Croch",7,Thailand,0.03340376226998091,3.340376226998091,0.1964905575765391,19.64905575765391
6209,"Babies' Garments & Accessories, Not Knit Or Croch",8,Sri Lanka,0.015216201674581573,1.5216201674581573,0.1775500842579405,17.75500842579405
6209,"Babies' Garments & Accessories, Not Knit Or Croch",9,El Salvador,0.012572629165951612,1.2572629165951612,0.0911422294044662,9.11422294044662
6209,"Babies' Garments & Accessories, Not Knit Or Croch",10,Philippines,0.01055259538319893,1.055259538319893,0.1927310758673041,19.273107586730408
6210,"Garments, Of Felt Etc, Or Fabric Impregnated Etc",1,China,0.3923812520367274,39.238125203672745,0.2567588403641805,25.67588403641805
6210,"Garments, Of Felt Etc, Or Fabric Impregnated Etc",2,Vietnam,0.25199460153234976,25.199460153234977,0.1612391492674496,16.12391492674496
6210,"Garments, Of Felt Etc, Or Fabric Impregnated Etc",3,Mexico,0.09502362103246079,9.502362103246078,0.0129237028120262,1.29237028120262
6210,"Garments, Of Felt Etc, Or Fabric Impregnated Etc",4,Bangladesh,0.056068631313235195,5.60686313132352,0.161891657951335,16.1891657951335
6210,"Garments, Of Felt Etc, Or Fabric Impregnated Etc",5,Honduras,0.053439082408867855,5.343908240886785,0.0307116489521398,3.07116489521398
6210,"Garments, Of Felt Etc, Or Fabric Impregnated Etc",6,Cambodia,0.05144589778638073,5.144589778638073,0.0954354343108496,9.54354343108496
6210,"Garments, Of Felt Etc, Or Fabric Impregnated Etc",7,Indonesia,0.0439400171660989,4.39400171660989,0.1770431437250055,17.704314372500548
6210,"Garments, Of Felt Etc, Or Fabric Impregnated Etc",8,Burma,0.0315268765747055,3.1526876574705502,0.123457789615348,12.3457789615348
6210,"Garments, Of Felt Etc, Or Fabric Impregnated Etc",9,Canada,0.013971901013518218,1.3971901013518218,0.0310765381143793,3.1076538114379297
6210,"Garments, Of Felt Etc, Or Fabric Impregnated Etc",10,Dominican Republic,0.010208119135655726,1.0208119135655727,0.0464183018039813,4.64183018039813
6211,"Track Suits, Ski-suits & Swimwear, Not Knit Etc",1,China,0.27141771337129156,27.141771337129157,0.4030932361529112,40.30932361529112
6211,"Track Suits, Ski-suits & Swimwear, Not Knit Etc",2,Vietnam,0.19311915045458,19.311915045458,0.2399344118982502,23.99344118982502
6211,"Track Suits, Ski-suits & Swimwear, Not Knit Etc",3,Mexico,0.16863083998607548,16.863083998607546,0.0374444539364216,3.7444453936421604
6211,"Track Suits, Ski-suits & Swimwear, Not Knit Etc",4,India,0.12297487656344686,12.297487656344686,0.2232273371472668,22.32273371472668
6211,"Track Suits, Ski-suits & Swimwear, Not Knit Etc",5,Bangladesh,0.07291060847731284,7.291060847731284,0.2253802136690884,22.53802136690884
6211,"Track Suits, Ski-suits & Swimwear, Not Knit Etc",6,Indonesia,0.05050295008303548,5.050295008303548,0.212121275939539,21.212127593953902
6211,"Track Suits, Ski-suits & Swimwear, Not Knit Etc",7,Pakistan,0.04064173157561361,4.0641731575613615,0.1943230416974852,19.43230416974852
6211,"Track Suits, Ski-suits & Swimwear, Not Knit Etc",8,Cambodia,0.028377746394113054,2.8377746394113053,0.2368198257257691,23.68198257257691
6211,"Track Suits, Ski-suits & Swimwear, Not Knit Etc",9,Honduras,0.026667663516540704,2.6667663516540703,0.0379458639488553,3.7945863948855303
6211,"Track Suits, Ski-suits & Swimwear, Not Knit Etc",10,Italy,0.024756719577990523,2.4756719577990522,0.1498360212332365,14.98360212332365
6212,"Bras, Girdles, Garters Etc., Knitted Etc Or Not",1,China,0.275832995947874,27.583299594787402,0.4013546276131494,40.13546276131494
6212,"Bras, Girdles, Garters Etc., Knitted Etc Or Not",2,Vietnam,0.2745078645974074,27.45078645974074,0.2546056043798848,25.460560437988477
6212,"Bras, Girdles, Garters Etc., Knitted Etc Or Not",3,Indonesia,0.13083729501635524,13.083729501635524,0.241119931243858,24.1119931243858
6212,"Bras, Girdles, Garters Etc., Knitted Etc Or Not",4,Sri Lanka,0.11797380226514237,11.797380226514237,0.2650107175288699,26.50107175288699
6212,"Bras, Girdles, Garters Etc., Knitted Etc Or Not",5,Bangladesh,0.05562775639502401,5.562775639502401,0.2444619771814037,24.44619771814037
6212,"Bras, Girdles, Garters Etc., Knitted Etc Or Not",6,Thailand,0.045204786327366187,4.520478632736618,0.2453786350298454,24.53786350298454
6212,"Bras, Girdles, Garters Etc., Knitted Etc Or Not",7,Colombia,0.027192873371471672,2.719287337147167,0.0892223122851016,8.92223122851016
6212,"Bras, Girdles, Garters Etc., Knitted Etc Or Not",8,Cambodia,0.02615507074011236,2.615507074011236,0.2690950539758652,26.90950539758652
6212,"Bras, Girdles, Garters Etc., Knitted Etc Or Not",9,Honduras,0.025708131739345313,2.5708131739345315,0.0708559809035076,7.08559809035076
6212,"Bras, Girdles, Garters Etc., Knitted Etc Or Not",10,Dominican Republic,0.020959423599901418,2.0959423599901417,0.0710729183524035,7.10729183524035
6213,Handkerchiefs,1,China,0.5634920324253598,56.349203242535985,0.3267342277324501,32.67342277324501
6213,Handkerchiefs,2,India,0.13605961066868136,13.605961066868137,0.3110904009554318,31.10904009554318
6213,Handkerchiefs,3,Italy,0.13426193549559284,13.426193549559285,0.106392070308464,10.6392070308464
6213,Handkerchiefs,4,France,0.07421825351070675,7.421825351070675,0.0999353024948368,9.99353024948368
6213,Handkerchiefs,5,Vietnam,0.05657294992987741,5.657294992987741,0.1692641823815066,16.92641823815066
6213,Handkerchiefs,6,Japan,0.010354664409073865,1.0354664409073864,0.1404723433037727,14.04723433037727
6213,Handkerchiefs,7,Burma,0.009402626911388798,0.9402626911388798,0.1879777859247491,18.79777859247491
6213,Handkerchiefs,8,United Kingdom,0.007950224850664015,0.7950224850664015,0.1229317374720505,12.29317374720505
6213,Handkerchiefs,9,Pakistan,0.004176619047599959,0.41766190475999593,0.1936882243740906,19.36882243740906
6213,Handkerchiefs,10,Turkey,0.0035110827510551096,0.35110827510551096,0.1333245689817075,13.332456898170749
6214,"Shawls, Scarves, Mufflers, Mantillas, Veils Etc.",1,China,0.39757940333407005,39.75794033340701,0.3139198345750645,31.391983457506452
6214,"Shawls, Scarves, Mufflers, Mantillas, Veils Etc.",2,Italy,0.28737642647203526,28.737642647203526,0.1229066532450167,12.29066532450167
6214,"Shawls, Scarves, Mufflers, Mantillas, Veils Etc.",3,France,0.16983576805683823,16.98357680568382,0.1167474410519901,11.67474410519901
6214,"Shawls, Scarves, Mufflers, Mantillas, Veils Etc.",4,India,0.06585791967051981,6.585791967051981,0.2776506684154667,27.76506684154667
6214,"Shawls, Scarves, Mufflers, Mantillas, Veils Etc.",5,United Kingdom,0.04552156888744471,4.552156888744471,0.1532131346921356,15.32131346921356
6214,"Shawls, Scarves, Mufflers, Mantillas, Veils Etc.",6,Cambodia,0.00900552738879845,0.9005527388798449,0.2173366631504004,21.73366631504004
6214,"Shawls, Scarves, Mufflers, Mantillas, Veils Etc.",7,Nepal,0.007397915339108233,0.7397915339108233,0.1107334884269521,11.07334884269521
6214,"Shawls, Scarves, Mufflers, Mantillas, Veils Etc.",8,Vietnam,0.0067817690975630895,0.678176909756309,0.196017434154395,19.6017434154395
6214,"Shawls, Scarves, Mufflers, Mantillas, Veils Etc.",9,Turkey,0.005894679914021919,0.5894679914021919,0.1382328230435205,13.82328230435205
6214,"Shawls, Scarves, Mufflers, Mantillas, Veils Etc.",10,Mexico,0.004749021839600302,0.47490218396003014,0.0511201980361251,5.11201980361251
6215,"Ties, Bow Ties & Cravats, Not Knitted Or Crocheted",1,China,0.5497058416532098,54.97058416532098,0.3389728182865289,33.89728182865289
6215,"Ties, Bow Ties & Cravats, Not Knitted Or Crocheted",2,Italy,0.3016873619857239,30.16873619857239,0.1359342346863078,13.59342346863078
6215,"Ties, Bow Ties & Cravats, Not Knitted Or Crocheted",3,France,0.08123621970279873,8.123621970279874,0.1347787046265169,13.477870462651689
6215,"Ties, Bow Ties & Cravats, Not Knitted Or Crocheted",4,Vietnam,0.03590402776624286,3.590402776624286,0.2526843661469486,25.26843661469486
6215,"Ties, Bow Ties & Cravats, Not Knitted Or Crocheted",5,United Kingdom,0.016986099841692536,1.6986099841692537,0.1515216919883245,15.15216919883245
6215,"Ties, Bow Ties & Cravats, Not Knitted Or Crocheted",6,Bangladesh,0.003732380560264079,0.3732380560264079,0.1514655765507752,15.146557655077519
6215,"Ties, Bow Ties & Cravats, Not Knitted Or Crocheted",7,Indonesia,0.003439484152425385,0.3439484152425385,0.2401137528013545,24.01137528013545
6215,"Ties, Bow Ties & Cravats, Not Knitted Or Crocheted",8,Mexico,0.002545851329890434,0.2545851329890434,0.1191825050760576,11.91825050760576
6215,"Ties, Bow Ties & Cravats, Not Knitted Or Crocheted",9,India,0.002476653560675993,0.24766535606759932,0.3256828400778471,32.56828400778471
6215,"Ties, Bow Ties & Cravats, Not Knitted Or Crocheted",10,Chile,0.002286079447076348,0.2286079447076348,,
6216,"Gloves, Mittens And Mitts, Not Knit Or Crocheted",1,China,0.4356240291120722,43.56240291120722,0.3856907942734862,38.56907942734862
6216,"Gloves, Mittens And Mitts, Not Knit Or Crocheted",2,Vietnam,0.2201781001472128,22.01781001472128,0.1443223271036932,14.43223271036932
6216,"Gloves, Mittens And Mitts, Not Knit Or Crocheted",3,Pakistan,0.11023923473477563,11.023923473477563,0.1822476971339058,18.22476971339058
6216,"Gloves, Mittens And Mitts, Not Knit Or Crocheted",4,Indonesia,0.09543788420275544,9.543788420275543,0.1443186231128576,14.431862311285759
6216,"Gloves, Mittens And Mitts, Not Knit Or Crocheted",5,Cambodia,0.06304584839893772,6.304584839893772,0.1660942296358699,16.60942296358699
6216,"Gloves, Mittens And Mitts, Not Knit Or Crocheted",6,Philippines,0.038286535078533246,3.828653507853325,0.1923460674033335,19.234606740333348
6216,"Gloves, Mittens And Mitts, Not Knit Or Crocheted",7,Bangladesh,0.017270493848708865,1.7270493848708866,0.1706042812056145,17.06042812056145
6216,"Gloves, Mittens And Mitts, Not Knit Or Crocheted",8,Thailand,0.009500766549577773,0.9500766549577773,0.1258089847284013,12.58089847284013
6216,"Gloves, Mittens And Mitts, Not Knit Or Crocheted",9,India,0.005768149166290128,0.5768149166290127,0.270730581910632,27.073058191063197
6216,"Gloves, Mittens And Mitts, Not Knit Or Crocheted",10,Sri Lanka,0.004648958761136175,0.4648958761136175,0.2410212140763331,24.10212140763331
6217,"Made-up Cl Access Nesoi, Garment Etc Parts Nesoi",1,China,0.5862105989478678,58.621059894786775,0.3826442163303241,38.264421633032406
6217,"Made-up Cl Access Nesoi, Garment Etc Parts Nesoi",2,Mexico,0.08163234586274726,8.163234586274726,0.0198385529343576,1.98385529343576
6217,"Made-up Cl Access Nesoi, Garment Etc Parts Nesoi",3,Vietnam,0.0761653658908939,7.61653658908939,0.2412879942212335,24.12879942212335
6217,"Made-up Cl Access Nesoi, Garment Etc Parts Nesoi",4,Dominican Republic,0.06949622471094306,6.949622471094306,0.0582901820985592,5.82901820985592
6217,"Made-up Cl Access Nesoi, Garment Etc Parts Nesoi",5,Italy,0.05556033424484444,5.556033424484444,0.1446022628451132,14.460226284511322
6217,"Made-up Cl Access Nesoi, Garment Etc Parts Nesoi",6,Spain,0.03398384191407608,3.398384191407608,0.1801198610079052,18.01198610079052
6217,"Made-up Cl Access Nesoi, Garment Etc Parts Nesoi",7,Cambodia,0.03329761833720238,3.3297618337202377,0.2431222030435753,24.312220304357528
6217,"Made-up Cl Access Nesoi, Garment Etc Parts Nesoi",8,Taiwan,0.023305092318367065,2.3305092318367064,0.2515482420378602,25.15482420378602
6217,"Made-up Cl Access Nesoi, Garment Etc Parts Nesoi",9,India,0.02152598303969586,2.152598303969586,0.3396006077305991,33.96006077305991
6217,"Made-up Cl Access Nesoi, Garment Etc Parts Nesoi",10,Bangladesh,0.018822594733362185,1.8822594733362186,0.2318874415877755,23.18874415877755
6301,Blankets And Traveling Rugs,1,China,0.8146968904956161,81.46968904956161,0.3287599611676991,32.87599611676991
6301,Blankets And Traveling Rugs,2,India,0.08308974000624826,8.308974000624826,0.2483450397657857,24.83450397657857
6301,Blankets And Traveling Rugs,3,Vietnam,0.03820508425343508,3.8205084253435078,0.2204016581622977,22.04016581622977
6301,Blankets And Traveling Rugs,4,Pakistan,0.024970499571039254,2.4970499571039255,0.1640979765185317,16.409797651853168
6301,Blankets And Traveling Rugs,5,Portugal,0.011722543176253965,1.1722543176253966,0.1426139423794321,14.26139423794321
6301,Blankets And Traveling Rugs,6,Italy,0.009114445920925657,0.9114445920925658,0.1131995452154287,11.31995452154287
6301,Blankets And Traveling Rugs,7,Mexico,0.00659424074743388,0.6594240747433879,0.0093897487565831,0.93897487565831
6301,Blankets And Traveling Rugs,8,Peru,0.004575521050164784,0.45755210501647836,0.0704425029712067,7.04425029712067
6301,Blankets And Traveling Rugs,9,United Kingdom,0.004076764986929323,0.4076764986929323,0.0757406948093473,7.574069480934729
6301,Blankets And Traveling Rugs,10,Germany,0.0029542697919537116,0.29542697919537114,0.1461194684797084,14.611946847970838
6302,"Bed Linen, Table Linen, Toilet Linen & Kitch Linen",1,India,0.3715699794474904,37.15699794474904,0.2302607487484094,23.02607487484094
6302,"Bed Linen, Table Linen, Toilet Linen & Kitch Linen",2,China,0.32975586585723526,32.975586585723526,0.3154370494068066,31.543704940680662
6302,"Bed Linen, Table Linen, Toilet Linen & Kitch Linen",3,Pakistan,0.19069615385906866,19.069615385906864,0.1657264585883226,16.57264585883226
6302,"Bed Linen, Table Linen, Toilet Linen & Kitch Linen",4,Turkey,0.03697223686831936,3.697223686831936,0.1718405853450801,17.184058534508008
6302,"Bed Linen, Table Linen, Toilet Linen & Kitch Linen",5,Portugal,0.020750270591207105,2.0750270591207105,0.1346785802296335,13.46785802296335
6302,"Bed Linen, Table Linen, Toilet Linen & Kitch Linen",6,Mexico,0.012578804721696042,1.2578804721696042,0.0290298870565942,2.90298870565942
6302,"Bed Linen, Table Linen, Toilet Linen & Kitch Linen",7,Bangladesh,0.010381325133870203,1.0381325133870203,0.1663134124651031,16.63134124651031
6302,"Bed Linen, Table Linen, Toilet Linen & Kitch Linen",8,Italy,0.009580878031735766,0.9580878031735766,0.1323442803914779,13.234428039147788
6302,"Bed Linen, Table Linen, Toilet Linen & Kitch Linen",9,Colombia,0.0094833999514229,0.9483399951422901,0.0515757797808206,5.15757797808206
6302,"Bed Linen, Table Linen, Toilet Linen & Kitch Linen",10,Bahrain,0.008231085537954402,0.8231085537954402,0.0545094581810528,5.45094581810528
6303,Curtains & Interior Blinds; Curtain & Bed Valances,1,China,0.47918203247786295,47.918203247786295,0.4006315722256586,40.06315722256586
6303,Curtains & Interior Blinds; Curtain & Bed Valances,2,Mexico,0.31257384119909687,31.257384119909688,0.1185805916971534,11.85805916971534
6303,Curtains & Interior Blinds; Curtain & Bed Valances,3,India,0.06131995749886645,6.131995749886645,0.2765710601132561,27.65710601132561
6303,Curtains & Interior Blinds; Curtain & Bed Valances,4,Taiwan,0.03893321211468888,3.893321211468888,0.214005233035591,21.400523303559098
6303,Curtains & Interior Blinds; Curtain & Bed Valances,5,"Korea, South",0.03397600318231183,3.397600318231183,0.1968352148768515,19.683521487685148
6303,Curtains & Interior Blinds; Curtain & Bed Valances,6,Pakistan,0.02910903519411442,2.910903519411442,0.1935043484032834,19.35043484032834
6303,Curtains & Interior Blinds; Curtain & Bed Valances,7,Turkey,0.013962165232906786,1.3962165232906787,0.1989331046761165,19.89331046761165
6303,Curtains & Interior Blinds; Curtain & Bed Valances,8,Malaysia,0.012609875560929018,1.2609875560929018,0.2185382460145663,21.85382460145663
6303,Curtains & Interior Blinds; Curtain & Bed Valances,9,Canada,0.009987054515429077,0.9987054515429077,0.0872198973227595,8.72198973227595
6303,Curtains & Interior Blinds; Curtain & Bed Valances,10,Vietnam,0.008346823023793784,0.8346823023793785,0.2205305343822088,22.05305343822088
6304,Furnishing Articles Of Textile Materials Nesoi,1,China,0.5633204587365442,56.33204587365442,0.2716598725974232,27.16598725974232
6304,Furnishing Articles Of Textile Materials Nesoi,2,India,0.21965198001742894,21.965198001742895,0.2204862495148455,22.04862495148455
6304,Furnishing Articles Of Textile Materials Nesoi,3,Pakistan,0.05272617259657838,5.272617259657838,0.1089446130159154,10.89446130159154
6304,Furnishing Articles Of Textile Materials Nesoi,4,Mexico,0.0404087326207417,4.04087326207417,0.0285622683503635,2.85622683503635
6304,Furnishing Articles Of Textile Materials Nesoi,5,Ukraine,0.03114093509939373,3.114093509939373,0.1326800942570706,13.268009425707062
6304,Furnishing Articles Of Textile Materials Nesoi,6,Vietnam,0.026560254659825172,2.656025465982517,0.1963255376482113,19.632553764821132
6304,Furnishing Articles Of Textile Materials Nesoi,7,Portugal,0.023656750435206802,2.3656750435206804,0.1178034645484684,11.78034645484684
6304,Furnishing Articles Of Textile Materials Nesoi,8,Italy,0.01641212944245943,1.641212944245943,0.1237988090857747,12.379880908577471
6304,Furnishing Articles Of Textile Materials Nesoi,9,Turkey,0.013377827930466532,1.3377827930466533,0.1684185984904673,16.84185984904673
6304,Furnishing Articles Of Textile Materials Nesoi,10,Haiti,0.012744758461355088,1.2744758461355088,0.060623016270879,6.0623016270879
6305,Sacks & Bags Of Textile Material For Packing Goods,1,India,0.4703828092984791,47.03828092984791,0.2521891264392956,25.21891264392956
6305,Sacks & Bags Of Textile Material For Packing Goods,2,Mexico,0.1603947542916769,16.03947542916769,0.0114766856273211,1.14766856273211
6305,Sacks & Bags Of Textile Material For Packing Goods,3,China,0.1584253556289204,15.84253556289204,0.3550572420362747,35.50572420362747
6305,Sacks & Bags Of Textile Material For Packing Goods,4,Vietnam,0.05338541819112129,5.3385418191121286,0.1905601535750241,19.05601535750241
6305,Sacks & Bags Of Textile Material For Packing Goods,5,Thailand,0.042186548676435474,4.218654867643547,0.1835965045760242,18.35965045760242
6305,Sacks & Bags Of Textile Material For Packing Goods,6,Canada,0.029184710583122893,2.9184710583122895,0.0044596477224636,0.44596477224636
6305,Sacks & Bags Of Textile Material For Packing Goods,7,Honduras,0.02716943949030484,2.7169439490304836,0.0495235664639868,4.9523566463986795
6305,Sacks & Bags Of Textile Material For Packing Goods,8,Indonesia,0.021154027373677952,2.1154027373677953,0.1736469707395185,17.364697073951852
6305,Sacks & Bags Of Textile Material For Packing Goods,9,Turkey,0.020856147504177584,2.0856147504177582,0.1785753606748281,17.85753606748281
6305,Sacks & Bags Of Textile Material For Packing Goods,10,Cambodia,0.016860788962083685,1.6860788962083686,0.1728952154210973,17.28952154210973
6306,"Tarpaulins, Sails, Awnings, Tents, Etc.",1,China,0.6288273423807739,62.88273423807739,0.2829941827531436,28.29941827531436
6306,"Tarpaulins, Sails, Awnings, Tents, Etc.",2,Bangladesh,0.1354608786110113,13.54608786110113,0.1171856547712196,11.71856547712196
6306,"Tarpaulins, Sails, Awnings, Tents, Etc.",3,Vietnam,0.05204792790743187,5.204792790743187,0.1358311661207182,13.58311661207182
6306,"Tarpaulins, Sails, Awnings, Tents, Etc.",4,Taiwan,0.0408869019215747,4.08869019215747,0.1350085732370253,13.500857323702531
6306,"Tarpaulins, Sails, Awnings, Tents, Etc.",5,Canada,0.030651680289038412,3.065168028903841,0.0072007392733384,0.72007392733384
6306,"Tarpaulins, Sails, Awnings, Tents, Etc.",6,"Korea, South",0.02990170126804961,2.9901701268049607,0.0734750250156756,7.3475025015675595
6306,"Tarpaulins, Sails, Awnings, Tents, Etc.",7,Czech Republic,0.028726062778417365,2.8726062778417365,0.107503654170645,10.7503654170645
6306,"Tarpaulins, Sails, Awnings, Tents, Etc.",8,Sri Lanka,0.024070496453180663,2.4070496453180663,0.0998733159018964,9.987331590189639
6306,"Tarpaulins, Sails, Awnings, Tents, Etc.",9,Mexico,0.01996778321325554,1.996778321325554,0.1319364498014707,13.19364498014707
6306,"Tarpaulins, Sails, Awnings, Tents, Etc.",10,India,0.009459225177266665,0.9459225177266665,0.2325021876615227,23.25021876615227
6307,Made-up Articles Of Textile Materials Nesoi,1,China,0.6757362547847794,67.57362547847794,0.2908720083036203,29.087200830362033
6307,Made-up Articles Of Textile Materials Nesoi,2,Mexico,0.11928440207550531,11.928440207550532,0.0226399268184933,2.26399268184933
6307,Made-up Articles Of Textile Materials Nesoi,3,Vietnam,0.05444586509053318,5.444586509053318,0.1615894207993623,16.15894207993623
6307,Made-up Articles Of Textile Materials Nesoi,4,Pakistan,0.047331761327223436,4.733176132722344,0.1315991414176444,13.159914141764439
6307,Made-up Articles Of Textile Materials Nesoi,5,India,0.031198771448946606,3.1198771448946605,0.2483320705322133,24.83320705322133
6307,Made-up Articles Of Textile Materials Nesoi,6,Cambodia,0.019593760243773232,1.9593760243773233,0.1225375854583722,12.25375854583722
6307,Made-up Articles Of Textile Materials Nesoi,7,Dominican Republic,0.01850484774902952,1.850484774902952,0.0252058063711845,2.5205806371184503
6307,Made-up Articles Of Textile Materials Nesoi,8,Thailand,0.011621156042635148,1.1621156042635148,0.1246411796199222,12.46411796199222
6307,Made-up Articles Of Textile Materials Nesoi,9,Taiwan,0.011231849944344258,1.1231849944344257,0.1700692763985155,17.00692763985155
6307,Made-up Articles Of Textile Materials Nesoi,10,Canada,0.011051331293229955,1.1051331293229956,0.0548873248978188,5.48873248978188
6308,"Needlecraft Sets Of Wov Fabric & Yarn, Retail Pack",1,China,0.6409235965043066,64.09235965043067,0.4236171018490237,42.36171018490237
6308,"Needlecraft Sets Of Wov Fabric & Yarn, Retail Pack",2,Italy,0.1036665383154259,10.366653831542589,0.1656281636989929,16.562816369899288
6308,"Needlecraft Sets Of Wov Fabric & Yarn, Retail Pack",3,United Kingdom,0.07282216520013333,7.282216520013334,0.2020100866964953,20.201008669649532
6308,"Needlecraft Sets Of Wov Fabric & Yarn, Retail Pack",4,Turkey,0.04597582644163007,4.597582644163007,0.1729578762488842,17.29578762488842
6308,"Needlecraft Sets Of Wov Fabric & Yarn, Retail Pack",5,Belgium,0.035861846101238555,3.5861846101238557,0.1695390073479041,16.953900734790412
6308,"Needlecraft Sets Of Wov Fabric & Yarn, Retail Pack",6,France,0.02833143416171136,2.833143416171136,0.1408217304895501,14.08217304895501
6308,"Needlecraft Sets Of Wov Fabric & Yarn, Retail Pack",7,Lithuania,0.022763864899803848,2.2763864899803847,0.1457666690987169,14.57666690987169
6308,"Needlecraft Sets Of Wov Fabric & Yarn, Retail Pack",8,Moldova,0.019537281365931053,1.9537281365931052,0.2473976285674893,24.739762856748932
6308,"Needlecraft Sets Of Wov Fabric & Yarn, Retail Pack",9,Mexico,0.015242543198623856,1.5242543198623857,0.0028024249885594,0.28024249885594
6308,"Needlecraft Sets Of Wov Fabric & Yarn, Retail Pack",10,Philippines,0.014874903811195278,1.4874903811195277,0.2187786568022506,21.87786568022506
6309,Worn Clothing And Other Worn Textile Articles,1,Pakistan,0.5615421800092001,56.15421800092001,0.0525931780403842,5.25931780403842
6309,Worn Clothing And Other Worn Textile Articles,2,United Kingdom,0.08720967848189368,8.720967848189368,0.0548326578777617,5.48326578777617
6309,Worn Clothing And Other Worn Textile Articles,3,Canada,0.07145951196275836,7.145951196275837,0.1948045244023366,19.48045244023366
6309,Worn Clothing And Other Worn Textile Articles,4,France,0.057280275646089285,5.7280275646089285,0.0777727227226327,7.777272272263271
6309,Worn Clothing And Other Worn Textile Articles,5,India,0.049804149437082286,4.980414943708229,0.0719788992459093,7.197889924590931
6309,Worn Clothing And Other Worn Textile Articles,6,Japan,0.03956690776450075,3.9566907764500754,0.0831035646584925,8.31035646584925
6309,Worn Clothing And Other Worn Textile Articles,7,China,0.039285946435596984,3.9285946435596983,0.3351680880682273,33.51680880682273
6309,Worn Clothing And Other Worn Textile Articles,8,Mexico,0.037040778672762266,3.7040778672762267,0.0022242392589285,0.22242392589285
6309,Worn Clothing And Other Worn Textile Articles,9,Italy,0.033412397950456356,3.3412397950456354,0.1073601915534679,10.73601915534679
6309,Worn Clothing And Other Worn Textile Articles,10,Germany,0.02339817363966001,2.339817363966001,0.0692813101715001,6.928131017150011
6310,"Used Or New Rags, Scrap Twine Etc Of Text Material",1,Pakistan,0.5436989082981076,54.369890829810764,0.0784166366050373,7.8416636605037295
6310,"Used Or New Rags, Scrap Twine Etc Of Text Material",2,Honduras,0.11471802918078342,11.47180291807834,0.0659558304874854,6.595583048748541
6310,"Used Or New Rags, Scrap Twine Etc Of Text Material",3,Canada,0.07725520350481418,7.7255203504814185,0.0365477480453793,3.6547748045379302
6310,"Used Or New Rags, Scrap Twine Etc Of Text Material",4,Mexico,0.06706612341871826,6.706612341871826,0.0751883027383403,7.5188302738340305
6310,"Used Or New Rags, Scrap Twine Etc Of Text Material",5,Bangladesh,0.05748766052448918,5.748766052448918,0.0950772177806088,9.50772177806088
6310,"Used Or New Rags, Scrap Twine Etc Of Text Material",6,India,0.04984962689965516,4.984962689965515,0.0760874832336096,7.6087483233609605
6310,"Used Or New Rags, Scrap Twine Etc Of Text Material",7,Dominican Republic,0.03239171302429595,3.239171302429595,0.0719769402883685,7.19769402883685
6310,"Used Or New Rags, Scrap Twine Etc Of Text Material",8,China,0.032008262335146254,3.2008262335146256,0.259608420282913,25.960842028291296
6310,"Used Or New Rags, Scrap Twine Etc Of Text Material",9,Turkey,0.01595045600992081,1.5950456009920808,0.0486429831661202,4.86429831661202
6310,"Used Or New Rags, Scrap Twine Etc Of Text Material",10,United Arab Emirates,0.009574016804069198,0.9574016804069198,0.0551999917616755,5.519999176167549
6401,"Waterproof Footwear, Rubber Or Plastics, Bond Sole",1,China,0.47935225925786157,47.935225925786156,0.5807403838619081,58.07403838619081
6401,"Waterproof Footwear, Rubber Or Plastics, Bond Sole",2,Canada,0.19755453679391557,19.755453679391557,0.0068937523991094,0.6893752399109401
6401,"Waterproof Footwear, Rubber Or Plastics, Bond Sole",3,Dominican Republic,0.11237916248819224,11.237916248819225,0.068494876210285,6.8494876210285
6401,"Waterproof Footwear, Rubber Or Plastics, Bond Sole",4,Vietnam,0.056683809767544314,5.668380976754431,0.4107691998729319,41.076919987293195
6401,"Waterproof Footwear, Rubber Or Plastics, Bond Sole",5,Mexico,0.05614174798395698,5.614174798395697,0.001299515731031,0.12995157310310002
6401,"Waterproof Footwear, Rubber Or Plastics, Bond Sole",6,Indonesia,0.0279144143203657,2.79144143203657,0.2571289774901942,25.71289774901942
6401,"Waterproof Footwear, Rubber Or Plastics, Bond Sole",7,Thailand,0.02751624405514867,2.751624405514867,0.3246861281838715,32.46861281838715
6401,"Waterproof Footwear, Rubber Or Plastics, Bond Sole",8,Italy,0.01931517066074356,1.931517066074356,0.127403689459618,12.7403689459618
6401,"Waterproof Footwear, Rubber Or Plastics, Bond Sole",9,Germany,0.011575344615983441,1.157534461598344,0.2017233379860653,20.17233379860653
6401,"Waterproof Footwear, Rubber Or Plastics, Bond Sole",10,Malaysia,0.011567310056287895,1.1567310056287896,0.4256428484547121,42.564284845471214
6402,"Footwear, Outer Sole & Upper Rubber Or Plast Nesoi",1,China,0.5294267679865622,52.942676798656215,0.2807523619777995,28.07523619777995
6402,"Footwear, Outer Sole & Upper Rubber Or Plast Nesoi",2,Vietnam,0.26394984054983306,26.394984054983304,0.2377861244710485,23.778612447104848
6402,"Footwear, Outer Sole & Upper Rubber Or Plast Nesoi",3,Indonesia,0.08692100638560987,8.692100638560987,0.2492601009710699,24.92601009710699
6402,"Footwear, Outer Sole & Upper Rubber Or Plast Nesoi",4,Cambodia,0.037869518607090334,3.7869518607090336,0.1821368514978778,18.213685149787782
6402,"Footwear, Outer Sole & Upper Rubber Or Plast Nesoi",5,Italy,0.026242629376493527,2.6242629376493527,0.1295935328154968,12.95935328154968
6402,"Footwear, Outer Sole & Upper Rubber Or Plast Nesoi",6,Germany,0.02602034925825907,2.602034925825907,0.143068393443496,14.306839344349601
6402,"Footwear, Outer Sole & Upper Rubber Or Plast Nesoi",7,India,0.009990302335458928,0.9990302335458927,0.2561716707801951,25.61716707801951
6402,"Footwear, Outer Sole & Upper Rubber Or Plast Nesoi",8,Brazil,0.007195476403291512,0.7195476403291512,0.2411771470094084,24.11771470094084
6402,"Footwear, Outer Sole & Upper Rubber Or Plast Nesoi",9,Romania,0.006832993965071639,0.6832993965071639,0.1097349926937956,10.973499269379559
6402,"Footwear, Outer Sole & Upper Rubber Or Plast Nesoi",10,Mexico,0.005551115132329792,0.5551115132329791,0.0079401336780245,0.7940133678024499
6403,"Footwear, Outer Sole Rub, Plast Or Lea & Upper Lea",1,Vietnam,0.31990386522904274,31.990386522904274,0.1861894435016533,18.618944350165332
6403,"Footwear, Outer Sole Rub, Plast Or Lea & Upper Lea",2,China,0.229812122784801,22.9812122784801,0.3414380203934561,34.14380203934561
6403,"Footwear, Outer Sole Rub, Plast Or Lea & Upper Lea",3,Italy,0.13359590152415957,13.359590152415956,0.1520701120052767,15.20701120052767
6403,"Footwear, Outer Sole Rub, Plast Or Lea & Upper Lea",4,Indonesia,0.11067938755496748,11.067938755496748,0.1831086418141038,18.31086418141038
6403,"Footwear, Outer Sole Rub, Plast Or Lea & Upper Lea",5,Mexico,0.05861375463981271,5.861375463981271,0.0054201753248323,0.54201753248323
6403,"Footwear, Outer Sole Rub, Plast Or Lea & Upper Lea",6,Cambodia,0.044608919439262304,4.460891943926231,0.1840276354107455,18.40276354107455
6403,"Footwear, Outer Sole Rub, Plast Or Lea & Upper Lea",7,India,0.03686818175750443,3.686818175750443,0.2466287134469953,24.66287134469953
6403,"Footwear, Outer Sole Rub, Plast Or Lea & Upper Lea",8,Bangladesh,0.026516189127267564,2.6516189127267564,0.1738538496589823,17.38538496589823
6403,"Footwear, Outer Sole Rub, Plast Or Lea & Upper Lea",9,Germany,0.02242465413623315,2.242465413623315,0.1469328174365743,14.69328174365743
6403,"Footwear, Outer Sole Rub, Plast Or Lea & Upper Lea",10,Portugal,0.01697702380694913,1.697702380694913,0.1501782484320094,15.01782484320094
6404,"Footwear, Outer Sole Rub, Plast Or Lea & Upper Tex",1,Vietnam,0.45786590403836697,45.7865904038367,0.2603150907971104,26.03150907971104
6404,"Footwear, Outer Sole Rub, Plast Or Lea & Upper Tex",2,China,0.34158779340881396,34.158779340881395,0.3546707875098194,35.46707875098194
6404,"Footwear, Outer Sole Rub, Plast Or Lea & Upper Tex",3,Indonesia,0.10103668505353561,10.10366850535356,0.2868991005209897,28.68991005209897
6404,"Footwear, Outer Sole Rub, Plast Or Lea & Upper Tex",4,Italy,0.05333806265295939,5.333806265295939,0.1893383152531293,18.93383152531293
6404,"Footwear, Outer Sole Rub, Plast Or Lea & Upper Tex",5,Cambodia,0.029093868852000836,2.9093868852000835,0.2216915846163685,22.16915846163685
6404,"Footwear, Outer Sole Rub, Plast Or Lea & Upper Tex",6,India,0.004772768682225206,0.47727686822252063,0.3475627300862223,34.75627300862223
6404,"Footwear, Outer Sole Rub, Plast Or Lea & Upper Tex",7,Spain,0.004003198258508449,0.4003198258508449,0.2040766310911473,20.40766310911473
6404,"Footwear, Outer Sole Rub, Plast Or Lea & Upper Tex",8,Dominican Republic,0.003360156166042294,0.3360156166042294,0.0595529548425229,5.955295484252289
6404,"Footwear, Outer Sole Rub, Plast Or Lea & Upper Tex",9,Bangladesh,0.002677757224675261,0.26777572246752607,0.2347449005938814,23.47449005938814
6404,"Footwear, Outer Sole Rub, Plast Or Lea & Upper Tex",10,Mexico,0.002263805662872059,0.2263805662872059,0.1032651853347094,10.326518533470939
6405,Footwear Nesoi,1,China,0.7958556003222698,79.58556003222698,0.3303054964305015,33.03054964305015
6405,Footwear Nesoi,2,Vietnam,0.11235110566137471,11.235110566137472,0.2362924846862266,23.62924846862266
6405,Footwear Nesoi,3,Italy,0.03927247776328521,3.9272477763285214,0.1671003226741182,16.71003226741182
6405,Footwear Nesoi,4,Cambodia,0.0176863454677924,1.7686345467792401,0.2385541375351006,23.85541375351006
6405,Footwear Nesoi,5,Indonesia,0.008531347632615592,0.8531347632615591,0.2368396283343141,23.68396283343141
6405,Footwear Nesoi,6,Thailand,0.006839611787251693,0.6839611787251694,0.2341669690925995,23.416696909259947
6405,Footwear Nesoi,7,Brazil,0.0060424453393266835,0.6042445339326683,0.3080396322647251,30.803963226472508
6405,Footwear Nesoi,8,Burma,0.0048762239829863415,0.48762239829863413,0.2825976085729376,28.25976085729376
6405,Footwear Nesoi,9,Mexico,0.004476268536553343,0.4476268536553343,0.0190991187561815,1.9099118756181501
6405,Footwear Nesoi,10,Spain,0.004068573506544365,0.4068573506544365,0.1481382884420195,14.813828844201952
6406,"Parts Of Footwear; Insoles Etc; Gaitors Etc, Parts",1,China,0.4464493097556731,44.64493097556731,0.2919807349067602,29.19807349067602
6406,"Parts Of Footwear; Insoles Etc; Gaitors Etc, Parts",2,Vietnam,0.16285021733715552,16.285021733715553,0.1357384001864687,13.573840018646871
6406,"Parts Of Footwear; Insoles Etc; Gaitors Etc, Parts",3,Dominican Republic,0.1026715235859071,10.26715235859071,0.0585482029422547,5.85482029422547
6406,"Parts Of Footwear; Insoles Etc; Gaitors Etc, Parts",4,Mexico,0.08746899692963755,8.746899692963755,0.0140333650668647,1.40333650668647
6406,"Parts Of Footwear; Insoles Etc; Gaitors Etc, Parts",5,Guatemala,0.053309694737075884,5.330969473707588,0.0342556594353612,3.42556594353612
6406,"Parts Of Footwear; Insoles Etc; Gaitors Etc, Parts",6,Taiwan,0.05191603880922728,5.191603880922728,0.135255082644668,13.5255082644668
6406,"Parts Of Footwear; Insoles Etc; Gaitors Etc, Parts",7,"Korea, South",0.03840280332889473,3.8402803328894732,0.0827773103755011,8.27773103755011
6406,"Parts Of Footwear; Insoles Etc; Gaitors Etc, Parts",8,Canada,0.030810974851410468,3.0810974851410466,0.024663918369571,2.4663918369571
6406,"Parts Of Footwear; Insoles Etc; Gaitors Etc, Parts",9,Thailand,0.013491318111608452,1.3491318111608452,0.0926521306562615,9.26521306562615
6406,"Parts Of Footwear; Insoles Etc; Gaitors Etc, Parts",10,Germany,0.012629122553409823,1.2629122553409822,0.1096874299028935,10.96874299028935
7001,"Cullet,glass Waste/scrap Exc Crt Of 8549; Gl Mass",1,Canada,0.3340599443508035,33.40599443508035,0.0008316612206053,0.08316612206053
7001,"Cullet,glass Waste/scrap Exc Crt Of 8549; Gl Mass",2,Japan,0.2658132689666643,26.58132689666643,0.0862138177905054,8.62138177905054
7001,"Cullet,glass Waste/scrap Exc Crt Of 8549; Gl Mass",3,United Kingdom,0.08917304887495268,8.917304887495268,0.0771861586846232,7.71861586846232
7001,"Cullet,glass Waste/scrap Exc Crt Of 8549; Gl Mass",4,China,0.08334050068171682,8.334050068171681,0.4666865441452719,46.66865441452719
7001,"Cullet,glass Waste/scrap Exc Crt Of 8549; Gl Mass",5,Germany,0.06366352750669753,6.366352750669753,0.084519022015832,8.4519022015832
7001,"Cullet,glass Waste/scrap Exc Crt Of 8549; Gl Mass",6,Mexico,0.04715333417218842,4.715333417218842,0.0017170773070215,0.17170773070215
7001,"Cullet,glass Waste/scrap Exc Crt Of 8549; Gl Mass",7,Czech Republic,0.04314841743452338,4.314841743452337,0.0771332078622622,7.7133207862262205
7001,"Cullet,glass Waste/scrap Exc Crt Of 8549; Gl Mass",8,France,0.03536331568166748,3.536331568166748,0.0406636304489264,4.06636304489264
7001,"Cullet,glass Waste/scrap Exc Crt Of 8549; Gl Mass",9,Italy,0.02059479634730642,2.059479634730642,0.0023794334354532,0.23794334354532
7001,"Cullet,glass Waste/scrap Exc Crt Of 8549; Gl Mass",10,Taiwan,0.017689845983479478,1.7689845983479477,0.0397474849773816,3.97474849773816
7002,"Glass In Balls (not Micros), Rods Or Tubes, Unwork",1,Germany,0.5887492117421833,58.87492117421833,0.0971862174750491,9.71862174750491
7002,"Glass In Balls (not Micros), Rods Or Tubes, Unwork",2,France,0.14580899605172254,14.580899605172254,0.0952879335786505,9.52879335786505
7002,"Glass In Balls (not Micros), Rods Or Tubes, Unwork",3,Japan,0.13051455461565428,13.051455461565428,0.0652043178611551,6.520431786115511
7002,"Glass In Balls (not Micros), Rods Or Tubes, Unwork",4,China,0.06970201984617465,6.970201984617465,0.3536859465538596,35.36859465538596
7002,"Glass In Balls (not Micros), Rods Or Tubes, Unwork",5,Netherlands,0.02315571464149597,2.315571464149597,0.085212155993799,8.5212155993799
7002,"Glass In Balls (not Micros), Rods Or Tubes, Unwork",6,Czech Republic,0.012506298230490346,1.2506298230490347,0.1246544199780535,12.46544199780535
7002,"Glass In Balls (not Micros), Rods Or Tubes, Unwork",7,Brazil,0.011929117681039684,1.1929117681039685,0.1472724324713851,14.72724324713851
7002,"Glass In Balls (not Micros), Rods Or Tubes, Unwork",8,United Kingdom,0.01116420052066743,1.116420052066743,0.0719553887660656,7.19553887660656
7002,"Glass In Balls (not Micros), Rods Or Tubes, Unwork",9,Canada,0.003916685969990797,0.39166859699907974,0.0282590082120351,2.82590082120351
7002,"Glass In Balls (not Micros), Rods Or Tubes, Unwork",10,India,0.002553200700580988,0.2553200700580988,0.2889073996945717,28.89073996945717
7003,"Cast & Rolled Glass, In Sheets Or Profiles Etc",1,France,0.413408981160833,41.3408981160833,0.0874468827992299,8.74468827992299
7003,"Cast & Rolled Glass, In Sheets Or Profiles Etc",2,Germany,0.3893294403987999,38.93294403987999,0.0898767486477546,8.98767486477546
7003,"Cast & Rolled Glass, In Sheets Or Profiles Etc",3,Mexico,0.07451409586420761,7.451409586420761,,
7003,"Cast & Rolled Glass, In Sheets Or Profiles Etc",4,China,0.06705172334642671,6.705172334642671,0.4743197222469351,47.43197222469351
7003,"Cast & Rolled Glass, In Sheets Or Profiles Etc",5,Japan,0.01586588651116811,1.586588651116811,0.0938650627026152,9.38650627026152
7003,"Cast & Rolled Glass, In Sheets Or Profiles Etc",6,Indonesia,0.011715935538906964,1.1715935538906965,0.1053934849806629,10.539348498066289
7003,"Cast & Rolled Glass, In Sheets Or Profiles Etc",7,United Kingdom,0.008281317134920871,0.8281317134920871,0.0688164154266564,6.88164154266564
7003,"Cast & Rolled Glass, In Sheets Or Profiles Etc",8,Greece,0.008139732528863056,0.8139732528863056,0.0869517653257157,8.69517653257157
7003,"Cast & Rolled Glass, In Sheets Or Profiles Etc",9,Spain,0.005870321779870269,0.5870321779870269,0.0691280096245488,6.912800962454881
7003,"Cast & Rolled Glass, In Sheets Or Profiles Etc",10,Poland,0.0058225657360034735,0.5822565736003473,0.1071782457214667,10.71782457214667
7004,"Drawn & Blown Glass, In Sheets Etc",1,Taiwan,0.19395511709987437,19.39551170998744,0.0249323549417369,2.49323549417369
7004,"Drawn & Blown Glass, In Sheets Etc",2,Malaysia,0.18495860273242015,18.495860273242016,0.039253951685636,3.9253951685636004
7004,"Drawn & Blown Glass, In Sheets Etc",3,China,0.14282728043378984,14.282728043378984,0.2159729463167391,21.59729463167391
7004,"Drawn & Blown Glass, In Sheets Etc",4,Germany,0.14201362351077806,14.201362351077806,0.0761148535873961,7.61148535873961
7004,"Drawn & Blown Glass, In Sheets Etc",5,United Kingdom,0.10198639777917953,10.198639777917954,0.0337531224143338,3.37531224143338
7004,"Drawn & Blown Glass, In Sheets Etc",6,Switzerland,0.08751444354456385,8.751444354456385,0.0868055923037031,8.68055923037031
7004,"Drawn & Blown Glass, In Sheets Etc",7,"Korea, South",0.06575054650782342,6.5750546507823415,0.077641582760808,7.7641582760808
7004,"Drawn & Blown Glass, In Sheets Etc",8,Canada,0.03550196314419374,3.5501963144193738,,
7004,"Drawn & Blown Glass, In Sheets Etc",9,Japan,0.02667462863491536,2.667462863491536,0.0733306855633827,7.33306855633827
7004,"Drawn & Blown Glass, In Sheets Etc",10,Turkey,0.01881739661246164,1.881739661246164,0.0562134545320334,5.62134545320334
7005,Float Glass & Surf Ground Or Polished Sheets Etc,1,Germany,0.24749496430114415,24.749496430114416,0.0789375711699138,7.89375711699138
7005,Float Glass & Surf Ground Or Polished Sheets Etc,2,Belgium,0.2001555995952898,20.015559959528982,0.0972178772514345,9.72178772514345
7005,Float Glass & Surf Ground Or Polished Sheets Etc,3,Mexico,0.18358251812230866,18.358251812230865,0.0005537851602265,0.05537851602265
7005,Float Glass & Surf Ground Or Polished Sheets Etc,4,Vietnam,0.10479666289132515,10.479666289132515,0.1529355975297928,15.29355975297928
7005,Float Glass & Surf Ground Or Polished Sheets Etc,5,China,0.07720098497869875,7.720098497869874,0.4586506905820916,45.865069058209166
7005,Float Glass & Surf Ground Or Polished Sheets Etc,6,Turkey,0.050508110231472954,5.050811023147295,0.1076750378781729,10.76750378781729
7005,Float Glass & Surf Ground Or Polished Sheets Etc,7,Japan,0.04882093905470862,4.882093905470862,0.1056727494886377,10.56727494886377
7005,Float Glass & Surf Ground Or Polished Sheets Etc,8,Malaysia,0.035353670922852166,3.5353670922852167,0.06397555086125,6.397555086124999
7005,Float Glass & Surf Ground Or Polished Sheets Etc,9,Latvia,0.02745164385046499,2.745164385046499,0.0985472221621377,9.85472221621377
7005,Float Glass & Surf Ground Or Polished Sheets Etc,10,United Arab Emirates,0.024634906051734826,2.4634906051734826,0.0929658022612433,9.29658022612433
7006,"Gls Of 7003-5 Bnt,edg Wkd, Engr,drl,enml Othr Etc",1,Singapore,0.38706052542681035,38.706052542681036,0.0752750189792491,7.5275018979249095
7006,"Gls Of 7003-5 Bnt,edg Wkd, Engr,drl,enml Othr Etc",2,Japan,0.1481110924133843,14.81110924133843,0.1143360542959544,11.43360542959544
7006,"Gls Of 7003-5 Bnt,edg Wkd, Engr,drl,enml Othr Etc",3,Canada,0.1308583577020236,13.085835770202358,0.0154656233349139,1.54656233349139
7006,"Gls Of 7003-5 Bnt,edg Wkd, Engr,drl,enml Othr Etc",4,China,0.08257420453333508,8.25742045333351,0.4906678626020103,49.06678626020103
7006,"Gls Of 7003-5 Bnt,edg Wkd, Engr,drl,enml Othr Etc",5,Belgium,0.07073464460217051,7.073464460217051,0.1190846230386863,11.90846230386863
7006,"Gls Of 7003-5 Bnt,edg Wkd, Engr,drl,enml Othr Etc",6,Germany,0.06683373985146847,6.683373985146847,0.1203331113970479,12.03331113970479
7006,"Gls Of 7003-5 Bnt,edg Wkd, Engr,drl,enml Othr Etc",7,Mexico,0.0322609914482625,3.22609914482625,0.0001516496789923,0.015164967899230001
7006,"Gls Of 7003-5 Bnt,edg Wkd, Engr,drl,enml Othr Etc",8,Malaysia,0.027835910060663566,2.7835910060663567,0.2113805750151857,21.13805750151857
7006,"Gls Of 7003-5 Bnt,edg Wkd, Engr,drl,enml Othr Etc",9,United Kingdom,0.027166389040386416,2.7166389040386414,0.0968397945919469,9.68397945919469
7006,"Gls Of 7003-5 Bnt,edg Wkd, Engr,drl,enml Othr Etc",10,Vietnam,0.02656414492149513,2.656414492149513,0.1709930364188678,17.099303641886777
7007,"Safety Glass, Of Tempered Or Laminated Glass",1,China,0.34382644152092334,34.38264415209233,0.3938130171442661,39.381301714426606
7007,"Safety Glass, Of Tempered Or Laminated Glass",2,Mexico,0.2583514038927804,25.83514038927804,0.0066111907418345,0.6611190741834501
7007,"Safety Glass, Of Tempered Or Laminated Glass",3,Malaysia,0.08105116930273398,8.105116930273399,0.1409567533443956,14.095675334439562
7007,"Safety Glass, Of Tempered Or Laminated Glass",4,Vietnam,0.07059269399572296,7.059269399572296,0.1404818603065931,14.04818603065931
7007,"Safety Glass, Of Tempered Or Laminated Glass",5,Canada,0.06057315755492908,6.057315755492907,0.0099729480632559,0.99729480632559
7007,"Safety Glass, Of Tempered Or Laminated Glass",6,Turkey,0.04141452153621985,4.141452153621985,0.1200347444967887,12.00347444967887
7007,"Safety Glass, Of Tempered Or Laminated Glass",7,Peru,0.0394269352953986,3.9426935295398597,0.0326842018063465,3.26842018063465
7007,"Safety Glass, Of Tempered Or Laminated Glass",8,Colombia,0.0381262523334866,3.81262523334866,0.0656375665800888,6.563756658008881
7007,"Safety Glass, Of Tempered Or Laminated Glass",9,Japan,0.0372430867731118,3.7243086773111798,0.1264913399381442,12.64913399381442
7007,"Safety Glass, Of Tempered Or Laminated Glass",10,Germany,0.029394337794693293,2.9394337794693293,0.1233688644487474,12.33688644487474
7008,Multiple-walled Insulating Units Of Glass,1,Mexico,0.43463696121029954,43.463696121029955,0.0202681844155064,2.02681844155064
7008,Multiple-walled Insulating Units Of Glass,2,Germany,0.16872195939675283,16.872195939675283,0.1095275277290552,10.952752772905521
7008,Multiple-walled Insulating Units Of Glass,3,Canada,0.15532945787443958,15.532945787443959,0.000443897202809,0.044389720280900005
7008,Multiple-walled Insulating Units Of Glass,4,China,0.11584163459790067,11.584163459790068,0.5047785125937678,50.477851259376784
7008,Multiple-walled Insulating Units Of Glass,5,Spain,0.04640085495628233,4.640085495628233,0.1058857232073913,10.58857232073913
7008,Multiple-walled Insulating Units Of Glass,6,Turkey,0.03162255945513151,3.162255945513151,0.1248600948269967,12.48600948269967
7008,Multiple-walled Insulating Units Of Glass,7,Italy,0.015238890758379661,1.5238890758379662,0.1130510915751791,11.30510915751791
7008,Multiple-walled Insulating Units Of Glass,8,Ireland,0.012744419431394002,1.2744419431394003,0.1170343932852021,11.70343932852021
7008,Multiple-walled Insulating Units Of Glass,9,Poland,0.01267642416068504,1.267642416068504,0.1313355219870482,13.13355219870482
7008,Multiple-walled Insulating Units Of Glass,10,Chile,0.006786838158734774,0.6786838158734775,0.0446712608515243,4.46712608515243
7009,"Glass Mirrors, Framed Or Not, Inc Rearview Mirrors",1,China,0.4107325654408971,41.07325654408971,0.5080585511085843,50.80585511085843
7009,"Glass Mirrors, Framed Or Not, Inc Rearview Mirrors",2,Mexico,0.22228459574296003,22.228459574296004,0.0141335799508142,1.4133579950814201
7009,"Glass Mirrors, Framed Or Not, Inc Rearview Mirrors",3,Taiwan,0.09393196583180484,9.393196583180483,0.17800733578076,17.800733578076
7009,"Glass Mirrors, Framed Or Not, Inc Rearview Mirrors",4,"Korea, South",0.07254812940344627,7.254812940344626,0.1375195099228616,13.75195099228616
7009,"Glass Mirrors, Framed Or Not, Inc Rearview Mirrors",5,Vietnam,0.06553743567967725,6.553743567967725,0.1732715958595349,17.32715958595349
7009,"Glass Mirrors, Framed Or Not, Inc Rearview Mirrors",6,India,0.0479416770883347,4.79416770883347,0.2359002072261909,23.59002072261909
7009,"Glass Mirrors, Framed Or Not, Inc Rearview Mirrors",7,Canada,0.02635722981155144,2.635722981155144,0.066231079199068,6.6231079199068
7009,"Glass Mirrors, Framed Or Not, Inc Rearview Mirrors",8,Japan,0.02218516542151404,2.218516542151404,0.154364041979695,15.4364041979695
7009,"Glass Mirrors, Framed Or Not, Inc Rearview Mirrors",9,Thailand,0.021383066179837897,2.1383066179837895,0.1531733236070317,15.31733236070317
7009,"Glass Mirrors, Framed Or Not, Inc Rearview Mirrors",10,Australia,0.01709816939997643,1.709816939997643,0.1152813324855677,11.52813324855677
7010,Glass Containers For Packing Etc & Glass Closures,1,Mexico,0.36235075047474863,36.235075047474865,0.0120743023339258,1.2074302333925802
7010,Glass Containers For Packing Etc & Glass Closures,2,China,0.20289262636981734,20.289262636981732,0.4621015854445182,46.210158544451815
7010,Glass Containers For Packing Etc & Glass Closures,3,India,0.08499321257882257,8.499321257882258,0.1427222818579241,14.27222818579241
7010,Glass Containers For Packing Etc & Glass Closures,4,France,0.06873499406115705,6.873499406115704,0.0826135770141234,8.26135770141234
7010,Glass Containers For Packing Etc & Glass Closures,5,Taiwan,0.06449403891595963,6.4494038915959635,0.0943504021185664,9.435040211856641
7010,Glass Containers For Packing Etc & Glass Closures,6,Italy,0.06230153405631967,6.230153405631967,0.0735712854419464,7.35712854419464
7010,Glass Containers For Packing Etc & Glass Closures,7,Canada,0.060895363238251746,6.0895363238251745,0.0014407331032449,0.14407331032449
7010,Glass Containers For Packing Etc & Glass Closures,8,Germany,0.05308775500399783,5.308775500399783,0.0897482254091772,8.974822540917721
7010,Glass Containers For Packing Etc & Glass Closures,9,Poland,0.021489920060139778,2.1489920060139776,0.0873371059862245,8.73371059862245
7010,Glass Containers For Packing Etc & Glass Closures,10,United Arab Emirates,0.018759805240785812,1.8759805240785812,0.0328011374351079,3.2801137435107903
7011,"Glass Env, Open, Gls Parts W/o Fit For Elec Lamp",1,China,0.4446763862449753,44.46763862449753,0.4992664095431262,49.92664095431262
7011,"Glass Env, Open, Gls Parts W/o Fit For Elec Lamp",2,Germany,0.15821024106499343,15.821024106499342,0.1027693744566492,10.27693744566492
7011,"Glass Env, Open, Gls Parts W/o Fit For Elec Lamp",3,Poland,0.08299305353910366,8.299305353910366,,
7011,"Glass Env, Open, Gls Parts W/o Fit For Elec Lamp",4,United Kingdom,0.07945269378815333,7.945269378815333,0.0897288315432277,8.97288315432277
7011,"Glass Env, Open, Gls Parts W/o Fit For Elec Lamp",5,Canada,0.068466840520353,6.846684052035299,0.0252551662696337,2.5255166269633698
7011,"Glass Env, Open, Gls Parts W/o Fit For Elec Lamp",6,Taiwan,0.04228771338073803,4.228771338073803,0.2460714285714285,24.60714285714285
7011,"Glass Env, Open, Gls Parts W/o Fit For Elec Lamp",7,Mexico,0.03840052351800272,3.8400523518002725,0.00541225705203,0.5412257052030001
7011,"Glass Env, Open, Gls Parts W/o Fit For Elec Lamp",8,Japan,0.036239193892843594,3.6239193892843593,0.1176279244338796,11.762792443387958
7011,"Glass Env, Open, Gls Parts W/o Fit For Elec Lamp",9,Hungary,0.026487002795788497,2.6487002795788497,0.1421162729887562,14.211627298875621
7011,"Glass Env, Open, Gls Parts W/o Fit For Elec Lamp",10,Thailand,0.022786351255048375,2.2786351255048376,0.0875613747954173,8.75613747954173
7013,"Glassware For Table, Kitchen, Toilet Etc Use Nesoi",1,China,0.6523884016063093,65.23884016063093,0.4090064178750576,40.90064178750576
7013,"Glassware For Table, Kitchen, Toilet Etc Use Nesoi",2,Mexico,0.10475393360731503,10.475393360731502,0.0027963337658474,0.27963337658474
7013,"Glassware For Table, Kitchen, Toilet Etc Use Nesoi",3,Germany,0.04762803951688609,4.76280395168861,0.1818680105416868,18.18680105416868
7013,"Glassware For Table, Kitchen, Toilet Etc Use Nesoi",4,France,0.04636342854342935,4.636342854342935,0.1430372222874599,14.303722228745992
7013,"Glassware For Table, Kitchen, Toilet Etc Use Nesoi",5,Italy,0.043258225994945144,4.325822599494514,0.1528624314218466,15.286243142184661
7013,"Glassware For Table, Kitchen, Toilet Etc Use Nesoi",6,India,0.036583474690701126,3.6583474690701125,0.307497820379103,30.7497820379103
7013,"Glassware For Table, Kitchen, Toilet Etc Use Nesoi",7,Poland,0.020071806104052965,2.0071806104052965,0.1518995873025156,15.18995873025156
7013,"Glassware For Table, Kitchen, Toilet Etc Use Nesoi",8,Czech Republic,0.017268096639798457,1.7268096639798458,0.1613995327438326,16.13995327438326
7013,"Glassware For Table, Kitchen, Toilet Etc Use Nesoi",9,"Korea, South",0.016262418112794195,1.6262418112794195,0.0971903467887374,9.71903467887374
7013,"Glassware For Table, Kitchen, Toilet Etc Use Nesoi",10,Turkey,0.015422175183768322,1.542217518376832,0.2169566508692521,21.69566508692521
7014,Signal Glassware & Glass Optic Elem Nesoi Not Wrkd,1,Japan,0.2499489557625551,24.99489557625551,0.1210308477037338,12.10308477037338
7014,Signal Glassware & Glass Optic Elem Nesoi Not Wrkd,2,Malaysia,0.1846273370112641,18.46273370112641,0.139620164302345,13.9620164302345
7014,Signal Glassware & Glass Optic Elem Nesoi Not Wrkd,3,China,0.133396345824396,13.339634582439599,0.5643024313025754,56.43024313025754
7014,Signal Glassware & Glass Optic Elem Nesoi Not Wrkd,4,Germany,0.13158244387630352,13.158244387630353,0.1103066980433807,11.03066980433807
7014,Signal Glassware & Glass Optic Elem Nesoi Not Wrkd,5,France,0.12179282252591248,12.179282252591248,0.1280590730889295,12.80590730889295
7014,Signal Glassware & Glass Optic Elem Nesoi Not Wrkd,6,United Kingdom,0.08104138264111986,8.104138264111986,0.113909911507587,11.390991150758701
7014,Signal Glassware & Glass Optic Elem Nesoi Not Wrkd,7,"Korea, South",0.029727916472474882,2.972791647247488,0.1180735816500401,11.80735816500401
7014,Signal Glassware & Glass Optic Elem Nesoi Not Wrkd,8,Taiwan,0.029596403005363984,2.9596403005363983,0.1662575217794809,16.62575217794809
7014,Signal Glassware & Glass Optic Elem Nesoi Not Wrkd,9,Italy,0.02265223513440826,2.265223513440826,0.1031066711806485,10.310667118064849
7014,Signal Glassware & Glass Optic Elem Nesoi Not Wrkd,10,Canada,0.015634157746201808,1.5634157746201809,0.0396611823759063,3.96611823759063
7015,"Clock Etc Glasses; Spect Glasses Not Opt Work, Etc",1,Switzerland,0.6241841630669541,62.41841630669541,0.157174494273714,15.717449427371399
7015,"Clock Etc Glasses; Spect Glasses Not Opt Work, Etc",2,China,0.22106505180204564,22.106505180204564,0.3152599152757299,31.525991527572987
7015,"Clock Etc Glasses; Spect Glasses Not Opt Work, Etc",3,Germany,0.10395976778764067,10.395976778764068,,
7015,"Clock Etc Glasses; Spect Glasses Not Opt Work, Etc",4,France,0.03152600037789401,3.1526000377894015,,
7015,"Clock Etc Glasses; Spect Glasses Not Opt Work, Etc",5,Canada,0.004966520252005203,0.49665202520052026,,
7015,"Clock Etc Glasses; Spect Glasses Not Opt Work, Etc",6,Thailand,0.003700093132003992,0.3700093132003992,0.1054018079973379,10.540180799733792
7015,"Clock Etc Glasses; Spect Glasses Not Opt Work, Etc",7,Hong Kong,0.0031333839675204526,0.3133383967520453,0.0599387487239317,5.99387487239317
7015,"Clock Etc Glasses; Spect Glasses Not Opt Work, Etc",8,Taiwan,0.002668359725665306,0.2668359725665306,,
7015,"Clock Etc Glasses; Spect Glasses Not Opt Work, Etc",9,Italy,0.0024335113536872446,0.24335113536872446,,
7015,"Clock Etc Glasses; Spect Glasses Not Opt Work, Etc",10,India,0.0023631485345833136,0.23631485345833136,0.1157992160278745,11.57992160278745
7016,"Glass Paving Blocks Etc; Gl Cubes, Lead Window Etc",1,China,0.6940599182334996,69.40599182334995,0.3781335474159705,37.81335474159705
7016,"Glass Paving Blocks Etc; Gl Cubes, Lead Window Etc",2,Mexico,0.07366278934408872,7.366278934408872,0.0031919452248772,0.31919452248772
7016,"Glass Paving Blocks Etc; Gl Cubes, Lead Window Etc",3,Italy,0.06165933335184145,6.165933335184145,0.0980360026208823,9.80360026208823
7016,"Glass Paving Blocks Etc; Gl Cubes, Lead Window Etc",4,Spain,0.05129676707273239,5.129676707273239,0.1051988151312087,10.51988151312087
7016,"Glass Paving Blocks Etc; Gl Cubes, Lead Window Etc",5,Czech Republic,0.03969937945446949,3.969937945446949,0.1429939241265579,14.29939241265579
7016,"Glass Paving Blocks Etc; Gl Cubes, Lead Window Etc",6,Vietnam,0.021453665670293717,2.1453665670293716,0.2144092338021588,21.440923380215878
7016,"Glass Paving Blocks Etc; Gl Cubes, Lead Window Etc",7,Canada,0.01990908563968393,1.990908563968393,0.004436792069371,0.44367920693710006
7016,"Glass Paving Blocks Etc; Gl Cubes, Lead Window Etc",8,Thailand,0.017725737777790154,1.7725737777790154,0.2089815173684817,20.89815173684817
7016,"Glass Paving Blocks Etc; Gl Cubes, Lead Window Etc",9,Turkey,0.012118836534006992,1.2118836534006991,0.116979737329028,11.697973732902799
7016,"Glass Paving Blocks Etc; Gl Cubes, Lead Window Etc",10,India,0.008414486921593519,0.8414486921593519,0.2111164282010612,21.11164282010612
7017,"Glassware For Lab, Hygienic Or Pharmaceutical Use",1,Mexico,0.3231651555515942,32.31651555515942,0.0201835937767048,2.01835937767048
7017,"Glassware For Lab, Hygienic Or Pharmaceutical Use",2,Germany,0.18655206075370323,18.655206075370323,0.1141361416481984,11.413614164819839
7017,"Glassware For Lab, Hygienic Or Pharmaceutical Use",3,China,0.14738073476958585,14.738073476958585,0.4583794360174119,45.83794360174119
7017,"Glassware For Lab, Hygienic Or Pharmaceutical Use",4,Japan,0.10419259806386102,10.419259806386103,0.0934904122297321,9.349041222973211
7017,"Glassware For Lab, Hygienic Or Pharmaceutical Use",5,Sweden,0.06648561485614546,6.648561485614546,0.1198017144884768,11.980171448847681
7017,"Glassware For Lab, Hygienic Or Pharmaceutical Use",6,Taiwan,0.054573623380319534,5.457362338031953,0.1211575044123902,12.11575044123902
7017,"Glassware For Lab, Hygienic Or Pharmaceutical Use",7,India,0.04736664400687253,4.736664400687253,0.2232375451683592,22.32375451683592
7017,"Glassware For Lab, Hygienic Or Pharmaceutical Use",8,Costa Rica,0.026789159947761466,2.6789159947761467,0.0903418581865448,9.03418581865448
7017,"Glassware For Lab, Hygienic Or Pharmaceutical Use",9,Switzerland,0.024768580437146484,2.4768580437146483,0.1968396931722966,19.68396931722966
7017,"Glassware For Lab, Hygienic Or Pharmaceutical Use",10,Netherlands,0.01872582823301017,1.872582823301017,0.113121846364765,11.3121846364765
7018,"Glass Beads Etc & Articles Nesoi, Lw Glass Orn Etc",1,China,0.31091993940783996,31.091993940783997,0.4643000656416524,46.43000656416524
7018,"Glass Beads Etc & Articles Nesoi, Lw Glass Orn Etc",2,Austria,0.18015840558109764,18.015840558109765,0.1006785630662478,10.06785630662478
7018,"Glass Beads Etc & Articles Nesoi, Lw Glass Orn Etc",3,India,0.16080903276671538,16.08090327667154,0.2589887952560968,25.89887952560968
7018,"Glass Beads Etc & Articles Nesoi, Lw Glass Orn Etc",4,Czech Republic,0.1325849078773488,13.25849078773488,0.0769405107333185,7.694051073331851
7018,"Glass Beads Etc & Articles Nesoi, Lw Glass Orn Etc",5,Japan,0.059321584745036515,5.932158474503652,0.0970037533926402,9.700375339264019
7018,"Glass Beads Etc & Articles Nesoi, Lw Glass Orn Etc",6,Germany,0.05598770793760388,5.598770793760388,0.099111129058421,9.9111129058421
7018,"Glass Beads Etc & Articles Nesoi, Lw Glass Orn Etc",7,Italy,0.03127093729507567,3.127093729507567,0.1282529866016651,12.82529866016651
7018,"Glass Beads Etc & Articles Nesoi, Lw Glass Orn Etc",8,Thailand,0.028205509441582167,2.820550944158217,0.0208574522036249,2.08574522036249
7018,"Glass Beads Etc & Articles Nesoi, Lw Glass Orn Etc",9,Canada,0.025580352410969467,2.5580352410969467,0.0222212967029638,2.22212967029638
7018,"Glass Beads Etc & Articles Nesoi, Lw Glass Orn Etc",10,France,0.015161622536730401,1.5161622536730401,0.1111013820688302,11.11013820688302
7019,Glass Fiber Incl Glass Wool And Articles Thereof,1,Mexico,0.3341472799210346,33.41472799210346,0.0143797998156677,1.43797998156677
7019,Glass Fiber Incl Glass Wool And Articles Thereof,2,China,0.21510518392372183,21.510518392372184,0.4945997111112821,49.45997111112821
7019,Glass Fiber Incl Glass Wool And Articles Thereof,3,Canada,0.20491830159901978,20.491830159901976,0.0092205137485144,0.92205137485144
7019,Glass Fiber Incl Glass Wool And Articles Thereof,4,Germany,0.05664330826118444,5.6643308261184435,0.1143650050106805,11.43650050106805
7019,Glass Fiber Incl Glass Wool And Articles Thereof,5,Taiwan,0.05530674226130952,5.5306742261309525,0.1447691899739508,14.47691899739508
7019,Glass Fiber Incl Glass Wool And Articles Thereof,6,India,0.03278429857980559,3.278429857980559,0.2113297259570287,21.13297259570287
7019,Glass Fiber Incl Glass Wool And Articles Thereof,7,Malaysia,0.031869124236658344,3.1869124236658344,0.1307042096331351,13.07042096331351
7019,Glass Fiber Incl Glass Wool And Articles Thereof,8,United Kingdom,0.02566431292074497,2.566431292074497,0.1167677793644778,11.67677793644778
7019,Glass Fiber Incl Glass Wool And Articles Thereof,9,Egypt,0.02367203918356463,2.3672039183564633,0.0499224647920453,4.99224647920453
7019,Glass Fiber Incl Glass Wool And Articles Thereof,10,"Korea, South",0.019889409112956245,1.9889409112956244,0.0953846360536129,9.53846360536129
7020,"Articles Of Glass, Nesoi",1,Japan,0.2637008217106351,26.37008217106351,0.1193481313367701,11.93481313367701
7020,"Articles Of Glass, Nesoi",2,Germany,0.24743582347036272,24.743582347036273,0.1151914419957464,11.51914419957464
7020,"Articles Of Glass, Nesoi",3,China,0.18231613436633073,18.231613436633072,0.5432159067566783,54.32159067566783
7020,"Articles Of Glass, Nesoi",4,"Korea, South",0.12134516896947886,12.134516896947886,0.1179283331662487,11.79283331662487
7020,"Articles Of Glass, Nesoi",5,Italy,0.047429261375114246,4.742926137511424,0.1250957842975626,12.50957842975626
7020,"Articles Of Glass, Nesoi",6,Vietnam,0.039763469533005524,3.9763469533005527,0.1856156644590069,18.56156644590069
7020,"Articles Of Glass, Nesoi",7,Liechtenstein,0.035065930497785384,3.5065930497785383,0.1200366266232502,12.00366266232502
7020,"Articles Of Glass, Nesoi",8,United Kingdom,0.028775702362594417,2.8775702362594417,0.1053983768223352,10.53983768223352
7020,"Articles Of Glass, Nesoi",9,Spain,0.017214648615581758,1.7214648615581758,0.1019217280423758,10.19217280423758
7020,"Articles Of Glass, Nesoi",10,India,0.01695303909911123,1.695303909911123,0.2186740864879439,21.867408648794388
7301,"Sheet Piling, Welded Angles Etc Of Iron Or Steel",1,Luxembourg,0.5763718529485661,57.63718529485661,0.3003311126977826,30.033111269778264
7301,"Sheet Piling, Welded Angles Etc Of Iron Or Steel",2,China,0.23603141601540137,23.603141601540138,0.7490812578104785,74.90812578104786
7301,"Sheet Piling, Welded Angles Etc Of Iron Or Steel",3,United Arab Emirates,0.08722232578005323,8.722232578005324,,
7301,"Sheet Piling, Welded Angles Etc Of Iron Or Steel",4,Canada,0.04205279293432952,4.205279293432953,0.2290911444479708,22.90911444479708
7301,"Sheet Piling, Welded Angles Etc Of Iron Or Steel",5,India,0.01965756679210909,1.9657566792109091,0.2041033325667712,20.41033325667712
7301,"Sheet Piling, Welded Angles Etc Of Iron Or Steel",6,Germany,0.008568391542939062,0.8568391542939061,0.393244980502868,39.3244980502868
7301,"Sheet Piling, Welded Angles Etc Of Iron Or Steel",7,Netherlands,0.008122984612319542,0.8122984612319541,0.2552811184335719,25.528111843357188
7301,"Sheet Piling, Welded Angles Etc Of Iron Or Steel",8,United Kingdom,0.00809862222794301,0.809862222794301,0.1363267939527751,13.632679395277512
7301,"Sheet Piling, Welded Angles Etc Of Iron Or Steel",9,Spain,0.007250587120356843,0.7250587120356843,0.4043876415713348,40.43876415713348
7301,"Sheet Piling, Welded Angles Etc Of Iron Or Steel",10,Vietnam,0.006623460025982236,0.6623460025982236,,
7302,"Railway Etc Track Construct Material, Iron & Steel",1,Japan,0.3030414185174333,30.30414185174333,0.0012298871612437,0.12298871612437001
7302,"Railway Etc Track Construct Material, Iron & Steel",2,China,0.2012153434637346,20.12153434637346,0.6644395988104792,66.44395988104792
7302,"Railway Etc Track Construct Material, Iron & Steel",3,India,0.14203626893961385,14.203626893961385,0.3152931813996581,31.529318139965813
7302,"Railway Etc Track Construct Material, Iron & Steel",4,Canada,0.10059140292771909,10.05914029277191,0.1465052395633196,14.65052395633196
7302,"Railway Etc Track Construct Material, Iron & Steel",5,Czech Republic,0.0961382524933843,9.61382524933843,0.2308197785247844,23.081977852478442
7302,"Railway Etc Track Construct Material, Iron & Steel",6,Australia,0.05592147272829717,5.592147272829717,0.2021549455169384,20.21549455169384
7302,"Railway Etc Track Construct Material, Iron & Steel",7,Spain,0.03701727796187728,3.701727796187728,0.2216398568707311,22.163985687073108
7302,"Railway Etc Track Construct Material, Iron & Steel",8,United Kingdom,0.03134062250091307,3.1340622500913073,0.1875814428884537,18.75814428884537
7302,"Railway Etc Track Construct Material, Iron & Steel",9,Luxembourg,0.023563779107887976,2.3563779107887974,0.3349505799571952,33.49505799571952
7302,"Railway Etc Track Construct Material, Iron & Steel",10,Brazil,0.009134161359139342,0.9134161359139341,0.0650354244695298,6.50354244695298
7303,"Tubes, Pipes And Hollow Profiles Of Cast Iron",1,India,0.42376759967035027,42.37675996703503,0.106696715449459,10.6696715449459
7303,"Tubes, Pipes And Hollow Profiles Of Cast Iron",2,Japan,0.13222184119474764,13.222184119474765,0.0718554960665061,7.18554960665061
7303,"Tubes, Pipes And Hollow Profiles Of Cast Iron",3,China,0.09354614142408135,9.354614142408135,0.4969885897430305,49.69885897430305
7303,"Tubes, Pipes And Hollow Profiles Of Cast Iron",4,Austria,0.08538753025404763,8.538753025404763,0.118879889248093,11.8879889248093
7303,"Tubes, Pipes And Hollow Profiles Of Cast Iron",5,Germany,0.07602849238045728,7.602849238045728,0.0715699257179555,7.156992571795549
7303,"Tubes, Pipes And Hollow Profiles Of Cast Iron",6,Malaysia,0.05618146894390862,5.618146894390862,0.0254239856285508,2.5423985628550803
7303,"Tubes, Pipes And Hollow Profiles Of Cast Iron",7,Canada,0.05477091978174966,5.477091978174966,0.0030534923984298,0.30534923984298
7303,"Tubes, Pipes And Hollow Profiles Of Cast Iron",8,Turkey,0.041409543679930556,4.140954367993055,,
7303,"Tubes, Pipes And Hollow Profiles Of Cast Iron",9,Cambodia,0.019705615341416058,1.9705615341416058,,
7303,"Tubes, Pipes And Hollow Profiles Of Cast Iron",10,Mexico,0.016980847329310912,1.6980847329310913,,
7304,"Tubes, Pipes Etc, Seamless, Iron Nesoi & Steel",1,Japan,0.17132900100807724,17.132900100807724,0.2018777140533209,20.18777140533209
7304,"Tubes, Pipes Etc, Seamless, Iron Nesoi & Steel",2,Mexico,0.1707733710240211,17.077337102402108,0.2030453239520628,20.30453239520628
7304,"Tubes, Pipes Etc, Seamless, Iron Nesoi & Steel",3,Austria,0.12678623933411717,12.678623933411718,0.3017072323966449,30.170723239664486
7304,"Tubes, Pipes Etc, Seamless, Iron Nesoi & Steel",4,Italy,0.09452686268741375,9.452686268741376,0.1499606338862785,14.996063388627851
7304,"Tubes, Pipes Etc, Seamless, Iron Nesoi & Steel",5,China,0.08906568796295691,8.90656879629569,0.4594403884271547,45.944038842715464
7304,"Tubes, Pipes Etc, Seamless, Iron Nesoi & Steel",6,Germany,0.08331193792323804,8.331193792323804,0.2868214826640212,28.68214826640212
7304,"Tubes, Pipes Etc, Seamless, Iron Nesoi & Steel",7,Spain,0.07549763312810419,7.549763312810419,0.1866257066878679,18.662570668786792
7304,"Tubes, Pipes Etc, Seamless, Iron Nesoi & Steel",8,Canada,0.07452603887894199,7.452603887894199,0.2776258684613201,27.76258684613201
7304,"Tubes, Pipes Etc, Seamless, Iron Nesoi & Steel",9,Ukraine,0.057223402228550206,5.722340222855021,0.2209607098810794,22.09607098810794
7304,"Tubes, Pipes Etc, Seamless, Iron Nesoi & Steel",10,Brazil,0.0569598258245794,5.69598258245794,0.1294313711033768,12.94313711033768
7305,"Tubes & Pipes Nesoi, Ext Dia Ov406-4mm, Ir & Steel",1,"Korea, South",0.296366476652809,29.6366476652809,0.293958125563843,29.3958125563843
7305,"Tubes & Pipes Nesoi, Ext Dia Ov406-4mm, Ir & Steel",2,Germany,0.2843674483460818,28.43674483460818,0.1931392594236444,19.313925942364442
7305,"Tubes & Pipes Nesoi, Ext Dia Ov406-4mm, Ir & Steel",3,Japan,0.08847038321969637,8.847038321969638,0.1145583998741027,11.45583998741027
7305,"Tubes & Pipes Nesoi, Ext Dia Ov406-4mm, Ir & Steel",4,India,0.06444352661687462,6.4443526616874625,0.0040604391383959,0.40604391383959
7305,"Tubes & Pipes Nesoi, Ext Dia Ov406-4mm, Ir & Steel",5,Mexico,0.05991816910166277,5.991816910166277,0.1684203723936246,16.842037239362458
7305,"Tubes & Pipes Nesoi, Ext Dia Ov406-4mm, Ir & Steel",6,United Kingdom,0.05375193865087578,5.375193865087578,0.1239592724187304,12.395927241873041
7305,"Tubes & Pipes Nesoi, Ext Dia Ov406-4mm, Ir & Steel",7,Turkey,0.050592849552420854,5.059284955242085,0.3292179897608449,32.92179897608449
7305,"Tubes & Pipes Nesoi, Ext Dia Ov406-4mm, Ir & Steel",8,Greece,0.045142364971529805,4.5142364971529805,0.2376153088221473,23.76153088221473
7305,"Tubes & Pipes Nesoi, Ext Dia Ov406-4mm, Ir & Steel",9,Brazil,0.02852682652758052,2.8526826527580518,,
7305,"Tubes & Pipes Nesoi, Ext Dia Ov406-4mm, Ir & Steel",10,Canada,0.028420016360468394,2.8420016360468394,0.3972203366790953,39.72203366790953
7306,"Tubes, Pipes & Hollow Profiles Nesoi, Iron & Steel",1,Canada,0.2874098927848885,28.740989278488847,0.1876681419887707,18.766814198877068
7306,"Tubes, Pipes & Hollow Profiles Nesoi, Iron & Steel",2,"Korea, South",0.2606660119926145,26.066601199261452,0.2607272011414235,26.07272011414235
7306,"Tubes, Pipes & Hollow Profiles Nesoi, Iron & Steel",3,Mexico,0.14425101665864215,14.425101665864215,0.2642422417230061,26.424224172300608
7306,"Tubes, Pipes & Hollow Profiles Nesoi, Iron & Steel",4,Taiwan,0.08250524710038798,8.250524710038798,0.3521802538606061,35.21802538606061
7306,"Tubes, Pipes & Hollow Profiles Nesoi, Iron & Steel",5,India,0.049379042660770964,4.937904266077096,0.332102906348594,33.210290634859405
7306,"Tubes, Pipes & Hollow Profiles Nesoi, Iron & Steel",6,United Arab Emirates,0.04657058073960841,4.657058073960841,0.2272135448156327,22.721354481563267
7306,"Tubes, Pipes & Hollow Profiles Nesoi, Iron & Steel",7,Vietnam,0.04577147072958098,4.577147072958098,0.3632778686268303,36.327786862683034
7306,"Tubes, Pipes & Hollow Profiles Nesoi, Iron & Steel",8,Turkey,0.0345253459068028,3.45253459068028,0.3279760364400006,32.79760364400006
7306,"Tubes, Pipes & Hollow Profiles Nesoi, Iron & Steel",9,Italy,0.027284118702875615,2.7284118702875615,0.2523950874869445,25.23950874869445
7306,"Tubes, Pipes & Hollow Profiles Nesoi, Iron & Steel",10,China,0.02163727272382802,2.1637272723828023,0.6672593660908818,66.72593660908818
7307,"Tube Or Pipe Fittings, Of Iron Or Steel",1,China,0.258035332042397,25.8035332042397,0.642361775346347,64.23617753463469
7307,"Tube Or Pipe Fittings, Of Iron Or Steel",2,India,0.1949566202180266,19.49566202180266,0.3294950869261099,32.94950869261099
7307,"Tube Or Pipe Fittings, Of Iron Or Steel",3,"Korea, South",0.11348682481044418,11.348682481044419,0.3094683549841208,30.946835498412078
7307,"Tube Or Pipe Fittings, Of Iron Or Steel",4,Mexico,0.09147155794229862,9.147155794229862,0.1767945362938682,17.67945362938682
7307,"Tube Or Pipe Fittings, Of Iron Or Steel",5,Italy,0.07953233674679619,7.953233674679619,0.3104890129298749,31.04890129298749
7307,"Tube Or Pipe Fittings, Of Iron Or Steel",6,Taiwan,0.07148060212844858,7.148060212844857,0.326623935145149,32.662393514514896
7307,"Tube Or Pipe Fittings, Of Iron Or Steel",7,Germany,0.05849212116394263,5.849212116394263,0.3718683383443328,37.18683383443328
7307,"Tube Or Pipe Fittings, Of Iron Or Steel",8,Vietnam,0.048076448667329984,4.807644866732998,0.3086123789206947,30.86123789206947
7307,"Tube Or Pipe Fittings, Of Iron Or Steel",9,Canada,0.04489810620366472,4.489810620366471,0.1459912879207252,14.599128792072518
7307,"Tube Or Pipe Fittings, Of Iron Or Steel",10,Thailand,0.03957005007665141,3.957005007665141,0.256857030112295,25.6857030112295
7308,"Structures Nesoi & Parts Thereof, Of Iron Or Steel",1,Mexico,0.2726106654614853,27.261066546148534,0.0792424584363264,7.924245843632639
7308,"Structures Nesoi & Parts Thereof, Of Iron Or Steel",2,Canada,0.22613376883414724,22.613376883414723,0.1298763453114503,12.987634531145028
7308,"Structures Nesoi & Parts Thereof, Of Iron Or Steel",3,China,0.13718774426887992,13.718774426887991,0.5773867063030548,57.73867063030548
7308,"Structures Nesoi & Parts Thereof, Of Iron Or Steel",4,Germany,0.08212690150539652,8.212690150539652,0.2726399609351624,27.26399609351624
7308,"Structures Nesoi & Parts Thereof, Of Iron Or Steel",5,India,0.08129527029338755,8.129527029338755,0.257223253201075,25.722325320107498
7308,"Structures Nesoi & Parts Thereof, Of Iron Or Steel",6,"Korea, South",0.06271397505771582,6.271397505771582,0.1966735786837572,19.66735786837572
7308,"Structures Nesoi & Parts Thereof, Of Iron Or Steel",7,Denmark,0.04648734245592009,4.648734245592009,0.2563911092348169,25.639110923481688
7308,"Structures Nesoi & Parts Thereof, Of Iron Or Steel",8,Turkey,0.031181092467068124,3.1181092467068123,0.2123413602867828,21.23413602867828
7308,"Structures Nesoi & Parts Thereof, Of Iron Or Steel",9,Spain,0.030521425604979707,3.0521425604979706,0.2962671652744456,29.626716527444557
7308,"Structures Nesoi & Parts Thereof, Of Iron Or Steel",10,Thailand,0.02974181405101971,2.9741814051019713,0.2983170327962802,29.83170327962802
7309,"Tanks Etc, Over 300 Liter Capacity, Iron Or Steel",1,Canada,0.30380565648347946,30.380565648347947,0.0824275863855246,8.24275863855246
7309,"Tanks Etc, Over 300 Liter Capacity, Iron Or Steel",2,Mexico,0.1762595730475335,17.62595730475335,0.0681698949677338,6.81698949677338
7309,"Tanks Etc, Over 300 Liter Capacity, Iron Or Steel",3,"Korea, South",0.143863894154774,14.3863894154774,0.1213446509903142,12.13446509903142
7309,"Tanks Etc, Over 300 Liter Capacity, Iron Or Steel",4,China,0.08186449028191768,8.186449028191769,0.5815020582658144,58.150205826581434
7309,"Tanks Etc, Over 300 Liter Capacity, Iron Or Steel",5,Italy,0.06224555495364206,6.224555495364206,0.1321553031982557,13.21553031982557
7309,"Tanks Etc, Over 300 Liter Capacity, Iron Or Steel",6,Germany,0.057005346565752325,5.700534656575233,0.2260194525449141,22.601945254491408
7309,"Tanks Etc, Over 300 Liter Capacity, Iron Or Steel",7,Taiwan,0.052120339721609496,5.21203397216095,0.3277070714779619,32.77070714779619
7309,"Tanks Etc, Over 300 Liter Capacity, Iron Or Steel",8,Spain,0.04643235588611674,4.643235588611674,0.0723746193388309,7.23746193388309
7309,"Tanks Etc, Over 300 Liter Capacity, Iron Or Steel",9,Japan,0.04049089131460082,4.049089131460082,0.1592535289808325,15.92535289808325
7309,"Tanks Etc, Over 300 Liter Capacity, Iron Or Steel",10,India,0.03591189759057394,3.5911897590573942,0.0892539130211476,8.925391302114761
7310,"Tanks Etc, Nov 300 Liter Capacity, Iron Or Steel",1,China,0.2839999903995716,28.39999903995716,0.6444887396259936,64.44887396259936
7310,"Tanks Etc, Nov 300 Liter Capacity, Iron Or Steel",2,Mexico,0.2766889704400296,27.66889704400296,0.1467648111188816,14.67648111188816
7310,"Tanks Etc, Nov 300 Liter Capacity, Iron Or Steel",3,Canada,0.11995186818233447,11.995186818233448,0.1929649822105708,19.296498221057078
7310,"Tanks Etc, Nov 300 Liter Capacity, Iron Or Steel",4,Italy,0.08821582117849906,8.821582117849907,0.0946919141771971,9.46919141771971
7310,"Tanks Etc, Nov 300 Liter Capacity, Iron Or Steel",5,Germany,0.08439474143369419,8.439474143369418,0.3093965871279321,30.93965871279321
7310,"Tanks Etc, Nov 300 Liter Capacity, Iron Or Steel",6,Taiwan,0.05115153962144353,5.115153962144353,0.2426256953139763,24.26256953139763
7310,"Tanks Etc, Nov 300 Liter Capacity, Iron Or Steel",7,United Kingdom,0.02852721385859052,2.852721385859052,0.1882297509456963,18.82297509456963
7310,"Tanks Etc, Nov 300 Liter Capacity, Iron Or Steel",8,Spain,0.02496712439881706,2.4967124398817058,0.295027629297961,29.5027629297961
7310,"Tanks Etc, Nov 300 Liter Capacity, Iron Or Steel",9,India,0.022605433768297985,2.2605433768297987,0.3101188840441944,31.01188840441944
7310,"Tanks Etc, Nov 300 Liter Capacity, Iron Or Steel",10,Japan,0.01949729671872196,1.9497296718721961,0.3444030059521739,34.44030059521739
7311,Contnrs Fr Cmprssd O Lqfd Gas Of Iron O Steel,1,Mexico,0.260874884938743,26.0874884938743,0.0924787172459889,9.24787172459889
7311,Contnrs Fr Cmprssd O Lqfd Gas Of Iron O Steel,2,China,0.19303887875954828,19.30388787595483,0.5377489346114379,53.77489346114379
7311,Contnrs Fr Cmprssd O Lqfd Gas Of Iron O Steel,3,India,0.14318454074126158,14.318454074126159,0.2345375170795398,23.45375170795398
7311,Contnrs Fr Cmprssd O Lqfd Gas Of Iron O Steel,4,Thailand,0.11975406654799446,11.975406654799446,0.2034174818135873,20.341748181358728
7311,Contnrs Fr Cmprssd O Lqfd Gas Of Iron O Steel,5,Canada,0.06728097301380494,6.728097301380494,0.0612301242240596,6.12301242240596
7311,Contnrs Fr Cmprssd O Lqfd Gas Of Iron O Steel,6,"Korea, South",0.05361616543355452,5.361616543355452,0.1847685548934973,18.47685548934973
7311,Contnrs Fr Cmprssd O Lqfd Gas Of Iron O Steel,7,Vietnam,0.0475993432716095,4.75993432716095,0.1932193985675473,19.32193985675473
7311,Contnrs Fr Cmprssd O Lqfd Gas Of Iron O Steel,8,Malaysia,0.039391326976407966,3.9391326976407965,0.2264199794796705,22.64199794796705
7311,Contnrs Fr Cmprssd O Lqfd Gas Of Iron O Steel,9,Portugal,0.03767466112816736,3.7674661128167357,0.2366828195400368,23.66828195400368
7311,Contnrs Fr Cmprssd O Lqfd Gas Of Iron O Steel,10,Italy,0.037585159188908486,3.758515918890849,0.3007672645919902,30.076726459199023
7312,"Stranded Wire, Ropes Etc, No Elec Ins, Ir Or Steel",1,Vietnam,0.23091859671557183,23.091859671557184,0.2672310201315326,26.72310201315326
7312,"Stranded Wire, Ropes Etc, No Elec Ins, Ir Or Steel",2,China,0.1992531302246642,19.92531302246642,0.666540186340042,66.6540186340042
7312,"Stranded Wire, Ropes Etc, No Elec Ins, Ir Or Steel",3,"Korea, South",0.1136821853521747,11.36821853521747,0.2747975294021585,27.479752940215853
7312,"Stranded Wire, Ropes Etc, No Elec Ins, Ir Or Steel",4,Thailand,0.09951637570116617,9.951637570116617,0.2932205907422664,29.32205907422664
7312,"Stranded Wire, Ropes Etc, No Elec Ins, Ir Or Steel",5,Mexico,0.08245593496376998,8.245593496376998,0.1567666582013725,15.67666582013725
7312,"Stranded Wire, Ropes Etc, No Elec Ins, Ir Or Steel",6,Romania,0.06224984850753753,6.224984850753753,0.3477683681828765,34.77683681828765
7312,"Stranded Wire, Ropes Etc, No Elec Ins, Ir Or Steel",7,Canada,0.05624563488052071,5.624563488052071,0.3590214904862736,35.90214904862736
7312,"Stranded Wire, Ropes Etc, No Elec Ins, Ir Or Steel",8,Malaysia,0.05347136742633475,5.3471367426334755,0.3055498435060405,30.554984350604048
7312,"Stranded Wire, Ropes Etc, No Elec Ins, Ir Or Steel",9,Germany,0.05232273361919123,5.232273361919123,0.2595198031727204,25.95198031727204
7312,"Stranded Wire, Ropes Etc, No Elec Ins, Ir Or Steel",10,Indonesia,0.04988419260906892,4.988419260906892,0.3398045830907497,33.98045830907497
7313,"Barbed Wire And Twisted Wire For Fencing, Iron/stl",1,Mexico,0.7245593224505479,72.45593224505478,0.1220578468838372,12.20578468838372
7313,"Barbed Wire And Twisted Wire For Fencing, Iron/stl",2,China,0.1772580875868189,17.72580875868189,0.6583506373537537,65.83506373537537
7313,"Barbed Wire And Twisted Wire For Fencing, Iron/stl",3,Canada,0.036569808650897685,3.6569808650897686,0.0412599715614682,4.12599715614682
7313,"Barbed Wire And Twisted Wire For Fencing, Iron/stl",4,Spain,0.014897026148435572,1.4897026148435573,0.3766195997871471,37.66195997871471
7313,"Barbed Wire And Twisted Wire For Fencing, Iron/stl",5,Vietnam,0.014298282304215428,1.4298282304215428,0.3990924096450455,39.90924096450455
7313,"Barbed Wire And Twisted Wire For Fencing, Iron/stl",6,Dominican Republic,0.009995134855550123,0.9995134855550123,0.3643175968461864,36.43175968461864
7313,"Barbed Wire And Twisted Wire For Fencing, Iron/stl",7,Brazil,0.009028675212529187,0.9028675212529187,,
7313,"Barbed Wire And Twisted Wire For Fencing, Iron/stl",8,Malaysia,0.005487850253267568,0.5487850253267568,0.4816313572774027,48.16313572774027
7313,"Barbed Wire And Twisted Wire For Fencing, Iron/stl",9,South Africa,0.0039673301027267896,0.39673301027267893,0.3527181617380411,35.27181617380411
7313,"Barbed Wire And Twisted Wire For Fencing, Iron/stl",10,India,0.003938482435010867,0.39384824350108666,0.25,25.0
7314,"Cloth, Grill Etc Ir Or St; Expand Metal, Ir Or St",1,China,0.31983604881020644,31.983604881020643,0.6405358933245416,64.05358933245417
7314,"Cloth, Grill Etc Ir Or St; Expand Metal, Ir Or St",2,Mexico,0.27705322442330843,27.705322442330843,0.1186791176081483,11.86791176081483
7314,"Cloth, Grill Etc Ir Or St; Expand Metal, Ir Or St",3,Canada,0.1691062973220363,16.91062973220363,0.1862391417987152,18.62391417987152
7314,"Cloth, Grill Etc Ir Or St; Expand Metal, Ir Or St",4,Vietnam,0.1058523144004006,10.58523144004006,0.256698186843921,25.669818684392098
7314,"Cloth, Grill Etc Ir Or St; Expand Metal, Ir Or St",5,Germany,0.04503659833853087,4.503659833853087,0.2710164239664848,27.10164239664848
7314,"Cloth, Grill Etc Ir Or St; Expand Metal, Ir Or St",6,Spain,0.020195004986585552,2.019500498658555,0.3850453527571204,38.50453527571204
7314,"Cloth, Grill Etc Ir Or St; Expand Metal, Ir Or St",7,Italy,0.019893390202320095,1.9893390202320096,0.2644339649592176,26.44339649592176
7314,"Cloth, Grill Etc Ir Or St; Expand Metal, Ir Or St",8,Thailand,0.015152968104805112,1.5152968104805111,0.2837019634553764,28.37019634553764
7314,"Cloth, Grill Etc Ir Or St; Expand Metal, Ir Or St",9,India,0.014950501972440017,1.4950501972440018,0.2855401104183895,28.55401104183895
7314,"Cloth, Grill Etc Ir Or St; Expand Metal, Ir Or St",10,Switzerland,0.012923651439366468,1.2923651439366468,0.2808557784609895,28.085577846098953
7315,"Chain & Parts, Of Iron Or Steel",1,China,0.37772449953197235,37.77244995319723,0.6520289487588448,65.20289487588448
7315,"Chain & Parts, Of Iron Or Steel",2,Germany,0.1870759192823618,18.70759192823618,0.3102105545751233,31.021055457512333
7315,"Chain & Parts, Of Iron Or Steel",3,Japan,0.16573944043963412,16.57394404396341,0.2866029810369243,28.660298103692426
7315,"Chain & Parts, Of Iron Or Steel",4,Taiwan,0.07037288345306708,7.037288345306708,0.3251612006979095,32.51612006979095
7315,"Chain & Parts, Of Iron Or Steel",5,Mexico,0.04063994489371416,4.063994489371416,0.230569176665406,23.0569176665406
7315,"Chain & Parts, Of Iron Or Steel",6,Italy,0.03821720636252143,3.8217206362521434,0.2650075047036781,26.500750470367812
7315,"Chain & Parts, Of Iron Or Steel",7,Canada,0.03398960928188714,3.398960928188714,0.1328857041833254,13.28857041833254
7315,"Chain & Parts, Of Iron Or Steel",8,Austria,0.03381028261801437,3.381028261801437,0.1807489669329695,18.07489669329695
7315,"Chain & Parts, Of Iron Or Steel",9,India,0.028830148625652034,2.8830148625652035,0.3355601648745262,33.556016487452624
7315,"Chain & Parts, Of Iron Or Steel",10,France,0.023600065511175366,2.3600065511175368,0.2589174112087116,25.89174112087116
7316,"Anchors, Grapnels And Parts Thereof, Of Iron/steel",1,China,0.522795735060705,52.2795735060705,0.6045373256138372,60.453732561383724
7316,"Anchors, Grapnels And Parts Thereof, Of Iron/steel",2,India,0.24620846728474619,24.620846728474618,0.3143150726556166,31.43150726556166
7316,"Anchors, Grapnels And Parts Thereof, Of Iron/steel",3,Canada,0.05755733347616854,5.755733347616854,0.122185498407407,12.2185498407407
7316,"Anchors, Grapnels And Parts Thereof, Of Iron/steel",4,"Korea, South",0.04950454697677024,4.950454697677023,0.2541066913607401,25.41066913607401
7316,"Anchors, Grapnels And Parts Thereof, Of Iron/steel",5,Taiwan,0.037285879138894654,3.7285879138894655,0.263891228523784,26.3891228523784
7316,"Anchors, Grapnels And Parts Thereof, Of Iron/steel",6,Colombia,0.02104002776765129,2.104002776765129,0.2442034784872945,24.420347848729453
7316,"Anchors, Grapnels And Parts Thereof, Of Iron/steel",7,Germany,0.017949631573077468,1.794963157307747,0.4282730370548432,42.82730370548432
7316,"Anchors, Grapnels And Parts Thereof, Of Iron/steel",8,Spain,0.016033100214544224,1.6033100214544225,0.3106359543592869,31.063595435928693
7316,"Anchors, Grapnels And Parts Thereof, Of Iron/steel",9,Turkey,0.01592826646001706,1.592826646001706,0.3542196113429944,35.42196113429944
7316,"Anchors, Grapnels And Parts Thereof, Of Iron/steel",10,Vietnam,0.015697012047425473,1.5697012047425474,0.1536615339617122,15.36615339617122
7317,"Nails, Tacks, Drawing Pins Etc Of Iron Or Steel",1,China,0.28096995470162744,28.096995470162746,0.639851540702891,63.9851540702891
7317,"Nails, Tacks, Drawing Pins Etc Of Iron Or Steel",2,India,0.10625773539468814,10.625773539468813,0.3463525771201928,34.63525771201928
7317,"Nails, Tacks, Drawing Pins Etc Of Iron Or Steel",3,Oman,0.10191277204855828,10.191277204855828,0.3524652067563684,35.24652067563684
7317,"Nails, Tacks, Drawing Pins Etc Of Iron Or Steel",4,Thailand,0.10031504761449594,10.031504761449595,0.3319082303078642,33.19082303078642
7317,"Nails, Tacks, Drawing Pins Etc Of Iron Or Steel",5,Canada,0.07997365235966998,7.997365235966998,0.1871251387092014,18.712513870920137
7317,"Nails, Tacks, Drawing Pins Etc Of Iron Or Steel",6,Mexico,0.07313843531846138,7.313843531846138,0.2373857355892999,23.73857355892999
7317,"Nails, Tacks, Drawing Pins Etc Of Iron Or Steel",7,Taiwan,0.07000845183103693,7.000845183103693,0.2911684579497475,29.11684579497475
7317,"Nails, Tacks, Drawing Pins Etc Of Iron Or Steel",8,Lithuania,0.06670973943588272,6.6709739435882724,0.2162196523239755,21.62196523239755
7317,"Nails, Tacks, Drawing Pins Etc Of Iron Or Steel",9,"Korea, South",0.06640013878743764,6.640013878743764,0.1877516505978637,18.77516505978637
7317,"Nails, Tacks, Drawing Pins Etc Of Iron Or Steel",10,Liechtenstein,0.05431407250814153,5.431407250814153,0.2343512169220724,23.43512169220724
7318,"Screws, Bolts, Nuts, Washers Etc, Iron Or Steel",1,Taiwan,0.39100930186309213,39.10093018630921,0.3170388229688111,31.70388229688111
7318,"Screws, Bolts, Nuts, Washers Etc, Iron Or Steel",2,China,0.20313867415619005,20.313867415619004,0.6544862259353197,65.44862259353197
7318,"Screws, Bolts, Nuts, Washers Etc, Iron Or Steel",3,Japan,0.10266106979468424,10.266106979468423,0.3230380708866202,32.30380708866202
7318,"Screws, Bolts, Nuts, Washers Etc, Iron Or Steel",4,Canada,0.0647174915095247,6.47174915095247,0.1676874418256238,16.768744182562383
7318,"Screws, Bolts, Nuts, Washers Etc, Iron Or Steel",5,Germany,0.057422780386368756,5.742278038636876,0.3423543184788217,34.23543184788217
7318,"Screws, Bolts, Nuts, Washers Etc, Iron Or Steel",6,"Korea, South",0.04891462448659996,4.891462448659996,0.2962920471637383,29.62920471637383
7318,"Screws, Bolts, Nuts, Washers Etc, Iron Or Steel",7,Italy,0.04138563286226747,4.138563286226747,0.2446036966567826,24.46036966567826
7318,"Screws, Bolts, Nuts, Washers Etc, Iron Or Steel",8,India,0.04046741417409372,4.046741417409372,0.3303314760817358,33.03314760817358
7318,"Screws, Bolts, Nuts, Washers Etc, Iron Or Steel",9,Mexico,0.03059364063157299,3.059364063157299,0.1828438507165325,18.28438507165325
7318,"Screws, Bolts, Nuts, Washers Etc, Iron Or Steel",10,France,0.019689370135605913,1.9689370135605913,0.2807104147950119,28.07104147950119
7319,"Needles, Sew & Knit, Bodkins Etc, Pins Etc Ir & St",1,China,0.6321220756770951,63.21220756770951,0.4533155788719989,45.33155788719989
7319,"Needles, Sew & Knit, Bodkins Etc, Pins Etc Ir & St",2,Japan,0.10410747834208307,10.410747834208307,0.2103725418150114,21.03725418150114
7319,"Needles, Sew & Knit, Bodkins Etc, Pins Etc Ir & St",3,Malaysia,0.07868571461889398,7.868571461889398,0.3311079200118815,33.11079200118815
7319,"Needles, Sew & Knit, Bodkins Etc, Pins Etc Ir & St",4,Taiwan,0.0703925910284108,7.039259102841081,0.2717385248352283,27.173852483522833
7319,"Needles, Sew & Knit, Bodkins Etc, Pins Etc Ir & St",5,India,0.040867673723061854,4.086767372306185,0.3584695410970858,35.84695410970858
7319,"Needles, Sew & Knit, Bodkins Etc, Pins Etc Ir & St",6,United Kingdom,0.025489940321090802,2.5489940321090803,0.1437635065199409,14.376350651994091
7319,"Needles, Sew & Knit, Bodkins Etc, Pins Etc Ir & St",7,Czech Republic,0.01635537483768459,1.635537483768459,0.3499325184663477,34.99325184663477
7319,"Needles, Sew & Knit, Bodkins Etc, Pins Etc Ir & St",8,Germany,0.013563366969152831,1.356336696915283,0.2739911317223985,27.399113172239847
7319,"Needles, Sew & Knit, Bodkins Etc, Pins Etc Ir & St",9,Hungary,0.00934681772006563,0.9346817720065631,0.3348024540344497,33.48024540344497
7319,"Needles, Sew & Knit, Bodkins Etc, Pins Etc Ir & St",10,"Korea, South",0.00906896676246137,0.906896676246137,0.201246168148188,20.1246168148188
7320,"Springs & Leaves For Springs, Iron Or Steel",1,Mexico,0.5881353045148928,58.813530451489285,0.2139659412643391,21.39659412643391
7320,"Springs & Leaves For Springs, Iron Or Steel",2,Canada,0.1122925104940476,11.22925104940476,0.2530859999532499,25.308599995324986
7320,"Springs & Leaves For Springs, Iron Or Steel",3,China,0.08189633334438809,8.18963333443881,0.6118892348662744,61.188923486627445
7320,"Springs & Leaves For Springs, Iron Or Steel",4,Japan,0.07086066869430233,7.0860668694302325,0.280262226628614,28.0262226628614
7320,"Springs & Leaves For Springs, Iron Or Steel",5,Germany,0.06654537915528846,6.654537915528847,0.320418521018704,32.0418521018704
7320,"Springs & Leaves For Springs, Iron Or Steel",6,Poland,0.023704493452767015,2.3704493452767017,0.3643011722845209,36.43011722845209
7320,"Springs & Leaves For Springs, Iron Or Steel",7,India,0.01682880716663619,1.6828807166636188,0.2805352029477454,28.053520294774543
7320,"Springs & Leaves For Springs, Iron Or Steel",8,United Kingdom,0.014790651496244799,1.47906514962448,0.1830957665150466,18.30957665150466
7320,"Springs & Leaves For Springs, Iron Or Steel",9,"Korea, South",0.012901299096958065,1.2901299096958065,0.2966359180271192,29.66359180271192
7320,"Springs & Leaves For Springs, Iron Or Steel",10,Turkey,0.012044552584474656,1.2044552584474657,0.1957298499716079,19.572984997160788
7321,"Stoves, Ranges Etc, Nonel Domest & Pts, Ir & Steel",1,China,0.6048438575200348,60.484385752003476,0.4160071212839307,41.60071212839307
7321,"Stoves, Ranges Etc, Nonel Domest & Pts, Ir & Steel",2,Mexico,0.16127745659848808,16.12774565984881,0.078495989402466,7.849598940246599
7321,"Stoves, Ranges Etc, Nonel Domest & Pts, Ir & Steel",3,Thailand,0.06852443997327569,6.852443997327569,0.207207400638794,20.7207400638794
7321,"Stoves, Ranges Etc, Nonel Domest & Pts, Ir & Steel",4,Canada,0.04110709720060834,4.110709720060834,0.0914077514123819,9.14077514123819
7321,"Stoves, Ranges Etc, Nonel Domest & Pts, Ir & Steel",5,Vietnam,0.039973984735826314,3.9973984735826313,0.2063553751719572,20.635537517195722
7321,"Stoves, Ranges Etc, Nonel Domest & Pts, Ir & Steel",6,"Korea, South",0.029992139604928813,2.9992139604928814,0.117699893820467,11.7699893820467
7321,"Stoves, Ranges Etc, Nonel Domest & Pts, Ir & Steel",7,Indonesia,0.017324857394082405,1.7324857394082405,0.2061510538290407,20.61510538290407
7321,"Stoves, Ranges Etc, Nonel Domest & Pts, Ir & Steel",8,Malaysia,0.01425558728629881,1.425558728629881,0.2714752981801145,27.14752981801145
7321,"Stoves, Ranges Etc, Nonel Domest & Pts, Ir & Steel",9,Italy,0.012749822523039335,1.2749822523039336,0.1832378524258953,18.32378524258953
7321,"Stoves, Ranges Etc, Nonel Domest & Pts, Ir & Steel",10,Taiwan,0.009950757163417527,0.9950757163417527,0.252225174389696,25.2225174389696
7322,"Radiators, Air Heaters Etc, Nonel & Pt, Ir & Steel",1,Mexico,0.658172000681271,65.81720006812711,0.0572792100340854,5.7279210034085395
7322,"Radiators, Air Heaters Etc, Nonel & Pt, Ir & Steel",2,Canada,0.13950713329814052,13.950713329814052,0.1068133840754286,10.68133840754286
7322,"Radiators, Air Heaters Etc, Nonel & Pt, Ir & Steel",3,China,0.07847076966850122,7.847076966850122,0.5276635635412522,52.76635635412522
7322,"Radiators, Air Heaters Etc, Nonel & Pt, Ir & Steel",4,Poland,0.028489946779127306,2.8489946779127306,0.2087190254772422,20.87190254772422
7322,"Radiators, Air Heaters Etc, Nonel & Pt, Ir & Steel",5,Vietnam,0.027456411030481128,2.7456411030481127,0.2131603044836042,21.316030448360422
7322,"Radiators, Air Heaters Etc, Nonel & Pt, Ir & Steel",6,"Korea, South",0.021287213441373073,2.128721344137307,0.1670659081781369,16.70659081781369
7322,"Radiators, Air Heaters Etc, Nonel & Pt, Ir & Steel",7,Japan,0.020687445990614707,2.068744599061471,0.3797908036485368,37.97908036485368
7322,"Radiators, Air Heaters Etc, Nonel & Pt, Ir & Steel",8,Italy,0.009054979822467942,0.9054979822467942,0.3536724722995884,35.36724722995884
7322,"Radiators, Air Heaters Etc, Nonel & Pt, Ir & Steel",9,Taiwan,0.008707685966018806,0.8707685966018807,0.1777442723418886,17.77442723418886
7322,"Radiators, Air Heaters Etc, Nonel & Pt, Ir & Steel",10,Thailand,0.008166413322004226,0.8166413322004227,0.2513381902533917,25.13381902533917
7323,"Household Art & Pts, Ir & St; Ir Or Steel Wool Etc",1,China,0.794841002522185,79.4841002522185,0.3565358375169607,35.653583751696075
7323,"Household Art & Pts, Ir & St; Ir Or Steel Wool Etc",2,India,0.07014548578084288,7.014548578084288,0.3244270159355932,32.44270159355932
7323,"Household Art & Pts, Ir & St; Ir Or Steel Wool Etc",3,France,0.03423110617380405,3.4231106173804053,0.0957657295126367,9.576572951263671
7323,"Household Art & Pts, Ir & St; Ir Or Steel Wool Etc",4,Vietnam,0.03253528020924568,3.2535280209245685,0.2546146712714374,25.461467127143738
7323,"Household Art & Pts, Ir & St; Ir Or Steel Wool Etc",5,Taiwan,0.019552442952429354,1.9552442952429354,0.2337978762248505,23.379787622485047
7323,"Household Art & Pts, Ir & St; Ir Or Steel Wool Etc",6,Italy,0.017184713749283497,1.7184713749283498,0.2145023114844079,21.45023114844079
7323,"Household Art & Pts, Ir & St; Ir Or Steel Wool Etc",7,Mexico,0.010781214009285847,1.0781214009285847,0.1255566366857418,12.55566366857418
7323,"Household Art & Pts, Ir & St; Ir Or Steel Wool Etc",8,Thailand,0.009547958861931988,0.9547958861931988,0.224753730394131,22.4753730394131
7323,"Household Art & Pts, Ir & St; Ir Or Steel Wool Etc",9,Cambodia,0.006315949635985834,0.6315949635985834,0.2279812384885954,22.79812384885954
7323,"Household Art & Pts, Ir & St; Ir Or Steel Wool Etc",10,Brazil,0.00486484610500573,0.48648461050057296,0.1924642196981693,19.24642196981693
7324,"Sanitary Ware & Parts, Iron Or Steel",1,China,0.4073827315587469,40.73827315587469,0.6077138621828375,60.77138621828375
7324,"Sanitary Ware & Parts, Iron Or Steel",2,Vietnam,0.19789490574285276,19.789490574285278,0.2599600344106006,25.99600344106006
7324,"Sanitary Ware & Parts, Iron Or Steel",3,Mexico,0.12920188528678617,12.920188528678617,0.0356743537833908,3.56743537833908
7324,"Sanitary Ware & Parts, Iron Or Steel",4,Taiwan,0.08556024797308111,8.55602479730811,0.216578363031493,21.6578363031493
7324,"Sanitary Ware & Parts, Iron Or Steel",5,Thailand,0.06146486310798367,6.146486310798367,0.3038735486812259,30.38735486812259
7324,"Sanitary Ware & Parts, Iron Or Steel",6,Canada,0.040884029105450796,4.08840291054508,0.1330848716052935,13.308487160529351
7324,"Sanitary Ware & Parts, Iron Or Steel",7,Malaysia,0.040036358347397355,4.003635834739735,0.2570155153319644,25.701551533196437
7324,"Sanitary Ware & Parts, Iron Or Steel",8,Germany,0.020098562214974098,2.00985622149741,0.3053082277156843,30.530822771568427
7324,"Sanitary Ware & Parts, Iron Or Steel",9,Italy,0.00939505605930686,0.939505605930686,0.2802270113070711,28.022701130707112
7324,"Sanitary Ware & Parts, Iron Or Steel",10,Turkey,0.008081360603420316,0.8081360603420317,0.2179455969643972,21.79455969643972
7325,"Cast Articles Nesoi, Of Iron Or Steel",1,India,0.4367009427217813,43.670094272178126,0.1950172004621733,19.50172004621733
7325,"Cast Articles Nesoi, Of Iron Or Steel",2,China,0.315945190065261,31.5945190065261,0.5881763220513659,58.8176322051366
7325,"Cast Articles Nesoi, Of Iron Or Steel",3,Canada,0.06490871180727542,6.490871180727542,0.0730999068419136,7.30999068419136
7325,"Cast Articles Nesoi, Of Iron Or Steel",4,United Kingdom,0.04328713038963298,4.328713038963298,0.0848034808492607,8.48034808492607
7325,"Cast Articles Nesoi, Of Iron Or Steel",5,Mexico,0.039490168985026115,3.9490168985026117,0.0767402995284117,7.67402995284117
7325,"Cast Articles Nesoi, Of Iron Or Steel",6,Brazil,0.02913247148093688,2.913247148093688,0.31099128851566,31.099128851566
7325,"Cast Articles Nesoi, Of Iron Or Steel",7,"Korea, South",0.02434476597231482,2.434476597231482,0.0774930134344703,7.749301343447031
7325,"Cast Articles Nesoi, Of Iron Or Steel",8,Germany,0.020979243298795656,2.097924329879566,0.2060586965498541,20.60586965498541
7325,"Cast Articles Nesoi, Of Iron Or Steel",9,France,0.013868107312736007,1.3868107312736007,0.1524761519804846,15.247615198048459
7325,"Cast Articles Nesoi, Of Iron Or Steel",10,Taiwan,0.011343267966239686,1.1343267966239685,0.2284515922163087,22.84515922163087
7326,"Articles Of Iron Or Steel, Nesoi",1,China,0.32412032470872765,32.41203247087277,0.6704366290318919,67.04366290318919
7326,"Articles Of Iron Or Steel, Nesoi",2,Mexico,0.2576900138029347,25.76900138029347,0.1157933449751826,11.579334497518259
7326,"Articles Of Iron Or Steel, Nesoi",3,Canada,0.15867828892922814,15.867828892922814,0.1649777333151043,16.49777333151043
7326,"Articles Of Iron Or Steel, Nesoi",4,Germany,0.05100267833367199,5.100267833367199,0.3190270312429586,31.90270312429586
7326,"Articles Of Iron Or Steel, Nesoi",5,India,0.05057963791772305,5.057963791772305,0.3356124676086153,33.56124676086153
7326,"Articles Of Iron Or Steel, Nesoi",6,Taiwan,0.04026230269166543,4.026230269166543,0.2850335383463689,28.50335383463689
7326,"Articles Of Iron Or Steel, Nesoi",7,"Korea, South",0.031884908246661334,3.1884908246661334,0.2677292120335808,26.77292120335808
7326,"Articles Of Iron Or Steel, Nesoi",8,Japan,0.031335526948413434,3.1335526948413435,0.3047242324071156,30.47242324071156
7326,"Articles Of Iron Or Steel, Nesoi",9,Italy,0.028183513095665552,2.8183513095665553,0.3187899801296571,31.87899801296571
7326,"Articles Of Iron Or Steel, Nesoi",10,France,0.026262805325308707,2.626280532530871,0.3972977526485656,39.729775264856556
7601,"Aluminum, Unwrought",1,Canada,0.7080016869686657,70.80016869686658,0.2511266413320226,25.112664133202262
7601,"Aluminum, Unwrought",2,United Arab Emirates,0.1191544086857407,11.91544086857407,0.2852274848538966,28.52274848538966
7601,"Aluminum, Unwrought",3,Argentina,0.040543993839977616,4.054399383997762,0.2928627477415337,29.28627477415337
7601,"Aluminum, Unwrought",4,Bahrain,0.0363828423067211,3.63828423067211,0.3017522946247563,30.175229462475627
7601,"Aluminum, Unwrought",5,Australia,0.032069018219391995,3.2069018219391996,0.235624586302926,23.5624586302926
7601,"Aluminum, Unwrought",6,India,0.025134887201594312,2.5134887201594314,0.2084612891676155,20.84612891676155
7601,"Aluminum, Unwrought",7,Qatar,0.015221391429142195,1.5221391429142195,0.301706601707137,30.1706601707137
7601,"Aluminum, Unwrought",8,Russia,0.010950600225133599,1.09506002251336,,
7601,"Aluminum, Unwrought",9,France,0.006667485080273371,0.6667485080273371,0.3118360272409536,31.183602724095362
7601,"Aluminum, Unwrought",10,Mexico,0.005873686043359475,0.5873686043359475,0.2734060560282498,27.34060560282498
7602,Aluminum Waste And Scrap,1,Canada,0.6196810186727328,61.96810186727328,0.0010727135113761,0.10727135113761
7602,Aluminum Waste And Scrap,2,Mexico,0.3138371571189058,31.38371571189058,0.0012395354214069,0.12395354214069
7602,Aluminum Waste And Scrap,3,Germany,0.013242666912671121,1.3242666912671122,0.0393167292094587,3.93167292094587
7602,Aluminum Waste And Scrap,4,Guatemala,0.013010971121136023,1.3010971121136023,0.051098276206115,5.1098276206115
7602,Aluminum Waste And Scrap,5,Colombia,0.0114884589186528,1.14884589186528,0.0352545663249098,3.52545663249098
7602,Aluminum Waste And Scrap,6,Brazil,0.008349838635158396,0.8349838635158396,0.0372326537949571,3.7232653794957096
7602,Aluminum Waste And Scrap,7,United Kingdom,0.007549015351875707,0.7549015351875706,0.0594172629203702,5.94172629203702
7602,Aluminum Waste And Scrap,8,Panama,0.005150544161084287,0.5150544161084287,0.0548695175121993,5.48695175121993
7602,Aluminum Waste And Scrap,9,Honduras,0.0041305956867331095,0.41305956867331095,0.0120004062896925,1.20004062896925
7602,Aluminum Waste And Scrap,10,El Salvador,0.0035597334210498324,0.3559733421049832,0.0445351140369802,4.45351140369802
7603,Aluminum Powders And Flakes,1,Australia,0.44416873952037844,44.41687395203785,0.0637956636116575,6.37956636116575
7603,Aluminum Powders And Flakes,2,Germany,0.2209910539155741,22.099105391557412,0.1198844444025457,11.98844444025457
7603,Aluminum Powders And Flakes,3,China,0.11913843856613948,11.913843856613948,0.4764616561656667,47.64616561656667
7603,Aluminum Powders And Flakes,4,Bahrain,0.057058567874614226,5.705856787461423,0.044569763731496,4.4569763731496
7603,Aluminum Powders And Flakes,5,Austria,0.042587343564826415,4.258734356482641,0.1154266890097385,11.54266890097385
7603,Aluminum Powders And Flakes,6,Japan,0.03465566566857328,3.465566566857328,0.113071506791092,11.3071506791092
7603,Aluminum Powders And Flakes,7,Canada,0.032360288868943723,3.2360288868943723,0.0242790194778446,2.42790194778446
7603,Aluminum Powders And Flakes,8,United Kingdom,0.023654609205352478,2.3654609205352477,0.1151890031252099,11.518900312520989
7603,Aluminum Powders And Flakes,9,France,0.014201822574762473,1.4201822574762473,0.1438743625559362,14.387436255593618
7603,Aluminum Powders And Flakes,10,Brazil,0.01118347024083544,1.118347024083544,0.1277730478781208,12.77730478781208
7604,"Aluminum Bars, Rods And Profiles",1,Canada,0.410933670210256,41.0933670210256,0.2483251105864441,24.83251105864441
7604,"Aluminum Bars, Rods And Profiles",2,Mexico,0.16031498950300552,16.031498950300552,0.2634974463945926,26.34974463945926
7604,"Aluminum Bars, Rods And Profiles",3,Vietnam,0.10709448507699236,10.709448507699236,0.3813518467682465,38.13518467682465
7604,"Aluminum Bars, Rods And Profiles",4,Turkey,0.06083122407173179,6.083122407173179,0.4065986050708381,40.65986050708381
7604,"Aluminum Bars, Rods And Profiles",5,Ecuador,0.05650195985641383,5.650195985641384,0.2254152618542164,22.541526185421638
7604,"Aluminum Bars, Rods And Profiles",6,Indonesia,0.052005510137076376,5.200551013707638,0.4050923846579861,40.50923846579861
7604,"Aluminum Bars, Rods And Profiles",7,Germany,0.05082744000208874,5.082744000208874,0.3881648868576579,38.81648868576579
7604,"Aluminum Bars, Rods And Profiles",8,Dominican Republic,0.04152059626872738,4.152059626872738,0.3653673484357962,36.53673484357962
7604,"Aluminum Bars, Rods And Profiles",9,Honduras,0.031061473220493015,3.1061473220493014,0.3290418023016029,32.90418023016029
7604,"Aluminum Bars, Rods And Profiles",10,Italy,0.028908651653215107,2.890865165321511,0.3606490840692561,36.06490840692561
7605,Aluminum Wire,1,Canada,0.6816067433288502,68.16067433288502,0.327249844441576,32.7249844441576
7605,Aluminum Wire,2,Bahrain,0.11944468827202191,11.944468827202192,0.291014518623428,29.1014518623428
7605,Aluminum Wire,3,India,0.11121965316369582,11.121965316369582,0.38725636960984,38.725636960984
7605,Aluminum Wire,4,Argentina,0.030410573254992114,3.0410573254992115,0.1909704387883485,19.09704387883485
7605,Aluminum Wire,5,Russia,0.016991141215644243,1.6991141215644243,,
7605,Aluminum Wire,6,Spain,0.013530842737251919,1.3530842737251918,0.3275259506218029,32.75259506218029
7605,Aluminum Wire,7,Netherlands,0.009265483072421402,0.9265483072421402,0.2842605013488961,28.426050134889607
7605,Aluminum Wire,8,Oman,0.006922896248837716,0.6922896248837715,0.4042629001912354,40.42629001912354
7605,Aluminum Wire,9,China,0.006426263333149321,0.6426263333149321,0.7485805044664632,74.85805044664632
7605,Aluminum Wire,10,Japan,0.0041817153731354495,0.41817153731354495,0.4052130314161281,40.521303141612805
7606,"Aluminum Plates, Sheets & Strip Over .2mm Thick",1,"Korea, South",0.2038885642829418,20.38885642829418,0.3504622784542319,35.04622784542319
7606,"Aluminum Plates, Sheets & Strip Over .2mm Thick",2,Canada,0.20022274807793866,20.022274807793867,0.2808868005028996,28.08868005028996
7606,"Aluminum Plates, Sheets & Strip Over .2mm Thick",3,China,0.17917879647156465,17.917879647156465,0.6834759466417796,68.34759466417796
7606,"Aluminum Plates, Sheets & Strip Over .2mm Thick",4,Oman,0.09583806517883604,9.583806517883604,0.3003506124691533,30.03506124691533
7606,"Aluminum Plates, Sheets & Strip Over .2mm Thick",5,Thailand,0.06332299059271809,6.33229905927181,0.1971523901937901,19.71523901937901
7606,"Aluminum Plates, Sheets & Strip Over .2mm Thick",6,Austria,0.06015493463887921,6.01549346388792,0.313356911859495,31.3356911859495
7606,"Aluminum Plates, Sheets & Strip Over .2mm Thick",7,Saudi Arabia,0.056193181306086304,5.61931813060863,0.1764914588091969,17.64914588091969
7606,"Aluminum Plates, Sheets & Strip Over .2mm Thick",8,Greece,0.05494716973145582,5.494716973145581,0.2825738296321478,28.257382963214777
7606,"Aluminum Plates, Sheets & Strip Over .2mm Thick",9,Bahrain,0.043371237274596006,4.3371237274596,0.214192004460907,21.4192004460907
7606,"Aluminum Plates, Sheets & Strip Over .2mm Thick",10,South Africa,0.0428823124449834,4.28823124449834,0.3680999605206232,36.809996052062324
7607,Aluminum Foil (back Or Not) Nov .2mm Th (ex Back),1,China,0.19973037710066752,19.97303771006675,0.5371459392647154,53.714593926471544
7607,Aluminum Foil (back Or Not) Nov .2mm Th (ex Back),2,"Korea, South",0.15595193772691415,15.595193772691415,0.1983710063524299,19.83710063524299
7607,Aluminum Foil (back Or Not) Nov .2mm Th (ex Back),3,Germany,0.1519855812698278,15.19855812698278,0.3054329721849033,30.543297218490327
7607,Aluminum Foil (back Or Not) Nov .2mm Th (ex Back),4,Thailand,0.14796623151227678,14.796623151227678,0.2616769780222369,26.16769780222369
7607,Aluminum Foil (back Or Not) Nov .2mm Th (ex Back),5,Turkey,0.08590092541787524,8.590092541787524,0.2272127366492854,22.72127366492854
7607,Aluminum Foil (back Or Not) Nov .2mm Th (ex Back),6,Italy,0.06691813956020998,6.691813956020997,0.2967695510392966,29.676955103929657
7607,Aluminum Foil (back Or Not) Nov .2mm Th (ex Back),7,India,0.0661039296946947,6.610392969469469,0.2803025579823183,28.030255798231828
7607,Aluminum Foil (back Or Not) Nov .2mm Th (ex Back),8,Brazil,0.050739328921052936,5.073932892105294,0.1691734511627131,16.91734511627131
7607,Aluminum Foil (back Or Not) Nov .2mm Th (ex Back),9,France,0.03821211880736223,3.821211880736223,0.2749797706157218,27.497977061572183
7607,Aluminum Foil (back Or Not) Nov .2mm Th (ex Back),10,Greece,0.03649142998911863,3.6491429989118633,0.2307565518464043,23.075655184640432
7608,Aluminum Tubes And Pipes,1,Mexico,0.38155063456703164,38.15506345670316,0.1968747679300726,19.68747679300726
7608,Aluminum Tubes And Pipes,2,Germany,0.22681398369342265,22.681398369342265,0.4337779493750147,43.37779493750147
7608,Aluminum Tubes And Pipes,3,Canada,0.06545711325467907,6.545711325467907,0.2165740990282669,21.65740990282669
7608,Aluminum Tubes And Pipes,4,Taiwan,0.06368244720521628,6.368244720521628,0.4021876251318692,40.21876251318692
7608,Aluminum Tubes And Pipes,5,Japan,0.05043133901450156,5.0431339014501555,0.3243797794670225,32.437977946702254
7608,Aluminum Tubes And Pipes,6,"Korea, South",0.05009551505679925,5.009551505679926,0.386025737024284,38.6025737024284
7608,Aluminum Tubes And Pipes,7,Italy,0.04338277469947276,4.338277469947276,0.3282894638481967,32.828946384819666
7608,Aluminum Tubes And Pipes,8,Vietnam,0.04288074617942719,4.288074617942719,0.3437099026723898,34.37099026723898
7608,Aluminum Tubes And Pipes,9,China,0.04160291530485683,4.160291530485683,0.7280803324168523,72.80803324168524
7608,Aluminum Tubes And Pipes,10,Turkey,0.03410253102459275,3.410253102459275,0.4444801465213235,44.44801465213235
7609,Aluminum Tube Or Pipe Fittings,1,China,0.36790400538759377,36.79040053875938,0.7738806745003947,77.38806745003947
7609,Aluminum Tube Or Pipe Fittings,2,India,0.15990130607727213,15.990130607727213,0.3224307889024827,32.24307889024827
7609,Aluminum Tube Or Pipe Fittings,3,Mexico,0.15835702084513525,15.835702084513525,0.2744461966040509,27.44461966040509
7609,Aluminum Tube Or Pipe Fittings,4,Canada,0.10069360069937604,10.069360069937604,0.2976296938130779,29.76296938130779
7609,Aluminum Tube Or Pipe Fittings,5,Vietnam,0.04987210549613296,4.987210549613296,0.3832874651288396,38.32874651288396
7609,Aluminum Tube Or Pipe Fittings,6,Taiwan,0.047413461583643665,4.741346158364366,0.3688283984342199,36.88283984342199
7609,Aluminum Tube Or Pipe Fittings,7,United Kingdom,0.04150021592388486,4.150021592388486,0.1525738794282613,15.257387942826131
7609,Aluminum Tube Or Pipe Fittings,8,Spain,0.02961201932730687,2.961201932730687,0.4456551013695909,44.56551013695909
7609,Aluminum Tube Or Pipe Fittings,9,Germany,0.02436194763599772,2.4361947635997723,0.3366757742763973,33.66757742763973
7609,Aluminum Tube Or Pipe Fittings,10,France,0.020384317023656725,2.0384317023656724,0.3394519716002828,33.94519716002828
7610,Aluminum Structures Nesoi (no Prefab) & Parts Of,1,Canada,0.3148105482499474,31.481054824994743,0.1264643343757678,12.646433437576778
7610,Aluminum Structures Nesoi (no Prefab) & Parts Of,2,Colombia,0.2480222416946417,24.80222416946417,0.0253140000025933,2.53140000025933
7610,Aluminum Structures Nesoi (no Prefab) & Parts Of,3,China,0.1298278000523166,12.982780005231659,0.5201854886060242,52.01854886060242
7610,Aluminum Structures Nesoi (no Prefab) & Parts Of,4,Mexico,0.11732701312391722,11.732701312391722,0.1362155107307487,13.621551073074869
7610,Aluminum Structures Nesoi (no Prefab) & Parts Of,5,Vietnam,0.04594614469682464,4.5946144696824645,0.3246176058111833,32.461760581118334
7610,Aluminum Structures Nesoi (no Prefab) & Parts Of,6,Italy,0.035101254259952544,3.5101254259952546,0.2783000332139557,27.83000332139557
7610,Aluminum Structures Nesoi (no Prefab) & Parts Of,7,Poland,0.033059155741512136,3.3059155741512134,0.2832624152312756,28.32624152312756
7610,Aluminum Structures Nesoi (no Prefab) & Parts Of,8,Germany,0.03206261993518128,3.206261993518128,0.2982885295843165,29.82885295843165
7610,Aluminum Structures Nesoi (no Prefab) & Parts Of,9,"Korea, South",0.02458265072649301,2.4582650726493007,0.2988380259455471,29.88380259455471
7610,Aluminum Structures Nesoi (no Prefab) & Parts Of,10,India,0.019260571519213423,1.9260571519213423,0.3750924764268056,37.50924764268056
7611,"Tanks Etc, Over 300 Liter Capacity, Aluminum",1,Netherlands,0.3454638296771567,34.54638296771567,0.0426878328019135,4.26878328019135
7611,"Tanks Etc, Over 300 Liter Capacity, Aluminum",2,Canada,0.2121243735742791,21.21243735742791,0.0341896425069027,3.4189642506902698
7611,"Tanks Etc, Over 300 Liter Capacity, Aluminum",3,Germany,0.16142595528063342,16.142595528063342,0.0256068252960769,2.56068252960769
7611,"Tanks Etc, Over 300 Liter Capacity, Aluminum",4,China,0.11689966709713082,11.689966709713081,0.3996496798798902,39.96496798798902
7611,"Tanks Etc, Over 300 Liter Capacity, Aluminum",5,Mexico,0.07506990646778493,7.506990646778493,0.0015556673713474,0.15556673713474
7611,"Tanks Etc, Over 300 Liter Capacity, Aluminum",6,"Korea, South",0.026995135042314194,2.6995135042314193,0.0247522844875041,2.4752284487504097
7611,"Tanks Etc, Over 300 Liter Capacity, Aluminum",7,Belgium,0.02226903704234815,2.226903704234815,0.1419554320758461,14.19554320758461
7611,"Tanks Etc, Over 300 Liter Capacity, Aluminum",8,United Kingdom,0.020387259611061657,2.0387259611061657,0.1021722216757138,10.21722216757138
7611,"Tanks Etc, Over 300 Liter Capacity, Aluminum",9,Brazil,0.009707332877342954,0.9707332877342955,0.2501228695996829,25.01228695996829
7611,"Tanks Etc, Over 300 Liter Capacity, Aluminum",10,Italy,0.009657503329947937,0.9657503329947936,0.0047500163293151,0.47500163293151
7612,"Aluminum Casks, Cans Etc Nov 300 Liter Capacity",1,Mexico,0.5105685978006737,51.05685978006736,0.1881562503098615,18.815625030986148
7612,"Aluminum Casks, Cans Etc Nov 300 Liter Capacity",2,Canada,0.10475127258497802,10.475127258497801,0.0400568636191714,4.00568636191714
7612,"Aluminum Casks, Cans Etc Nov 300 Liter Capacity",3,China,0.08946146691903609,8.946146691903609,0.7188395209816113,71.88395209816113
7612,"Aluminum Casks, Cans Etc Nov 300 Liter Capacity",4,Germany,0.06716315739554043,6.716315739554044,0.1851739764083246,18.51739764083246
7612,"Aluminum Casks, Cans Etc Nov 300 Liter Capacity",5,France,0.047418314651953376,4.741831465195338,0.2693771730289174,26.93771730289174
7612,"Aluminum Casks, Cans Etc Nov 300 Liter Capacity",6,Chile,0.041679495082593665,4.167949508259366,0.1577450454506269,15.77450454506269
7612,"Aluminum Casks, Cans Etc Nov 300 Liter Capacity",7,Italy,0.041252089766907835,4.125208976690783,0.0375616886772493,3.7561688677249303
7612,"Aluminum Casks, Cans Etc Nov 300 Liter Capacity",8,Austria,0.037720678695755225,3.7720678695755225,0.281615881024548,28.1615881024548
7612,"Aluminum Casks, Cans Etc Nov 300 Liter Capacity",9,India,0.037304300832582356,3.7304300832582356,0.2250244824346224,22.50244824346224
7612,"Aluminum Casks, Cans Etc Nov 300 Liter Capacity",10,United Arab Emirates,0.0226806262699794,2.26806262699794,0.3170086218185076,31.70086218185076
7613,Aluminum Containers For Compressed Or Liquefid Gas,1,Canada,0.2099245830256163,20.99245830256163,0.0035460492434536,0.35460492434536
7613,Aluminum Containers For Compressed Or Liquefid Gas,2,Israel,0.1716139459864181,17.16139459864181,0.2297910116907321,22.97910116907321
7613,Aluminum Containers For Compressed Or Liquefid Gas,3,Taiwan,0.17097911906141633,17.097911906141633,0.2084240477137043,20.84240477137043
7613,Aluminum Containers For Compressed Or Liquefid Gas,4,United Kingdom,0.1670639969052866,16.70639969052866,0.1163880696574432,11.638806965744319
7613,Aluminum Containers For Compressed Or Liquefid Gas,5,China,0.11939133398869667,11.939133398869666,0.4248514641742851,42.48514641742851
7613,Aluminum Containers For Compressed Or Liquefid Gas,6,Thailand,0.08772376773873133,8.772376773873134,0.2114994663466201,21.149946634662008
7613,Aluminum Containers For Compressed Or Liquefid Gas,7,Mexico,0.03114808480197056,3.114808480197056,0.0622178248828262,6.22178248828262
7613,Aluminum Containers For Compressed Or Liquefid Gas,8,Germany,0.01731623869995732,1.7316238699957318,0.1775577402446772,17.75577402446772
7613,Aluminum Containers For Compressed Or Liquefid Gas,9,"Korea, South",0.015364222264233967,1.5364222264233967,0.0789369877223992,7.89369877223992
7613,Aluminum Containers For Compressed Or Liquefid Gas,10,France,0.009474707527672844,0.9474707527672843,0.1375616828272348,13.756168282723479
7614,"Stranded Wire, Cables Etc, Aluminum, No Elec Insul",1,India,0.32268882838195423,32.268882838195424,0.2330338182532044,23.30338182532044
7614,"Stranded Wire, Cables Etc, Aluminum, No Elec Insul",2,Mexico,0.23626983876985294,23.626983876985292,0.178405741926008,17.8405741926008
7614,"Stranded Wire, Cables Etc, Aluminum, No Elec Insul",3,Bahrain,0.19710376382862804,19.710376382862805,0.193059882591374,19.3059882591374
7614,"Stranded Wire, Cables Etc, Aluminum, No Elec Insul",4,Canada,0.09343388460781263,9.343388460781263,0.292370843517893,29.2370843517893
7614,"Stranded Wire, Cables Etc, Aluminum, No Elec Insul",5,Brazil,0.05407216879364044,5.407216879364044,0.4644638330961744,46.44638330961744
7614,"Stranded Wire, Cables Etc, Aluminum, No Elec Insul",6,Turkey,0.05345049701631323,5.345049701631323,0.2500813333870805,25.00813333870805
7614,"Stranded Wire, Cables Etc, Aluminum, No Elec Insul",7,Vietnam,0.014784357014979752,1.4784357014979752,0.4172862237868118,41.72862237868118
7614,"Stranded Wire, Cables Etc, Aluminum, No Elec Insul",8,Cambodia,0.014657773035710624,1.4657773035710624,0.1818753725318907,18.18753725318907
7614,"Stranded Wire, Cables Etc, Aluminum, No Elec Insul",9,Italy,0.006878544184726907,0.6878544184726907,0.4266425427732426,42.66425427732426
7614,"Stranded Wire, Cables Etc, Aluminum, No Elec Insul",10,Belgium,0.006660344366381297,0.6660344366381297,0.3526355898547769,35.26355898547769
7615,"Household Art Etc, Pot Scour Etc, San Wr, Aluminum",1,China,0.7041714986894734,70.41714986894733,0.3802825634705167,38.028256347051666
7615,"Household Art Etc, Pot Scour Etc, San Wr, Aluminum",2,Thailand,0.08377120529648377,8.377120529648376,0.2512834108493992,25.12834108493992
7615,"Household Art Etc, Pot Scour Etc, San Wr, Aluminum",3,Vietnam,0.06601379199345671,6.601379199345671,0.2305822075856931,23.05822075856931
7615,"Household Art Etc, Pot Scour Etc, San Wr, Aluminum",4,India,0.04055388632848359,4.055388632848359,0.3669568829803525,36.69568829803525
7615,"Household Art Etc, Pot Scour Etc, San Wr, Aluminum",5,Brazil,0.0377713003161044,3.77713003161044,0.2805384954083157,28.05384954083157
7615,"Household Art Etc, Pot Scour Etc, San Wr, Aluminum",6,Italy,0.028214541566245206,2.8214541566245206,0.3127548170173997,31.27548170173997
7615,"Household Art Etc, Pot Scour Etc, San Wr, Aluminum",7,Canada,0.015437833266361455,1.5437833266361456,0.1504111588533742,15.041115885337419
7615,"Household Art Etc, Pot Scour Etc, San Wr, Aluminum",8,Indonesia,0.008971465918343014,0.8971465918343015,0.3379402207810367,33.794022078103666
7615,"Household Art Etc, Pot Scour Etc, San Wr, Aluminum",9,"Korea, South",0.007643537763972974,0.7643537763972974,0.3264497997181926,32.64497997181926
7615,"Household Art Etc, Pot Scour Etc, San Wr, Aluminum",10,Colombia,0.007450938861075451,0.7450938861075451,0.2461358528954414,24.61358528954414
7616,Articles Of Aluminum Nesoi,1,China,0.3048352458377947,30.48352458377947,0.6101736561364902,61.01736561364902
7616,Articles Of Aluminum Nesoi,2,Mexico,0.25354759613911476,25.354759613911476,0.1732644148868416,17.32644148868416
7616,Articles Of Aluminum Nesoi,3,Canada,0.12961202028432886,12.961202028432886,0.1817322234474467,18.17322234474467
7616,Articles Of Aluminum Nesoi,4,Taiwan,0.06388654053803751,6.388654053803751,0.2718327327024262,27.18327327024262
7616,Articles Of Aluminum Nesoi,5,Germany,0.06250675854564285,6.250675854564284,0.2489268093102268,24.892680931022678
7616,Articles Of Aluminum Nesoi,6,Vietnam,0.062469964770071974,6.2469964770071975,0.2771021981923484,27.710219819234837
7616,Articles Of Aluminum Nesoi,7,India,0.048628597284714206,4.86285972847142,0.3108735755262003,31.08735755262003
7616,Articles Of Aluminum Nesoi,8,France,0.028539361225848693,2.8539361225848694,0.1317057616663175,13.17057616663175
7616,Articles Of Aluminum Nesoi,9,"Korea, South",0.02513535297568388,2.5135352975683882,0.2618194512309259,26.181945123092593
7616,Articles Of Aluminum Nesoi,10,Japan,0.020838562398762594,2.0838562398762592,0.2746054628245092,27.46054628245092
8201,"Handtools & Tools Used In Agricult Etc, B Met Pts",1,China,0.34331662053343576,34.33166205334358,0.4424579661487163,44.24579661487163
8201,"Handtools & Tools Used In Agricult Etc, B Met Pts",2,Mexico,0.23324555667248525,23.324555667248525,0.0117092670693405,1.1709267069340499
8201,"Handtools & Tools Used In Agricult Etc, B Met Pts",3,Vietnam,0.14367012131277726,14.367012131277725,0.1111758925398171,11.117589253981711
8201,"Handtools & Tools Used In Agricult Etc, B Met Pts",4,Taiwan,0.11117135559295398,11.117135559295397,0.1121125498579461,11.211254985794609
8201,"Handtools & Tools Used In Agricult Etc, B Met Pts",5,Brazil,0.0685625658138906,6.85625658138906,0.1105104417523401,11.05104417523401
8201,"Handtools & Tools Used In Agricult Etc, B Met Pts",6,India,0.03753854356491873,3.753854356491873,0.1878327557310113,18.78327557310113
8201,"Handtools & Tools Used In Agricult Etc, B Met Pts",7,Switzerland,0.02121042858343899,2.121042858343899,0.1041248669808227,10.41248669808227
8201,"Handtools & Tools Used In Agricult Etc, B Met Pts",8,Japan,0.015699624190128866,1.5699624190128867,0.0952251450015375,9.52251450015375
8201,"Handtools & Tools Used In Agricult Etc, B Met Pts",9,Finland,0.013679395338509986,1.3679395338509985,0.113393270145217,11.3393270145217
8201,"Handtools & Tools Used In Agricult Etc, B Met Pts",10,Germany,0.011905788397460615,1.1905788397460615,0.086899094306589,8.6899094306589
8202,Handsaws & Met Pts; Saw Blades; Base Mtl Saw Parts,1,Switzerland,0.22950576794397182,22.950576794397183,0.1287739694586876,12.87739694586876
8202,Handsaws & Met Pts; Saw Blades; Base Mtl Saw Parts,2,China,0.1790668910680663,17.90668910680663,0.4425498097442204,44.25498097442204
8202,Handsaws & Met Pts; Saw Blades; Base Mtl Saw Parts,3,Italy,0.14941063689358663,14.941063689358664,0.0754724536791342,7.54724536791342
8202,Handsaws & Met Pts; Saw Blades; Base Mtl Saw Parts,4,Thailand,0.0915566881988488,9.15566881988488,0.0829239020643674,8.292390206436739
8202,Handsaws & Met Pts; Saw Blades; Base Mtl Saw Parts,5,Vietnam,0.07678868334986406,7.678868334986406,0.0919821769385633,9.19821769385633
8202,Handsaws & Met Pts; Saw Blades; Base Mtl Saw Parts,6,Germany,0.07170874066531947,7.1708740665319475,0.0868817633196195,8.68817633196195
8202,Handsaws & Met Pts; Saw Blades; Base Mtl Saw Parts,7,Japan,0.061232969889271696,6.123296988927169,0.0729928683602875,7.29928683602875
8202,Handsaws & Met Pts; Saw Blades; Base Mtl Saw Parts,8,Canada,0.052533997680244,5.2533997680244,0.0067953002117428,0.67953002117428
8202,Handsaws & Met Pts; Saw Blades; Base Mtl Saw Parts,9,"Korea, South",0.047865542324322205,4.786554232432221,0.0827771854360936,8.27771854360936
8202,Handsaws & Met Pts; Saw Blades; Base Mtl Saw Parts,10,Taiwan,0.040330081986504944,4.033008198650494,0.0897172154283087,8.97172154283087
8203,"Files, Rasps, Pliers, Metalcut Shears Etc, B Mt Pt",1,China,0.4058001901444303,40.58001901444303,0.5176756216399067,51.76756216399067
8203,"Files, Rasps, Pliers, Metalcut Shears Etc, B Mt Pt",2,Taiwan,0.20705795993406315,20.705795993406316,0.1589080396818776,15.890803968187761
8203,"Files, Rasps, Pliers, Metalcut Shears Etc, B Mt Pt",3,Vietnam,0.15168205103915866,15.168205103915867,0.1665302835903943,16.65302835903943
8203,"Files, Rasps, Pliers, Metalcut Shears Etc, B Mt Pt",4,Germany,0.08194274488447006,8.194274488447007,0.1193532189815139,11.93532189815139
8203,"Files, Rasps, Pliers, Metalcut Shears Etc, B Mt Pt",5,India,0.03910185224803622,3.910185224803622,0.2054034107706105,20.54034107706105
8203,"Files, Rasps, Pliers, Metalcut Shears Etc, B Mt Pt",6,Switzerland,0.03718923484186066,3.718923484186066,0.1713540083561,17.13540083561
8203,"Files, Rasps, Pliers, Metalcut Shears Etc, B Mt Pt",7,Mexico,0.02173161512351776,2.173161512351776,0.0093855425675487,0.9385542567548699
8203,"Files, Rasps, Pliers, Metalcut Shears Etc, B Mt Pt",8,Japan,0.021265220689569694,2.1265220689569695,0.1196468045378518,11.96468045378518
8203,"Files, Rasps, Pliers, Metalcut Shears Etc, B Mt Pt",9,Spain,0.018093065846452254,1.8093065846452254,0.1283299490012121,12.83299490012121
8203,"Files, Rasps, Pliers, Metalcut Shears Etc, B Mt Pt",10,Italy,0.01613606524844131,1.6136065248441311,0.0861219486039893,8.612194860398931
8204,"Hand-operated Spanners & Wrenches Etc, B Met Parts",1,Taiwan,0.47723256511223805,47.7232565112238,0.1864851823188079,18.64851823188079
8204,"Hand-operated Spanners & Wrenches Etc, B Met Parts",2,China,0.2729168338875372,27.291683388753718,0.5370504748342217,53.70504748342218
8204,"Hand-operated Spanners & Wrenches Etc, B Met Parts",3,Vietnam,0.08458968221482924,8.458968221482923,0.1878724877866279,18.78724877866279
8204,"Hand-operated Spanners & Wrenches Etc, B Met Parts",4,India,0.06342263683512263,6.342263683512263,0.2570989440259394,25.709894402593942
8204,"Hand-operated Spanners & Wrenches Etc, B Met Parts",5,Germany,0.04365845509774321,4.365845509774321,0.1475207942123243,14.75207942123243
8204,"Hand-operated Spanners & Wrenches Etc, B Met Parts",6,Spain,0.014991367573789001,1.4991367573789,0.1441537062742907,14.41537062742907
8204,"Hand-operated Spanners & Wrenches Etc, B Met Parts",7,Mexico,0.014751955442474471,1.4751955442474471,0.0341977085132568,3.41977085132568
8204,"Hand-operated Spanners & Wrenches Etc, B Met Parts",8,Czech Republic,0.011420872327439654,1.1420872327439653,0.1387994959780587,13.87994959780587
8204,"Hand-operated Spanners & Wrenches Etc, B Met Parts",9,Thailand,0.009190460574654832,0.9190460574654832,0.2041218790616981,20.41218790616981
8204,"Hand-operated Spanners & Wrenches Etc, B Met Parts",10,"Korea, South",0.007825170934171715,0.7825170934171715,0.1589539113629068,15.895391136290678
8205,Handtools Nesoi; Blow Torches Etc; Anvils Etc,1,China,0.4372404476820242,43.72404476820242,0.4756840021074206,47.56840021074206
8205,Handtools Nesoi; Blow Torches Etc; Anvils Etc,2,Taiwan,0.26629044557206066,26.629044557206065,0.147075735587515,14.7075735587515
8205,Handtools Nesoi; Blow Torches Etc; Anvils Etc,3,Mexico,0.06489828086868858,6.489828086868858,0.0484453386855103,4.8445338685510295
8205,Handtools Nesoi; Blow Torches Etc; Anvils Etc,4,Vietnam,0.054422037645451185,5.442203764545119,0.1654630988382575,16.54630988382575
8205,Handtools Nesoi; Blow Torches Etc; Anvils Etc,5,India,0.05316050486260821,5.3160504862608216,0.2014784973851313,20.14784973851313
8205,Handtools Nesoi; Blow Torches Etc; Anvils Etc,6,Germany,0.04045739723046718,4.045739723046718,0.1370090882765371,13.70090882765371
8205,Handtools Nesoi; Blow Torches Etc; Anvils Etc,7,Canada,0.03437394952228274,3.437394952228274,0.0595302977669431,5.9530297766943105
8205,Handtools Nesoi; Blow Torches Etc; Anvils Etc,8,Japan,0.017155821431632603,1.7155821431632603,0.1446655930382558,14.46655930382558
8205,Handtools Nesoi; Blow Torches Etc; Anvils Etc,9,Thailand,0.016294261457559082,1.6294261457559083,0.1882320130016731,18.823201300167312
8205,Handtools Nesoi; Blow Torches Etc; Anvils Etc,10,Austria,0.015706853727225564,1.5706853727225565,0.0868979318178155,8.68979318178155
8206,"Tools Of 2 Om Of Hdg 8202-8205, Sts Fr Rtail Sale",1,China,0.5191246055577298,51.912460555772974,0.1302341463308606,13.02341463308606
8206,"Tools Of 2 Om Of Hdg 8202-8205, Sts Fr Rtail Sale",2,Taiwan,0.3439705836478589,34.397058364785885,0.1467604913271661,14.67604913271661
8206,"Tools Of 2 Om Of Hdg 8202-8205, Sts Fr Rtail Sale",3,Vietnam,0.08071790993228023,8.071790993228023,0.1992150315890706,19.92150315890706
8206,"Tools Of 2 Om Of Hdg 8202-8205, Sts Fr Rtail Sale",4,Germany,0.020773736092943803,2.0773736092943804,0.084168125027023,8.416812502702301
8206,"Tools Of 2 Om Of Hdg 8202-8205, Sts Fr Rtail Sale",5,Netherlands,0.009808310678845892,0.9808310678845892,0.0732380720895282,7.323807208952821
8206,"Tools Of 2 Om Of Hdg 8202-8205, Sts Fr Rtail Sale",6,United Kingdom,0.0077878528749863365,0.7787852874986336,0.028805909118138,2.8805909118138002
8206,"Tools Of 2 Om Of Hdg 8202-8205, Sts Fr Rtail Sale",7,"Korea, South",0.006754912739179489,0.6754912739179489,0.0158217463759257,1.58217463759257
8206,"Tools Of 2 Om Of Hdg 8202-8205, Sts Fr Rtail Sale",8,Thailand,0.0056599327186387365,0.5659932718638736,0.1725574299446882,17.25574299446882
8206,"Tools Of 2 Om Of Hdg 8202-8205, Sts Fr Rtail Sale",9,Japan,0.003386340241634275,0.33863402416342747,0.2089471194167867,20.894711941678672
8206,"Tools Of 2 Om Of Hdg 8202-8205, Sts Fr Rtail Sale",10,India,0.0020158155159025223,0.20158155159025223,0.0815520477020749,8.15520477020749
8207,"Interchange Tools For Hand- Or Machine-tools, Bmpt",1,China,0.21584686885327162,21.584686885327162,0.5101681722516084,51.016817225160835
8207,"Interchange Tools For Hand- Or Machine-tools, Bmpt",2,Germany,0.1911737774832568,19.11737774832568,0.1224148652765131,12.24148652765131
8207,"Interchange Tools For Hand- Or Machine-tools, Bmpt",3,Japan,0.17575827910476358,17.575827910476356,0.0965310542893022,9.65310542893022
8207,"Interchange Tools For Hand- Or Machine-tools, Bmpt",4,"Korea, South",0.1128216491573246,11.282164915732459,0.0995411928772004,9.95411928772004
8207,"Interchange Tools For Hand- Or Machine-tools, Bmpt",5,Canada,0.1009904713272375,10.09904713272375,0.0246352011241158,2.46352011241158
8207,"Interchange Tools For Hand- Or Machine-tools, Bmpt",6,Taiwan,0.06323381561565156,6.323381561565156,0.1431132275220621,14.311322752206209
8207,"Interchange Tools For Hand- Or Machine-tools, Bmpt",7,Italy,0.044216535657055765,4.421653565705577,0.1180516880549069,11.80516880549069
8207,"Interchange Tools For Hand- Or Machine-tools, Bmpt",8,Mexico,0.04227705405485101,4.227705405485101,0.019348179587049,1.9348179587049
8207,"Interchange Tools For Hand- Or Machine-tools, Bmpt",9,India,0.02763217883424974,2.763217883424974,0.2276849467911323,22.76849467911323
8207,"Interchange Tools For Hand- Or Machine-tools, Bmpt",10,Vietnam,0.02604936991233777,2.604936991233777,0.1429498130614252,14.294981306142521
8208,"Knives & Blades For Machines & Appliances, B Mt Pt",1,Germany,0.2603696696186984,26.03696696186984,0.0857616267042507,8.57616267042507
8208,"Knives & Blades For Machines & Appliances, B Mt Pt",2,China,0.1628807694194307,16.288076941943068,0.4549318759907133,45.49318759907133
8208,"Knives & Blades For Machines & Appliances, B Mt Pt",3,Japan,0.1038962784081745,10.38962784081745,0.087961536937777,8.7961536937777
8208,"Knives & Blades For Machines & Appliances, B Mt Pt",4,Austria,0.09096631565260882,9.096631565260882,0.0768988356194846,7.68988356194846
8208,"Knives & Blades For Machines & Appliances, B Mt Pt",5,Canada,0.088803050460549,8.8803050460549,0.0282570717544506,2.8257071754450602
8208,"Knives & Blades For Machines & Appliances, B Mt Pt",6,Vietnam,0.06609063979982853,6.609063979982853,0.0878987298851193,8.78987298851193
8208,"Knives & Blades For Machines & Appliances, B Mt Pt",7,Switzerland,0.06314321100504644,6.314321100504644,0.1399091919354868,13.99091919354868
8208,"Knives & Blades For Machines & Appliances, B Mt Pt",8,Italy,0.0562274497414715,5.6227449741471505,0.0931919324375756,9.31919324375756
8208,"Knives & Blades For Machines & Appliances, B Mt Pt",9,United Kingdom,0.05437617452925565,5.437617452925565,0.0725650730940209,7.25650730940209
8208,"Knives & Blades For Machines & Appliances, B Mt Pt",10,India,0.053246441364936455,5.324644136493646,0.1745026917992745,17.45026917992745
8209,"Plates, Sticks Tips Etc F Tools Unmntd Of Cermets",1,Israel,0.20396676565108585,20.396676565108585,0.1273667040858022,12.73667040858022
8209,"Plates, Sticks Tips Etc F Tools Unmntd Of Cermets",2,Japan,0.16929521990838325,16.929521990838325,0.1099645184205862,10.99645184205862
8209,"Plates, Sticks Tips Etc F Tools Unmntd Of Cermets",3,Sweden,0.16631847150025825,16.631847150025823,0.1140405055218741,11.40405055218741
8209,"Plates, Sticks Tips Etc F Tools Unmntd Of Cermets",4,Germany,0.15791614664816755,15.791614664816755,0.1218649473454354,12.18649473454354
8209,"Plates, Sticks Tips Etc F Tools Unmntd Of Cermets",5,India,0.07307455894986493,7.307455894986494,0.2146144223829717,21.46144223829717
8209,"Plates, Sticks Tips Etc F Tools Unmntd Of Cermets",6,"Korea, South",0.06406830354603803,6.406830354603803,0.0865753892445411,8.65753892445411
8209,"Plates, Sticks Tips Etc F Tools Unmntd Of Cermets",7,China,0.06294760258642747,6.2947602586427465,0.5168117673882273,51.68117673882273
8209,"Plates, Sticks Tips Etc F Tools Unmntd Of Cermets",8,Thailand,0.03849315152186345,3.849315152186345,0.0457466851318831,4.57466851318831
8209,"Plates, Sticks Tips Etc F Tools Unmntd Of Cermets",9,Mexico,0.033597031939607204,3.3597031939607205,0.0037007952957382,0.37007952957382
8209,"Plates, Sticks Tips Etc F Tools Unmntd Of Cermets",10,Austria,0.0303227477483041,3.03227477483041,0.1205276087847982,12.05276087847982
8210,"Hnd-op Mech Appl 10kg Or Lss,fd/drk Prp/con/srv Pt",1,China,0.7395842251164997,73.95842251164997,0.5164276688435298,51.64276688435297
8210,"Hnd-op Mech Appl 10kg Or Lss,fd/drk Prp/con/srv Pt",2,Portugal,0.06948741347480826,6.948741347480826,0.0947432977647633,9.47432977647633
8210,"Hnd-op Mech Appl 10kg Or Lss,fd/drk Prp/con/srv Pt",3,Taiwan,0.04842125642904221,4.842125642904221,0.1181021003373423,11.81021003373423
8210,"Hnd-op Mech Appl 10kg Or Lss,fd/drk Prp/con/srv Pt",4,France,0.03994294878642422,3.9942948786424224,0.1128816420365706,11.28816420365706
8210,"Hnd-op Mech Appl 10kg Or Lss,fd/drk Prp/con/srv Pt",5,Italy,0.032077500308594194,3.2077500308594193,0.1077003447036234,10.77003447036234
8210,"Hnd-op Mech Appl 10kg Or Lss,fd/drk Prp/con/srv Pt",6,Colombia,0.023594756369815197,2.3594756369815197,0.0705009509957484,7.05009509957484
8210,"Hnd-op Mech Appl 10kg Or Lss,fd/drk Prp/con/srv Pt",7,United Kingdom,0.013631756797182953,1.3631756797182955,0.1023420438286015,10.23420438286015
8210,"Hnd-op Mech Appl 10kg Or Lss,fd/drk Prp/con/srv Pt",8,Czech Republic,0.013136976224974136,1.3136976224974137,0.0827804972304521,8.278049723045209
8210,"Hnd-op Mech Appl 10kg Or Lss,fd/drk Prp/con/srv Pt",9,Mexico,0.010105368732882019,1.0105368732882019,0.0015675747169792,0.15675747169791998
8210,"Hnd-op Mech Appl 10kg Or Lss,fd/drk Prp/con/srv Pt",10,Thailand,0.01001779775977709,1.001779775977709,0.141063685858944,14.1063685858944
8211,"Knives With Blades & Blades For Knives Nesoi, Bmpt",1,China,0.6359222340486346,63.59222340486346,0.3119365349534553,31.19365349534553
8211,"Knives With Blades & Blades For Knives Nesoi, Bmpt",2,Taiwan,0.08148923292497211,8.14892329249721,0.155092597593448,15.5092597593448
8211,"Knives With Blades & Blades For Knives Nesoi, Bmpt",3,Germany,0.06954199108489657,6.954199108489657,0.1278867947570024,12.78867947570024
8211,"Knives With Blades & Blades For Knives Nesoi, Bmpt",4,Japan,0.062146804464041715,6.214680446404172,0.1728877389872095,17.28877389872095
8211,"Knives With Blades & Blades For Knives Nesoi, Bmpt",5,Vietnam,0.055011352213723747,5.501135221372374,0.2392034361019509,23.92034361019509
8211,"Knives With Blades & Blades For Knives Nesoi, Bmpt",6,Switzerland,0.03616863874571532,3.616863874571532,0.1691179580463755,16.91179580463755
8211,"Knives With Blades & Blades For Knives Nesoi, Bmpt",7,India,0.020141591164766815,2.0141591164766814,0.207564053350369,20.756405335036902
8211,"Knives With Blades & Blades For Knives Nesoi, Bmpt",8,Mexico,0.01529043803889193,1.529043803889193,0.0086711495357028,0.8671149535702799
8211,"Knives With Blades & Blades For Knives Nesoi, Bmpt",9,France,0.012245578116770696,1.2245578116770695,0.1593505938566389,15.935059385663891
8211,"Knives With Blades & Blades For Knives Nesoi, Bmpt",10,Italy,0.0120421391975866,1.20421391975866,0.1429331044657189,14.29331044657189
8212,"Razors & Razor Blades (incl Blade Blanks), B Mt Pt",1,Mexico,0.40457519544912485,40.457519544912486,0.028444891299432,2.8444891299432
8212,"Razors & Razor Blades (incl Blade Blanks), B Mt Pt",2,Germany,0.19340115844689962,19.34011584468996,0.0866892539933427,8.668925399334269
8212,"Razors & Razor Blades (incl Blade Blanks), B Mt Pt",3,Greece,0.17404038496610277,17.404038496610276,0.0913630629684021,9.13630629684021
8212,"Razors & Razor Blades (incl Blade Blanks), B Mt Pt",4,China,0.09769016274139239,9.769016274139238,0.300111574386855,30.011157438685498
8212,"Razors & Razor Blades (incl Blade Blanks), B Mt Pt",5,Vietnam,0.04042114686028394,4.042114686028394,0.0978273267488363,9.782732674883631
8212,"Razors & Razor Blades (incl Blade Blanks), B Mt Pt",6,Poland,0.028558310213363084,2.8558310213363085,0.0708579472415967,7.085794724159671
8212,"Razors & Razor Blades (incl Blade Blanks), B Mt Pt",7,Israel,0.02824687477490573,2.8246874774905733,0.0909504417014956,9.09504417014956
8212,"Razors & Razor Blades (incl Blade Blanks), B Mt Pt",8,"Korea, South",0.012463634117756877,1.2463634117756877,0.0589773438243779,5.89773438243779
8212,"Razors & Razor Blades (incl Blade Blanks), B Mt Pt",9,Japan,0.011469934850372813,1.1469934850372814,0.0837507535341489,8.375075353414891
8212,"Razors & Razor Blades (incl Blade Blanks), B Mt Pt",10,Canada,0.00913319757979799,0.913319757979799,0.0128377374568263,1.2837737456826301
8213,"Scssrs,tlrs A Smlr Shrs, Blds A Oth Bs Mtl Pts",1,China,0.7847560022967461,78.47560022967461,0.2884341826312147,28.843418263121468
8213,"Scssrs,tlrs A Smlr Shrs, Blds A Oth Bs Mtl Pts",2,Taiwan,0.07089951769983886,7.0899517699838865,0.1405181726661001,14.051817266610009
8213,"Scssrs,tlrs A Smlr Shrs, Blds A Oth Bs Mtl Pts",3,Italy,0.03267963356542944,3.267963356542944,0.1045474759967741,10.45474759967741
8213,"Scssrs,tlrs A Smlr Shrs, Blds A Oth Bs Mtl Pts",4,Vietnam,0.03107054338310421,3.107054338310421,0.1685359845057924,16.85359845057924
8213,"Scssrs,tlrs A Smlr Shrs, Blds A Oth Bs Mtl Pts",5,Pakistan,0.02934531248372536,2.934531248372536,0.1059712105060473,10.59712105060473
8213,"Scssrs,tlrs A Smlr Shrs, Blds A Oth Bs Mtl Pts",6,Japan,0.028869536498374846,2.886953649837485,0.1059401753159738,10.59401753159738
8213,"Scssrs,tlrs A Smlr Shrs, Blds A Oth Bs Mtl Pts",7,Germany,0.010767086625149783,1.0767086625149782,0.1029447042903511,10.29447042903511
8213,"Scssrs,tlrs A Smlr Shrs, Blds A Oth Bs Mtl Pts",8,"Korea, South",0.00494558996617582,0.494558996617582,0.082559769304396,8.2559769304396
8213,"Scssrs,tlrs A Smlr Shrs, Blds A Oth Bs Mtl Pts",9,Brazil,0.0034126327956099053,0.3412632795609905,0.1694616881311961,16.946168813119613
8213,"Scssrs,tlrs A Smlr Shrs, Blds A Oth Bs Mtl Pts",10,Spain,0.0032541446858455887,0.32541446858455886,0.1089453625399322,10.89453625399322
8214,"Articles Of Cutlery Nesoi; Manicure Sets Etc, Bmpt",1,China,0.8322232382838739,83.22232382838739,0.2654129545976582,26.541295459765816
8214,"Articles Of Cutlery Nesoi; Manicure Sets Etc, Bmpt",2,Pakistan,0.0377792906976068,3.7779290697606798,0.0801572010509789,8.01572010509789
8214,"Articles Of Cutlery Nesoi; Manicure Sets Etc, Bmpt",3,Vietnam,0.03364539181935784,3.3645391819357844,0.1401250977732388,14.012509777323881
8214,"Articles Of Cutlery Nesoi; Manicure Sets Etc, Bmpt",4,"Korea, South",0.028340588480923926,2.8340588480923925,0.0898508639594541,8.98508639594541
8214,"Articles Of Cutlery Nesoi; Manicure Sets Etc, Bmpt",5,Germany,0.02313496696402568,2.313496696402568,0.1205627581236632,12.05627581236632
8214,"Articles Of Cutlery Nesoi; Manicure Sets Etc, Bmpt",6,India,0.014956074130806508,1.4956074130806507,0.1980641857485345,19.80641857485345
8214,"Articles Of Cutlery Nesoi; Manicure Sets Etc, Bmpt",7,Taiwan,0.01106401877296288,1.106401877296288,0.108238055833608,10.8238055833608
8214,"Articles Of Cutlery Nesoi; Manicure Sets Etc, Bmpt",8,Japan,0.010406253860618267,1.0406253860618266,0.1151453674089413,11.51453674089413
8214,"Articles Of Cutlery Nesoi; Manicure Sets Etc, Bmpt",9,Singapore,0.004474623064326322,0.4474623064326322,0.0537210157201652,5.37210157201652
8214,"Articles Of Cutlery Nesoi; Manicure Sets Etc, Bmpt",10,Italy,0.003975553925497851,0.39755539254978506,0.1043663195311173,10.43663195311173
8215,"Tableware Etc Of Base Metal, & Base Metal Parts",1,China,0.7234804988930736,72.34804988930736,0.2167285304965928,21.67285304965928
8215,"Tableware Etc Of Base Metal, & Base Metal Parts",2,Vietnam,0.15452583827005176,15.452583827005176,0.1592930749026483,15.92930749026483
8215,"Tableware Etc Of Base Metal, & Base Metal Parts",3,India,0.04773623164581531,4.773623164581531,0.1717339785085994,17.17339785085994
8215,"Tableware Etc Of Base Metal, & Base Metal Parts",4,Indonesia,0.0192447370449302,1.92447370449302,0.1907901393674411,19.07901393674411
8215,"Tableware Etc Of Base Metal, & Base Metal Parts",5,France,0.01679745062536216,1.679745062536216,0.1440496676243481,14.404966762434809
8215,"Tableware Etc Of Base Metal, & Base Metal Parts",6,Italy,0.015885798970507042,1.5885798970507041,0.1435710528148288,14.357105281482879
8215,"Tableware Etc Of Base Metal, & Base Metal Parts",7,Taiwan,0.008140329838056007,0.8140329838056006,0.1392461914296805,13.92461914296805
8215,"Tableware Etc Of Base Metal, & Base Metal Parts",8,Cambodia,0.005430192643718845,0.5430192643718845,0.2241436065207499,22.41436065207499
8215,"Tableware Etc Of Base Metal, & Base Metal Parts",9,Brazil,0.004880249824058502,0.4880249824058502,0.1595465715579479,15.954657155794791
8215,"Tableware Etc Of Base Metal, & Base Metal Parts",10,"Korea, South",0.0038786722444265017,0.38786722444265015,0.1220152560707836,12.201525607078361
8301,"Padlocks, Locks & Keys & Parts, Of Base Metal",1,Mexico,0.4231229307373357,42.31229307373357,0.0443071997026098,4.43071997026098
8301,"Padlocks, Locks & Keys & Parts, Of Base Metal",2,China,0.24372493718478727,24.372493718478726,0.3513303816575721,35.133038165757206
8301,"Padlocks, Locks & Keys & Parts, Of Base Metal",3,Canada,0.10678227452260075,10.678227452260074,0.0210406142494661,2.10406142494661
8301,"Padlocks, Locks & Keys & Parts, Of Base Metal",4,Taiwan,0.09803769707673138,9.803769707673137,0.1537559785457561,15.37559785457561
8301,"Padlocks, Locks & Keys & Parts, Of Base Metal",5,"Korea, South",0.0307480808420046,3.07480808420046,0.1246898317831074,12.46898317831074
8301,"Padlocks, Locks & Keys & Parts, Of Base Metal",6,Vietnam,0.030628662171417905,3.0628662171417904,0.1632168324654341,16.321683246543408
8301,"Padlocks, Locks & Keys & Parts, Of Base Metal",7,Dominican Republic,0.02012520318130491,2.012520318130491,0.0558574939255271,5.58574939255271
8301,"Padlocks, Locks & Keys & Parts, Of Base Metal",8,Germany,0.018719040517197874,1.8719040517197874,0.1354301409062905,13.543014090629049
8301,"Padlocks, Locks & Keys & Parts, Of Base Metal",9,Thailand,0.018031106435345612,1.8031106435345612,0.1856004196938317,18.56004196938317
8301,"Padlocks, Locks & Keys & Parts, Of Base Metal",10,Japan,0.010080067331274097,1.0080067331274096,0.14348404339543,14.348404339543
8302,"Hardware, Fixtures, Castors Etc & Parts, Base Metl",1,China,0.38309237684573505,38.3092376845735,0.4918513188278639,49.18513188278639
8302,"Hardware, Fixtures, Castors Etc & Parts, Base Metl",2,Mexico,0.14850215459576224,14.850215459576225,0.0772838001700683,7.728380017006831
8302,"Hardware, Fixtures, Castors Etc & Parts, Base Metl",3,Canada,0.11796892675438671,11.79689267543867,0.0874872460015697,8.748724600156969
8302,"Hardware, Fixtures, Castors Etc & Parts, Base Metl",4,Taiwan,0.11222647271827992,11.222647271827991,0.1714462794543373,17.14462794543373
8302,"Hardware, Fixtures, Castors Etc & Parts, Base Metl",5,"Korea, South",0.0548352191362956,5.48352191362956,0.1458204805264448,14.582048052644481
8302,"Hardware, Fixtures, Castors Etc & Parts, Base Metl",6,Japan,0.04963016791472948,4.963016791472948,0.1630478812713621,16.30478812713621
8302,"Hardware, Fixtures, Castors Etc & Parts, Base Metl",7,Vietnam,0.04388649037632596,4.388649037632596,0.1770295193301287,17.70295193301287
8302,"Hardware, Fixtures, Castors Etc & Parts, Base Metl",8,Germany,0.04136895236167847,4.136895236167847,0.1599257440511851,15.992574405118509
8302,"Hardware, Fixtures, Castors Etc & Parts, Base Metl",9,India,0.02903860461435625,2.9038604614356247,0.2008975250699091,20.08975250699091
8302,"Hardware, Fixtures, Castors Etc & Parts, Base Metl",10,Austria,0.01945063468245038,1.9450634682450378,0.1395832888340187,13.958328883401869
8303,"Safes, Cash Or Deed Boxes Etc A Prts, Base Metal",1,China,0.5745424018693128,57.45424018693128,0.4906757692900473,49.06757692900473
8303,"Safes, Cash Or Deed Boxes Etc A Prts, Base Metal",2,Mexico,0.22061429338315797,22.061429338315797,0.0009700505194349,0.09700505194349
8303,"Safes, Cash Or Deed Boxes Etc A Prts, Base Metal",3,Vietnam,0.12803800170260934,12.803800170260935,0.162443501357918,16.244350135791798
8303,"Safes, Cash Or Deed Boxes Etc A Prts, Base Metal",4,Slovenia,0.01631396204294936,1.6313962042949361,0.1075135308987092,10.75135308987092
8303,"Safes, Cash Or Deed Boxes Etc A Prts, Base Metal",5,"Korea, South",0.01392691912753323,1.392691912753323,0.083916953492898,8.391695349289801
8303,"Safes, Cash Or Deed Boxes Etc A Prts, Base Metal",6,Indonesia,0.01272965887068654,1.272965887068654,0.1297816359010017,12.97816359010017
8303,"Safes, Cash Or Deed Boxes Etc A Prts, Base Metal",7,Taiwan,0.009913668399606307,0.9913668399606307,0.1251721856697621,12.51721856697621
8303,"Safes, Cash Or Deed Boxes Etc A Prts, Base Metal",8,Canada,0.008950007490606517,0.8950007490606516,0.0065004110924376,0.65004110924376
8303,"Safes, Cash Or Deed Boxes Etc A Prts, Base Metal",9,United Kingdom,0.008693415762026898,0.8693415762026898,0.1217867580120888,12.178675801208879
8303,"Safes, Cash Or Deed Boxes Etc A Prts, Base Metal",10,India,0.006277671351511111,0.6277671351511112,0.2854623459036528,28.546234590365284
8304,"Office And Desk Equip A Prts, Of Base Metal",1,China,0.9514043146261447,95.14043146261447,0.2564550284469225,25.645502844692246
8304,"Office And Desk Equip A Prts, Of Base Metal",2,India,0.014278047842152846,1.4278047842152846,0.1921088938406642,19.21088938406642
8304,"Office And Desk Equip A Prts, Of Base Metal",3,Taiwan,0.009249223518114642,0.9249223518114642,0.1739110366441881,17.39110366441881
8304,"Office And Desk Equip A Prts, Of Base Metal",4,Thailand,0.00786209982881108,0.786209982881108,0.2209289916529569,22.09289916529569
8304,"Office And Desk Equip A Prts, Of Base Metal",5,United Kingdom,0.007558489923896243,0.7558489923896243,0.1176594406330387,11.76594406330387
8304,"Office And Desk Equip A Prts, Of Base Metal",6,France,0.0037242816572930085,0.3724281657293009,0.1111055620410312,11.11055620410312
8304,"Office And Desk Equip A Prts, Of Base Metal",7,Canada,0.0019143665731944837,0.19143665731944837,0.0557687916580586,5.57687916580586
8304,"Office And Desk Equip A Prts, Of Base Metal",8,Vietnam,0.0019006213467492785,0.19006213467492786,0.1340240376642946,13.40240376642946
8304,"Office And Desk Equip A Prts, Of Base Metal",9,Italy,0.0010727800701883683,0.10727800701883683,0.1148150754476089,11.48150754476089
8304,"Office And Desk Equip A Prts, Of Base Metal",10,Israel,0.0010357746134552594,0.10357746134552594,0.0389743589743589,3.89743589743589
8305,"Looseleaf Binder Etc Fittings, Paper Clips Etc Bmp",1,China,0.3960523137072595,39.60523137072595,0.2994230292125482,29.94230292125482
8305,"Looseleaf Binder Etc Fittings, Paper Clips Etc Bmp",2,"Korea, South",0.15977366622114084,15.977366622114083,0.1109916539279293,11.09916539279293
8305,"Looseleaf Binder Etc Fittings, Paper Clips Etc Bmp",3,Taiwan,0.09057562883743223,9.057562883743223,0.1674500590407853,16.745005904078532
8305,"Looseleaf Binder Etc Fittings, Paper Clips Etc Bmp",4,Oman,0.08311412003223509,8.31141200322351,0.2036031015503148,20.36031015503148
8305,"Looseleaf Binder Etc Fittings, Paper Clips Etc Bmp",5,Malaysia,0.06766146455755193,6.766146455755193,0.1396580318186902,13.965803181869019
8305,"Looseleaf Binder Etc Fittings, Paper Clips Etc Bmp",6,Thailand,0.0572926819008693,5.7292681900869304,0.1696330809432272,16.96330809432272
8305,"Looseleaf Binder Etc Fittings, Paper Clips Etc Bmp",7,Austria,0.04337808053212671,4.337808053212671,0.13799932844992,13.799932844992
8305,"Looseleaf Binder Etc Fittings, Paper Clips Etc Bmp",8,Vietnam,0.043301738566380685,4.330173856638068,0.146930137891062,14.6930137891062
8305,"Looseleaf Binder Etc Fittings, Paper Clips Etc Bmp",9,Japan,0.030042872566064516,3.004287256606452,0.1681105416956067,16.81105416956067
8305,"Looseleaf Binder Etc Fittings, Paper Clips Etc Bmp",10,Sweden,0.02880743307893916,2.880743307893916,0.105612288186953,10.5612288186953
8306,"Bells Etc (nonelec), Ornaments, Ph Frames Etc Bmpt",1,China,0.8097763599673724,80.97763599673723,0.204018175158369,20.4018175158369
8306,"Bells Etc (nonelec), Ornaments, Ph Frames Etc Bmpt",2,India,0.12398011367841098,12.398011367841098,0.2097271615948689,20.97271615948689
8306,"Bells Etc (nonelec), Ornaments, Ph Frames Etc Bmpt",3,Mexico,0.0151538858477408,1.51538858477408,0.0081159142813658,0.81159142813658
8306,"Bells Etc (nonelec), Ornaments, Ph Frames Etc Bmpt",4,Italy,0.010087179177385918,1.0087179177385919,0.1317676854083065,13.176768540830649
8306,"Bells Etc (nonelec), Ornaments, Ph Frames Etc Bmpt",5,Thailand,0.008187147430840898,0.8187147430840899,0.1086225125955362,10.86225125955362
8306,"Bells Etc (nonelec), Ornaments, Ph Frames Etc Bmpt",6,Taiwan,0.007736694860417595,0.7736694860417596,0.1512554165154077,15.12554165154077
8306,"Bells Etc (nonelec), Ornaments, Ph Frames Etc Bmpt",7,Vietnam,0.0068367079211301696,0.683670792113017,0.1409924696916987,14.09924696916987
8306,"Bells Etc (nonelec), Ornaments, Ph Frames Etc Bmpt",8,Canada,0.0064813111632171915,0.6481311163217192,0.0458984935372692,4.58984935372692
8306,"Bells Etc (nonelec), Ornaments, Ph Frames Etc Bmpt",9,Cambodia,0.006314940147666921,0.6314940147666921,0.1052536226331248,10.525362263312479
8306,"Bells Etc (nonelec), Ornaments, Ph Frames Etc Bmpt",10,United Kingdom,0.0054456598058169395,0.5445659805816939,0.0898332169573116,8.98332169573116
8307,Flexible Tubing Of Base Metal,1,China,0.297046576827089,29.704657682708902,0.5142674662788022,51.42674662788021
8307,Flexible Tubing Of Base Metal,2,"Korea, South",0.12800037841790254,12.800037841790255,0.105783409420757,10.5783409420757
8307,Flexible Tubing Of Base Metal,3,Mexico,0.12021961325266652,12.021961325266652,0.0136844539814659,1.36844539814659
8307,Flexible Tubing Of Base Metal,4,Israel,0.10417663590202517,10.417663590202517,0.0677826731391006,6.778267313910059
8307,Flexible Tubing Of Base Metal,5,India,0.08763090526490366,8.763090526490366,0.2253036599114738,22.53036599114738
8307,Flexible Tubing Of Base Metal,6,Canada,0.07147166137128556,7.147166137128556,0.040051299829087,4.0051299829086995
8307,Flexible Tubing Of Base Metal,7,Germany,0.05862676822194089,5.862676822194089,0.1317171804431694,13.171718044316941
8307,Flexible Tubing Of Base Metal,8,Taiwan,0.04869593388469909,4.869593388469909,0.1692548919866661,16.92548919866661
8307,Flexible Tubing Of Base Metal,9,Vietnam,0.04734024298599931,4.73402429859993,0.1587379389681114,15.87379389681114
8307,Flexible Tubing Of Base Metal,10,United Kingdom,0.036791283871488306,3.6791283871488307,0.1108835440237551,11.08835440237551
8308,"Clasps, Buckles, Hooks Etc, Beads & Spang, B Metal",1,China,0.32486839922060967,32.486839922060966,0.4836357168457286,48.36357168457286
8308,"Clasps, Buckles, Hooks Etc, Beads & Spang, B Metal",2,Taiwan,0.19182721249414286,19.182721249414286,0.1248601097125204,12.48601097125204
8308,"Clasps, Buckles, Hooks Etc, Beads & Spang, B Metal",3,Mexico,0.13965995918148236,13.965995918148236,0.0307022131849697,3.0702213184969698
8308,"Clasps, Buckles, Hooks Etc, Beads & Spang, B Metal",4,France,0.0835665198886136,8.35665198886136,0.101963954313464,10.1963954313464
8308,"Clasps, Buckles, Hooks Etc, Beads & Spang, B Metal",5,United Kingdom,0.060818370083380945,6.081837008338095,0.0882849171180042,8.82849171180042
8308,"Clasps, Buckles, Hooks Etc, Beads & Spang, B Metal",6,Austria,0.05333466637906889,5.333466637906889,0.1120712406763234,11.207124067632341
8308,"Clasps, Buckles, Hooks Etc, Beads & Spang, B Metal",7,"Korea, South",0.04409919933936597,4.409919933936597,0.0728712035543838,7.28712035543838
8308,"Clasps, Buckles, Hooks Etc, Beads & Spang, B Metal",8,Germany,0.039815413954548455,3.9815413954548453,0.0935233310701045,9.35233310701045
8308,"Clasps, Buckles, Hooks Etc, Beads & Spang, B Metal",9,Italy,0.03631374665467731,3.6313746654677312,0.1117270759850431,11.17270759850431
8308,"Clasps, Buckles, Hooks Etc, Beads & Spang, B Metal",10,India,0.025696512804109888,2.5696512804109886,0.2245174990622402,22.45174990622402
8309,"Stoppers, Caps & Lids, Seals Etc & Pts, Base Metal",1,Mexico,0.36048111069007754,36.04811106900775,0.0877717697822747,8.77717697822747
8309,"Stoppers, Caps & Lids, Seals Etc & Pts, Base Metal",2,Canada,0.1927539986117984,19.27539986117984,0.027778928689774,2.7778928689774
8309,"Stoppers, Caps & Lids, Seals Etc & Pts, Base Metal",3,China,0.14444270163398087,14.444270163398087,0.4996697725790635,49.96697725790635
8309,"Stoppers, Caps & Lids, Seals Etc & Pts, Base Metal",4,Spain,0.09243929433665062,9.24392943366506,0.0976205801967542,9.76205801967542
8309,"Stoppers, Caps & Lids, Seals Etc & Pts, Base Metal",5,Italy,0.05176018774479743,5.1760187744797435,0.1041458092246486,10.41458092246486
8309,"Stoppers, Caps & Lids, Seals Etc & Pts, Base Metal",6,Germany,0.03815384613584032,3.8153846135840324,0.1259390272670187,12.59390272670187
8309,"Stoppers, Caps & Lids, Seals Etc & Pts, Base Metal",7,India,0.03751281185471408,3.7512811854714077,0.1824566925475493,18.24566925475493
8309,"Stoppers, Caps & Lids, Seals Etc & Pts, Base Metal",8,France,0.03441216185963215,3.441216185963215,0.0878600550608538,8.78600550608538
8309,"Stoppers, Caps & Lids, Seals Etc & Pts, Base Metal",9,United Arab Emirates,0.028269590686224606,2.8269590686224606,0.1488039312952674,14.88039312952674
8309,"Stoppers, Caps & Lids, Seals Etc & Pts, Base Metal",10,Poland,0.01977429644628401,1.977429644628401,0.1286637981581523,12.866379815815229
8310,Sgn Plts Nos A Smbls Et Bm Excpt Of Hdg 9405,1,China,0.4138912674570003,41.389126745700025,0.4612388692061328,46.12388692061328
8310,Sgn Plts Nos A Smbls Et Bm Excpt Of Hdg 9405,2,Canada,0.18984572450691928,18.98457245069193,0.0129113160086741,1.29113160086741
8310,Sgn Plts Nos A Smbls Et Bm Excpt Of Hdg 9405,3,Mexico,0.1630117548185156,16.30117548185156,0.0167185610829522,1.6718561082952201
8310,Sgn Plts Nos A Smbls Et Bm Excpt Of Hdg 9405,4,"Korea, South",0.04843098067979137,4.8430980679791364,0.0549489419449669,5.494894194496689
8310,Sgn Plts Nos A Smbls Et Bm Excpt Of Hdg 9405,5,India,0.03801223329921952,3.8012233299219518,0.1236537861151604,12.36537861151604
8310,Sgn Plts Nos A Smbls Et Bm Excpt Of Hdg 9405,6,Italy,0.03336414185958317,3.3364141859583167,0.0897442563748079,8.97442563748079
8310,Sgn Plts Nos A Smbls Et Bm Excpt Of Hdg 9405,7,Taiwan,0.03316628678869212,3.316628678869212,0.0960875797723924,9.608757977239241
8310,Sgn Plts Nos A Smbls Et Bm Excpt Of Hdg 9405,8,Germany,0.03079124179007507,3.079124179007507,0.0618106648173685,6.18106648173685
8310,Sgn Plts Nos A Smbls Et Bm Excpt Of Hdg 9405,9,United Kingdom,0.025733558747414755,2.5733558747414755,0.0420383630978057,4.20383630978057
8310,Sgn Plts Nos A Smbls Et Bm Excpt Of Hdg 9405,10,Vietnam,0.023752810052788904,2.3752810052788904,0.1027717257612575,10.27717257612575
8311,"Wire, Rods Etc For Soldering Etc & Met Spray, Bmpt",1,Canada,0.1719559291285491,17.19559291285491,0.0250510314878781,2.50510314878781
8311,"Wire, Rods Etc For Soldering Etc & Met Spray, Bmpt",2,Japan,0.1329664676440099,13.296646764400991,0.0836789673547993,8.36789673547993
8311,"Wire, Rods Etc For Soldering Etc & Met Spray, Bmpt",3,"Korea, South",0.12075026688498518,12.075026688498518,0.0681771798044256,6.81771798044256
8311,"Wire, Rods Etc For Soldering Etc & Met Spray, Bmpt",4,Mexico,0.12066548452730727,12.066548452730727,0.0074502587207765,0.7450258720776499
8311,"Wire, Rods Etc For Soldering Etc & Met Spray, Bmpt",5,China,0.1071078313864753,10.71078313864753,0.3748686366091781,37.486863660917805
8311,"Wire, Rods Etc For Soldering Etc & Met Spray, Bmpt",6,Thailand,0.10136542298511737,10.136542298511737,0.0930185490648366,9.30185490648366
8311,"Wire, Rods Etc For Soldering Etc & Met Spray, Bmpt",7,Taiwan,0.09885608523048935,9.885608523048935,0.1090174612567511,10.90174612567511
8311,"Wire, Rods Etc For Soldering Etc & Met Spray, Bmpt",8,Vietnam,0.0506387867051672,5.06387867051672,0.0736072397243185,7.36072397243185
8311,"Wire, Rods Etc For Soldering Etc & Met Spray, Bmpt",9,Italy,0.049305231871259986,4.930523187125998,0.0784422696023448,7.844226960234479
8311,"Wire, Rods Etc For Soldering Etc & Met Spray, Bmpt",10,India,0.04638849363663943,4.638849363663943,0.1585390845002675,15.853908450026749
8401,Nuclear Reactors; Fuel Elem (n-i); Mach Isotop Sep,1,Germany,0.2528892253042988,25.28892253042988,0.0622167200806485,6.22167200806485
8401,Nuclear Reactors; Fuel Elem (n-i); Mach Isotop Sep,2,France,0.21724802371183224,21.724802371183223,0.117268626198834,11.7268626198834
8401,Nuclear Reactors; Fuel Elem (n-i); Mach Isotop Sep,3,Japan,0.18262039270231775,18.262039270231774,0.1072768258971031,10.72768258971031
8401,Nuclear Reactors; Fuel Elem (n-i); Mach Isotop Sep,4,Netherlands,0.08870566477153605,8.870566477153604,0.1039089855334097,10.39089855334097
8401,Nuclear Reactors; Fuel Elem (n-i); Mach Isotop Sep,5,Sweden,0.0729143818601872,7.29143818601872,0.0468268289676502,4.682682896765019
8401,Nuclear Reactors; Fuel Elem (n-i); Mach Isotop Sep,6,Croatia,0.06443744995639826,6.443744995639826,0.1069669699806546,10.696696998065459
8401,Nuclear Reactors; Fuel Elem (n-i); Mach Isotop Sep,7,Italy,0.06096621462354646,6.096621462354646,6.087484124455268e-05,0.006087484124455268
8401,Nuclear Reactors; Fuel Elem (n-i); Mach Isotop Sep,8,"Korea, South",0.029911402138691267,2.9911402138691265,0.0909910381946542,9.099103819465421
8401,Nuclear Reactors; Fuel Elem (n-i); Mach Isotop Sep,9,Canada,0.02727066102243797,2.727066102243797,0.0273173140854525,2.73173140854525
8401,Nuclear Reactors; Fuel Elem (n-i); Mach Isotop Sep,10,Mexico,0.003036583908754006,0.3036583908754006,0.0021250346975912,0.21250346975912002
8402,Steam Etc Generating Boilers Nesoi; Sup W Boilers,1,Canada,0.2321947504852898,23.21947504852898,0.0195518540975602,1.95518540975602
8402,Steam Etc Generating Boilers Nesoi; Sup W Boilers,2,"Korea, South",0.21422912916247447,21.422912916247448,0.1163764667656856,11.63764667656856
8402,Steam Etc Generating Boilers Nesoi; Sup W Boilers,3,Mexico,0.14603605744404102,14.603605744404103,0.0056332283424702,0.56332283424702
8402,Steam Etc Generating Boilers Nesoi; Sup W Boilers,4,Vietnam,0.12227579164853725,12.227579164853724,0.0792355510647462,7.92355510647462
8402,Steam Etc Generating Boilers Nesoi; Sup W Boilers,5,China,0.10836907159196658,10.836907159196658,0.4635815720605573,46.35815720605573
8402,Steam Etc Generating Boilers Nesoi; Sup W Boilers,6,Thailand,0.061269165776121806,6.126916577612181,0.0772785061102477,7.72785061102477
8402,Steam Etc Generating Boilers Nesoi; Sup W Boilers,7,Italy,0.039057602822858487,3.905760282285849,0.0744136756973825,7.44136756973825
8402,Steam Etc Generating Boilers Nesoi; Sup W Boilers,8,Israel,0.03256398286064931,3.2563982860649308,0.0783657284318829,7.83657284318829
8402,Steam Etc Generating Boilers Nesoi; Sup W Boilers,9,Germany,0.02577638914445114,2.5776389144451137,0.0398797439740586,3.98797439740586
8402,Steam Etc Generating Boilers Nesoi; Sup W Boilers,10,Romania,0.018228059063610063,1.8228059063610063,0.0520687759626038,5.20687759626038
8403,"Central Heat Boilers Nesoi, And Parts",1,Canada,0.27795712941991396,27.795712941991397,0.0258302899917561,2.58302899917561
8403,"Central Heat Boilers Nesoi, And Parts",2,"Korea, South",0.25684105173434457,25.684105173434457,0.0852474670121389,8.524746701213889
8403,"Central Heat Boilers Nesoi, And Parts",3,Germany,0.14213096653013027,14.213096653013027,0.1042037188617653,10.42037188617653
8403,"Central Heat Boilers Nesoi, And Parts",4,China,0.06839921559458695,6.839921559458695,0.3184838524332275,31.848385243322753
8403,"Central Heat Boilers Nesoi, And Parts",5,Italy,0.062095640955134715,6.209564095513471,0.1042129241111586,10.421292411115859
8403,"Central Heat Boilers Nesoi, And Parts",6,Netherlands,0.057225097071108434,5.722509707110843,0.0958067781339344,9.58067781339344
8403,"Central Heat Boilers Nesoi, And Parts",7,United Kingdom,0.035604822206972975,3.5604822206972973,0.0725155364389471,7.25155364389471
8403,"Central Heat Boilers Nesoi, And Parts",8,France,0.0353768888240021,3.53768888240021,0.0991191684320083,9.91191684320083
8403,"Central Heat Boilers Nesoi, And Parts",9,Switzerland,0.03448863981651259,3.4488639816512587,0.1074363471157255,10.74363471157255
8403,"Central Heat Boilers Nesoi, And Parts",10,Japan,0.029880547847293392,2.9880547847293393,0.1285839033342435,12.85839033342435
8404,Auxiliary Plant Used With Boilers; Condensers; Pts,1,Canada,0.38391056115748673,38.391056115748675,0.0040650216382403,0.40650216382403004
8404,Auxiliary Plant Used With Boilers; Condensers; Pts,2,"Korea, South",0.1292118628061545,12.921186280615448,0.0419943703168864,4.19943703168864
8404,Auxiliary Plant Used With Boilers; Condensers; Pts,3,Israel,0.12241866019601276,12.241866019601275,0.0174956355866038,1.74956355866038
8404,Auxiliary Plant Used With Boilers; Condensers; Pts,4,Germany,0.08377617327589595,8.377617327589595,0.1271442483157489,12.714424831574888
8404,Auxiliary Plant Used With Boilers; Condensers; Pts,5,Mexico,0.07039568212734383,7.039568212734383,0.0112337179737922,1.12337179737922
8404,Auxiliary Plant Used With Boilers; Condensers; Pts,6,China,0.06787086057325646,6.787086057325646,0.3674921049464389,36.74921049464389
8404,Auxiliary Plant Used With Boilers; Condensers; Pts,7,Thailand,0.054659654264874534,5.465965426487453,0.0448699650441852,4.48699650441852
8404,Auxiliary Plant Used With Boilers; Condensers; Pts,8,India,0.04814399568277179,4.814399568277179,0.1776770416135347,17.76770416135347
8404,Auxiliary Plant Used With Boilers; Condensers; Pts,9,United Kingdom,0.024015688444339562,2.4015688444339562,0.1262949637089623,12.629496370896229
8404,Auxiliary Plant Used With Boilers; Condensers; Pts,10,Brazil,0.015596861471863831,1.5596861471863832,0.0341692025217313,3.41692025217313
8405,"Producer Gas, Acetylene Gas Etc Generators & Parts",1,United Kingdom,0.2821587057345026,28.215870573450257,0.0412190171434616,4.12190171434616
8405,"Producer Gas, Acetylene Gas Etc Generators & Parts",2,Germany,0.13744618323028235,13.744618323028234,0.0865636277040635,8.65636277040635
8405,"Producer Gas, Acetylene Gas Etc Generators & Parts",3,Italy,0.1328597246252685,13.285972462526848,0.0575247611600465,5.75247611600465
8405,"Producer Gas, Acetylene Gas Etc Generators & Parts",4,Canada,0.11311250083610672,11.311250083610672,0.0165648161754576,1.65648161754576
8405,"Producer Gas, Acetylene Gas Etc Generators & Parts",5,"Korea, South",0.09699400451348855,9.699400451348856,0.1321237993596584,13.21237993596584
8405,"Producer Gas, Acetylene Gas Etc Generators & Parts",6,Portugal,0.0643526828267809,6.4352682826780905,0.0320624032705973,3.2062403270597297
8405,"Producer Gas, Acetylene Gas Etc Generators & Parts",7,China,0.05336321783752342,5.336321783752342,0.0160496650530248,1.6049665053024802
8405,"Producer Gas, Acetylene Gas Etc Generators & Parts",8,Netherlands,0.05316436815886527,5.316436815886528,0.1340459278670436,13.404592786704361
8405,"Producer Gas, Acetylene Gas Etc Generators & Parts",9,France,0.043921453104497854,4.392145310449785,0.0831505324598256,8.31505324598256
8405,"Producer Gas, Acetylene Gas Etc Generators & Parts",10,Turkey,0.022627159132683868,2.2627159132683867,0.0358297140705614,3.5829714070561405
8406,"Steam Turbines & Other Vapor Turbines, Parts",1,Japan,0.23798532700353986,23.798532700353984,0.0867920442383879,8.67920442383879
8406,"Steam Turbines & Other Vapor Turbines, Parts",2,Germany,0.23264204605852826,23.264204605852825,0.099231771389744,9.923177138974399
8406,"Steam Turbines & Other Vapor Turbines, Parts",3,Poland,0.13521380205814268,13.521380205814268,0.0994876891818631,9.94876891818631
8406,"Steam Turbines & Other Vapor Turbines, Parts",4,Canada,0.07508971091686725,7.508971091686726,0.0531563212553506,5.3156321255350605
8406,"Steam Turbines & Other Vapor Turbines, Parts",5,Italy,0.07396743928024789,7.396743928024789,0.0572888774575498,5.72888774575498
8406,"Steam Turbines & Other Vapor Turbines, Parts",6,Mexico,0.06333642997547351,6.333642997547351,0.1756246261834291,17.562462618342913
8406,"Steam Turbines & Other Vapor Turbines, Parts",7,Czech Republic,0.05191723838490947,5.191723838490947,0.0803569130475236,8.03569130475236
8406,"Steam Turbines & Other Vapor Turbines, Parts",8,India,0.050426880685973854,5.042688068597386,0.1879846086510905,18.79846086510905
8406,"Steam Turbines & Other Vapor Turbines, Parts",9,Israel,0.04562616748709347,4.562616748709347,0.1195184703838117,11.951847038381171
8406,"Steam Turbines & Other Vapor Turbines, Parts",10,China,0.0337949581492238,3.37949581492238,0.4583903505059036,45.83903505059036
8407,Spark-ignition Recip Or Rotary Int Comb Piston Eng,1,Mexico,0.3638685254145242,36.38685254145242,0.0788066495023061,7.880664950230611
8407,Spark-ignition Recip Or Rotary Int Comb Piston Eng,2,Canada,0.25158878014178127,25.158878014178125,0.0168412473300921,1.68412473300921
8407,Spark-ignition Recip Or Rotary Int Comb Piston Eng,3,Japan,0.1806018050006073,18.06018050006073,0.1043565205264636,10.435652052646361
8407,Spark-ignition Recip Or Rotary Int Comb Piston Eng,4,"Korea, South",0.08105341331860111,8.10534133186011,0.1406603929919879,14.06603929919879
8407,Spark-ignition Recip Or Rotary Int Comb Piston Eng,5,Germany,0.03423547564916137,3.423547564916137,0.1685097746662247,16.850977466622467
8407,Spark-ignition Recip Or Rotary Int Comb Piston Eng,6,China,0.02812106850262059,2.812106850262059,0.4139768077256333,41.39768077256333
8407,Spark-ignition Recip Or Rotary Int Comb Piston Eng,7,Italy,0.0209585881442187,2.09585881442187,0.1761892679396162,17.61892679396162
8407,Spark-ignition Recip Or Rotary Int Comb Piston Eng,8,Thailand,0.013850259556384489,1.385025955638449,0.0577443757869812,5.77443757869812
8407,Spark-ignition Recip Or Rotary Int Comb Piston Eng,9,Austria,0.013430974321857459,1.3430974321857458,0.1597144926302861,15.971449263028608
8407,Spark-ignition Recip Or Rotary Int Comb Piston Eng,10,Spain,0.012291109950243457,1.2291109950243457,0.1425668311631862,14.25668311631862
8408,Compression-ignition Internal Comb Piston Engines,1,Mexico,0.3621850817173731,36.21850817173731,0.2069620264593203,20.69620264593203
8408,Compression-ignition Internal Comb Piston Engines,2,Japan,0.1878523766591913,18.78523766591913,0.0957789905918665,9.577899059186649
8408,Compression-ignition Internal Comb Piston Engines,3,United Kingdom,0.14811012623420902,14.811012623420902,0.0730949885839366,7.30949885839366
8408,Compression-ignition Internal Comb Piston Engines,4,Germany,0.11459756723190614,11.459756723190614,0.0996464632260157,9.96464632260157
8408,Compression-ignition Internal Comb Piston Engines,5,Italy,0.0585653626393519,5.85653626393519,0.0869546074394306,8.69546074394306
8408,Compression-ignition Internal Comb Piston Engines,6,France,0.036106708981217366,3.6106708981217364,0.1199590237822656,11.99590237822656
8408,Compression-ignition Internal Comb Piston Engines,7,"Korea, South",0.03556922772598636,3.5569227725986363,0.0796199391702196,7.96199391702196
8408,Compression-ignition Internal Comb Piston Engines,8,Sweden,0.0260327699626668,2.60327699626668,0.0899390740532379,8.993907405323789
8408,Compression-ignition Internal Comb Piston Engines,9,India,0.01620768639501079,1.620768639501079,0.1695904190150971,16.95904190150971
8408,Compression-ignition Internal Comb Piston Engines,10,China,0.014773092453087104,1.4773092453087104,0.521903007507581,52.1903007507581
8409,Parts For Engines Of Heading 8407 Or 8408,1,Mexico,0.3830734149136014,38.30734149136014,0.0961490351451128,9.61490351451128
8409,Parts For Engines Of Heading 8407 Or 8408,2,Japan,0.14343085315835874,14.343085315835873,0.1830672984597613,18.30672984597613
8409,Parts For Engines Of Heading 8407 Or 8408,3,China,0.12739993658809864,12.739993658809864,0.5587246135731686,55.87246135731686
8409,Parts For Engines Of Heading 8407 Or 8408,4,Germany,0.10334185028356273,10.334185028356274,0.1610337113858048,16.10337113858048
8409,Parts For Engines Of Heading 8407 Or 8408,5,Canada,0.07053718890364838,7.053718890364838,0.0819371836225493,8.19371836225493
8409,Parts For Engines Of Heading 8407 Or 8408,6,"Korea, South",0.058277893901103654,5.8277893901103655,0.1114687843624935,11.146878436249349
8409,Parts For Engines Of Heading 8407 Or 8408,7,Brazil,0.04107720063401384,4.107720063401384,0.168574875679064,16.8574875679064
8409,Parts For Engines Of Heading 8407 Or 8408,8,India,0.040116810084880015,4.011681008488002,0.1821805365883401,18.21805365883401
8409,Parts For Engines Of Heading 8407 Or 8408,9,Italy,0.0178617782361446,1.7861778236144599,0.14315204174954,14.315204174954
8409,Parts For Engines Of Heading 8407 Or 8408,10,United Kingdom,0.014883073296587885,1.4883073296587885,0.1268010090532247,12.680100905322469
8410,"Hydraulic Turbines, Water Wheels & Regulators, Pts",1,Canada,0.32469357576156943,32.469357576156945,0.06070604246491,6.070604246491
8410,"Hydraulic Turbines, Water Wheels & Regulators, Pts",2,Slovenia,0.12143033598248817,12.143033598248817,0.092411857334397,9.2411857334397
8410,"Hydraulic Turbines, Water Wheels & Regulators, Pts",3,China,0.1106138162106992,11.06138162106992,0.5317589329863491,53.17589329863491
8410,"Hydraulic Turbines, Water Wheels & Regulators, Pts",4,Brazil,0.10795009194391898,10.795009194391898,0.1129629743982413,11.29629743982413
8410,"Hydraulic Turbines, Water Wheels & Regulators, Pts",5,Czech Republic,0.07220821311757378,7.220821311757378,0.1408684300633453,14.08684300633453
8410,"Hydraulic Turbines, Water Wheels & Regulators, Pts",6,Italy,0.06442758739158785,6.442758739158785,0.2067688215944169,20.67688215944169
8410,"Hydraulic Turbines, Water Wheels & Regulators, Pts",7,Austria,0.06188468952137701,6.188468952137701,0.168731854309028,16.8731854309028
8410,"Hydraulic Turbines, Water Wheels & Regulators, Pts",8,Spain,0.04844334040805716,4.844334040805716,0.3737376138439701,37.37376138439701
8410,"Hydraulic Turbines, Water Wheels & Regulators, Pts",9,Mexico,0.04474790603965426,4.474790603965427,0.0419856888647168,4.19856888647168
8410,"Hydraulic Turbines, Water Wheels & Regulators, Pts",10,Germany,0.04360044362307427,4.360044362307427,0.1286847560757486,12.868475607574862
8411,"Turbojets, Turbopropellers & Oth Gas Turbines, Pts",1,Canada,0.23212012391928444,23.212012391928443,0.0147692640405336,1.47692640405336
8411,"Turbojets, Turbopropellers & Oth Gas Turbines, Pts",2,France,0.216157473305754,21.6157473305754,0.0263327497220513,2.63327497220513
8411,"Turbojets, Turbopropellers & Oth Gas Turbines, Pts",3,United Kingdom,0.14152341908705382,14.152341908705383,0.0133372078873459,1.33372078873459
8411,"Turbojets, Turbopropellers & Oth Gas Turbines, Pts",4,Germany,0.11402325684309345,11.402325684309345,0.0311726820412997,3.11726820412997
8411,"Turbojets, Turbopropellers & Oth Gas Turbines, Pts",5,Japan,0.08459409287297459,8.45940928729746,0.0280551864669655,2.80551864669655
8411,"Turbojets, Turbopropellers & Oth Gas Turbines, Pts",6,Mexico,0.0835166540773458,8.35166540773458,0.0283085982758918,2.83085982758918
8411,"Turbojets, Turbopropellers & Oth Gas Turbines, Pts",7,Poland,0.048730215429896175,4.873021542989617,0.0300588322739138,3.00588322739138
8411,"Turbojets, Turbopropellers & Oth Gas Turbines, Pts",8,Italy,0.033052073322950376,3.3052073322950375,0.0555254187575472,5.55254187575472
8411,"Turbojets, Turbopropellers & Oth Gas Turbines, Pts",9,Singapore,0.024423122768778532,2.4423122768778533,0.0508463881883808,5.08463881883808
8411,"Turbojets, Turbopropellers & Oth Gas Turbines, Pts",10,Turkey,0.021859568372868808,2.1859568372868807,0.066549696590345,6.6549696590345
8412,"Engines And Motors Nesoi, And Parts Thereof",1,Mexico,0.22450497154949586,22.450497154949588,0.0308957664407026,3.08957664407026
8412,"Engines And Motors Nesoi, And Parts Thereof",2,China,0.13313986020651553,13.313986020651553,0.4870468029609792,48.70468029609792
8412,"Engines And Motors Nesoi, And Parts Thereof",3,Germany,0.11122531563392908,11.122531563392908,0.1113966199904411,11.13966199904411
8412,"Engines And Motors Nesoi, And Parts Thereof",4,India,0.11039517128405886,11.039517128405887,0.1965444225922445,19.65444225922445
8412,"Engines And Motors Nesoi, And Parts Thereof",5,Canada,0.10267610920749672,10.267610920749672,0.0463859665886006,4.63859665886006
8412,"Engines And Motors Nesoi, And Parts Thereof",6,Japan,0.10119562536005602,10.119562536005603,0.0885046525157108,8.85046525157108
8412,"Engines And Motors Nesoi, And Parts Thereof",7,United Kingdom,0.07268147484537171,7.268147484537171,0.0549649811210892,5.496498112108919
8412,"Engines And Motors Nesoi, And Parts Thereof",8,Italy,0.054302260772197325,5.430226077219732,0.099269674059226,9.9269674059226
8412,"Engines And Motors Nesoi, And Parts Thereof",9,"Korea, South",0.049823062942713714,4.982306294271371,0.0770533977086108,7.70533977086108
8412,"Engines And Motors Nesoi, And Parts Thereof",10,France,0.040056148198165116,4.005614819816512,0.0901207489712014,9.01207489712014
8413,Pumps For Liquids; Liquid Elevators; Parts Thereof,1,Mexico,0.2548950679621123,25.48950679621123,0.0749951733266544,7.499517332665439
8413,Pumps For Liquids; Liquid Elevators; Parts Thereof,2,China,0.19025174524552077,19.025174524552078,0.4643382882683792,46.43382882683792
8413,Pumps For Liquids; Liquid Elevators; Parts Thereof,3,Germany,0.1369570236649128,13.69570236649128,0.1040537131476433,10.40537131476433
8413,Pumps For Liquids; Liquid Elevators; Parts Thereof,4,Japan,0.1308357914892703,13.08357914892703,0.0983632876730488,9.836328767304881
8413,Pumps For Liquids; Liquid Elevators; Parts Thereof,5,Canada,0.10108006848914759,10.108006848914759,0.0489945000891437,4.89945000891437
8413,Pumps For Liquids; Liquid Elevators; Parts Thereof,6,Italy,0.04977311386857936,4.977311386857936,0.1040877757210526,10.40877757210526
8413,Pumps For Liquids; Liquid Elevators; Parts Thereof,7,India,0.04104559490407835,4.104559490407835,0.1791138748695087,17.91138748695087
8413,Pumps For Liquids; Liquid Elevators; Parts Thereof,8,"Korea, South",0.0387220266988403,3.8722026698840297,0.094971882867693,9.4971882867693
8413,Pumps For Liquids; Liquid Elevators; Parts Thereof,9,United Kingdom,0.0314628403654089,3.1462840365408904,0.075988272290198,7.5988272290198005
8413,Pumps For Liquids; Liquid Elevators; Parts Thereof,10,Taiwan,0.02497672731212926,2.497672731212926,0.118192881473068,11.8192881473068
8414,"Air/vacuum Pumps, Fans; Vent Hoods Etc; Parts",1,China,0.28296825837438594,28.296825837438593,0.3560982424916672,35.60982424916672
8414,"Air/vacuum Pumps, Fans; Vent Hoods Etc; Parts",2,Mexico,0.2603788894576624,26.03788894576624,0.0885765940367865,8.85765940367865
8414,"Air/vacuum Pumps, Fans; Vent Hoods Etc; Parts",3,Japan,0.09568189596568268,9.568189596568267,0.12711119106826,12.711119106825999
8414,"Air/vacuum Pumps, Fans; Vent Hoods Etc; Parts",4,Germany,0.09396608280494773,9.396608280494773,0.0910608783734277,9.10608783734277
8414,"Air/vacuum Pumps, Fans; Vent Hoods Etc; Parts",5,"Korea, South",0.05800138571464618,5.800138571464617,0.0973633606092352,9.73633606092352
8414,"Air/vacuum Pumps, Fans; Vent Hoods Etc; Parts",6,Canada,0.05037574017637431,5.037574017637431,0.0200283956818859,2.0028395681885898
8414,"Air/vacuum Pumps, Fans; Vent Hoods Etc; Parts",7,Vietnam,0.04368549476603769,4.368549476603769,0.1192777814182667,11.92777814182667
8414,"Air/vacuum Pumps, Fans; Vent Hoods Etc; Parts",8,Italy,0.04365873022860458,4.365873022860458,0.09520036165612,9.520036165612
8414,"Air/vacuum Pumps, Fans; Vent Hoods Etc; Parts",9,Taiwan,0.036702381658274635,3.6702381658274637,0.1178511723579008,11.78511723579008
8414,"Air/vacuum Pumps, Fans; Vent Hoods Etc; Parts",10,Thailand,0.034581140853383825,3.4581140853383827,0.1297717707383379,12.97717707383379
8415,"Air Conditioning Machines (temp & Hum Change), Pts",1,Mexico,0.5027990873549946,50.279908735499454,0.0498619831592655,4.986198315926551
8415,"Air Conditioning Machines (temp & Hum Change), Pts",2,China,0.20886314978137635,20.886314978137634,0.3526670028000785,35.26670028000785
8415,"Air Conditioning Machines (temp & Hum Change), Pts",3,Thailand,0.11371479917544287,11.371479917544287,0.0790861226120727,7.908612261207271
8415,"Air Conditioning Machines (temp & Hum Change), Pts",4,Canada,0.08179290290575028,8.179290290575029,0.0413448501576516,4.1344850157651605
8415,"Air Conditioning Machines (temp & Hum Change), Pts",5,Japan,0.03398918215573092,3.398918215573092,0.0624796620744333,6.24796620744333
8415,"Air Conditioning Machines (temp & Hum Change), Pts",6,"Korea, South",0.024698234670257748,2.469823467025775,0.0840682824739397,8.40682824739397
8415,"Air Conditioning Machines (temp & Hum Change), Pts",7,Malaysia,0.009649456060600217,0.9649456060600217,0.1092757344843977,10.92757344843977
8415,"Air Conditioning Machines (temp & Hum Change), Pts",8,Germany,0.008648148675670387,0.8648148675670387,0.1402242299553872,14.022422995538719
8415,"Air Conditioning Machines (temp & Hum Change), Pts",9,Indonesia,0.0082650353439197,0.82650353439197,0.0591732835145262,5.91732835145262
8415,"Air Conditioning Machines (temp & Hum Change), Pts",10,Italy,0.007580003876257039,0.7580003876257039,0.1232059855251127,12.32059855251127
8416,"Furnace Burners; Mechanical Stokers Etc, Parts",1,Germany,0.2258442925741953,22.58442925741953,0.093965772737591,9.396577273759101
8416,"Furnace Burners; Mechanical Stokers Etc, Parts",2,Canada,0.20161039961819172,20.16103996181917,0.0150776065515849,1.50776065515849
8416,"Furnace Burners; Mechanical Stokers Etc, Parts",3,China,0.16384876020364564,16.384876020364565,0.3897733261108618,38.97733261108618
8416,"Furnace Burners; Mechanical Stokers Etc, Parts",4,Mexico,0.11656698966299142,11.656698966299142,0.030321460997857,3.0321460997857
8416,"Furnace Burners; Mechanical Stokers Etc, Parts",5,Italy,0.09414264393749501,9.414264393749502,0.0879812339386322,8.79812339386322
8416,"Furnace Burners; Mechanical Stokers Etc, Parts",6,United Kingdom,0.06805706056156668,6.8057060561566685,0.0633575606485583,6.33575606485583
8416,"Furnace Burners; Mechanical Stokers Etc, Parts",7,Netherlands,0.04828867506360166,4.828867506360166,0.0852982511027754,8.52982511027754
8416,"Furnace Burners; Mechanical Stokers Etc, Parts",8,Czech Republic,0.029769454371535595,2.9769454371535593,0.0669562282579654,6.695622825796541
8416,"Furnace Burners; Mechanical Stokers Etc, Parts",9,India,0.02709857645162098,2.709857645162098,0.0871956964916943,8.71956964916943
8416,"Furnace Burners; Mechanical Stokers Etc, Parts",10,"Korea, South",0.024773147555156062,2.4773147555156063,0.0788186380439741,7.88186380439741
8417,"Industrial Or Lab Furnaces & Ovens, Nonelect, Pts",1,Germany,0.20571538576384815,20.571538576384814,0.1109435822038856,11.09435822038856
8417,"Industrial Or Lab Furnaces & Ovens, Nonelect, Pts",2,Canada,0.1851913262168366,18.51913262168366,0.0142984647918897,1.42984647918897
8417,"Industrial Or Lab Furnaces & Ovens, Nonelect, Pts",3,Italy,0.1712940601990141,17.12940601990141,0.0960275809183585,9.60275809183585
8417,"Industrial Or Lab Furnaces & Ovens, Nonelect, Pts",4,China,0.11139683644305626,11.139683644305626,0.4482609330737603,44.82609330737603
8417,"Industrial Or Lab Furnaces & Ovens, Nonelect, Pts",5,Mexico,0.09362180256840986,9.362180256840986,0.0320541837128434,3.20541837128434
8417,"Industrial Or Lab Furnaces & Ovens, Nonelect, Pts",6,Spain,0.05757528484750021,5.757528484750021,0.1051354743673649,10.51354743673649
8417,"Industrial Or Lab Furnaces & Ovens, Nonelect, Pts",7,"Korea, South",0.05583007550960325,5.583007550960325,0.092613920013688,9.2613920013688
8417,"Industrial Or Lab Furnaces & Ovens, Nonelect, Pts",8,Brazil,0.0443157154035572,4.43157154035572,0.0599663265474145,5.99663265474145
8417,"Industrial Or Lab Furnaces & Ovens, Nonelect, Pts",9,United Kingdom,0.03769564697345912,3.7695646973459116,0.0947257918431238,9.47257918431238
8417,"Industrial Or Lab Furnaces & Ovens, Nonelect, Pts",10,Austria,0.03736386607471518,3.736386607471518,0.0450714934292933,4.50714934292933
8418,"Refrigerators, Freezers Etc; Heat Pumps Nesoi, Pts",1,Mexico,0.47952038545041714,47.95203854504172,0.0202617988094295,2.02617988094295
8418,"Refrigerators, Freezers Etc; Heat Pumps Nesoi, Pts",2,China,0.19402615270396356,19.402615270396357,0.418461339530939,41.8461339530939
8418,"Refrigerators, Freezers Etc; Heat Pumps Nesoi, Pts",3,"Korea, South",0.14447259361300976,14.447259361300976,0.0609126202643519,6.09126202643519
8418,"Refrigerators, Freezers Etc; Heat Pumps Nesoi, Pts",4,Thailand,0.06078898438651276,6.078898438651276,0.1277869889260888,12.778698892608881
8418,"Refrigerators, Freezers Etc; Heat Pumps Nesoi, Pts",5,Canada,0.03921705071909438,3.9217050719094377,0.0053960546496772,0.53960546496772
8418,"Refrigerators, Freezers Etc; Heat Pumps Nesoi, Pts",6,Italy,0.02904058878465669,2.904058878465669,0.0473568362101736,4.73568362101736
8418,"Refrigerators, Freezers Etc; Heat Pumps Nesoi, Pts",7,Turkey,0.021654713913347372,2.165471391334737,0.1013518739316381,10.13518739316381
8418,"Refrigerators, Freezers Etc; Heat Pumps Nesoi, Pts",8,Vietnam,0.014228695173012758,1.4228695173012758,0.1054861327368995,10.54861327368995
8418,"Refrigerators, Freezers Etc; Heat Pumps Nesoi, Pts",9,Japan,0.009448591164932862,0.9448591164932861,0.1042315697913704,10.42315697913704
8418,"Refrigerators, Freezers Etc; Heat Pumps Nesoi, Pts",10,Germany,0.007602244091052745,0.7602244091052746,0.0848964637637111,8.48964637637111
8419,"Machinery Etc For Temp Chang Treat Mat; W Heat, Pt",1,Mexico,0.20749102295493693,20.749102295493692,0.0351353434556409,3.51353434556409
8419,"Machinery Etc For Temp Chang Treat Mat; W Heat, Pt",2,China,0.1551278609455752,15.512786094557521,0.4342229784572562,43.42229784572562
8419,"Machinery Etc For Temp Chang Treat Mat; W Heat, Pt",3,Canada,0.12994204335345014,12.994204335345014,0.0226053470440193,2.26053470440193
8419,"Machinery Etc For Temp Chang Treat Mat; W Heat, Pt",4,Germany,0.112336311195356,11.2336311195356,0.1068840403879518,10.688404038795179
8419,"Machinery Etc For Temp Chang Treat Mat; W Heat, Pt",5,"Korea, South",0.10377073435807307,10.377073435807308,0.0608164105215003,6.08164105215003
8419,"Machinery Etc For Temp Chang Treat Mat; W Heat, Pt",6,Japan,0.08757459992129162,8.757459992129162,0.1062521630518731,10.62521630518731
8419,"Machinery Etc For Temp Chang Treat Mat; W Heat, Pt",7,Taiwan,0.0602270631430331,6.02270631430331,0.1100587083593108,11.005870835931079
8419,"Machinery Etc For Temp Chang Treat Mat; W Heat, Pt",8,Italy,0.05987433939482709,5.98743393948271,0.0930708801902457,9.30708801902457
8419,"Machinery Etc For Temp Chang Treat Mat; W Heat, Pt",9,United Kingdom,0.043970938893889804,4.39709388938898,0.067536851353612,6.7536851353611995
8419,"Machinery Etc For Temp Chang Treat Mat; W Heat, Pt",10,Switzerland,0.039685085839566994,3.9685085839566994,0.1354882832764042,13.54882832764042
8420,"Calendering Machines Etc Nesoi & Cylinders, Parts",1,Germany,0.2937815720655565,29.37815720655565,0.0437029330352885,4.37029330352885
8420,"Calendering Machines Etc Nesoi & Cylinders, Parts",2,China,0.20711642061903346,20.711642061903348,0.3600386594220054,36.00386594220054
8420,"Calendering Machines Etc Nesoi & Cylinders, Parts",3,Italy,0.19671612111909242,19.67161211190924,0.0720928723682813,7.209287236828129
8420,"Calendering Machines Etc Nesoi & Cylinders, Parts",4,"Korea, South",0.11795718228434394,11.795718228434394,0.0073529221119517,0.73529221119517
8420,"Calendering Machines Etc Nesoi & Cylinders, Parts",5,Taiwan,0.05541137119033332,5.541137119033332,0.0408975591150475,4.08975591150475
8420,"Calendering Machines Etc Nesoi & Cylinders, Parts",6,Japan,0.03705996254359173,3.7059962543591727,0.0384183920007287,3.8418392000728696
8420,"Calendering Machines Etc Nesoi & Cylinders, Parts",7,Czech Republic,0.03253250208253369,3.253250208253369,0.0266511500236825,2.6651150023682497
8420,"Calendering Machines Etc Nesoi & Cylinders, Parts",8,Spain,0.02104226668391324,2.1042266683913238,0.0530571208237737,5.3057120823773705
8420,"Calendering Machines Etc Nesoi & Cylinders, Parts",9,Canada,0.01990119205311861,1.9901192053118608,0.0182692429682445,1.82692429682445
8420,"Calendering Machines Etc Nesoi & Cylinders, Parts",10,Sweden,0.0184814093584831,1.84814093584831,0.0469169072184432,4.69169072184432
8421,Centrifuges; Filter Etc Mach For Liq Or Gases; Pts,1,Mexico,0.3545760934347939,35.45760934347939,0.0290615395903837,2.9061539590383703
8421,Centrifuges; Filter Etc Mach For Liq Or Gases; Pts,2,China,0.14248813391279205,14.248813391279205,0.4274046671083693,42.74046671083693
8421,Centrifuges; Filter Etc Mach For Liq Or Gases; Pts,3,Germany,0.1315592325116826,13.155923251168261,0.0897294466666412,8.972944666664121
8421,Centrifuges; Filter Etc Mach For Liq Or Gases; Pts,4,Canada,0.12570764485301442,12.570764485301442,0.0132304747372957,1.3230474737295699
8421,Centrifuges; Filter Etc Mach For Liq Or Gases; Pts,5,Japan,0.06375383576408782,6.375383576408781,0.0902984939668146,9.02984939668146
8421,Centrifuges; Filter Etc Mach For Liq Or Gases; Pts,6,"Korea, South",0.05492264931692377,5.492264931692377,0.0875670860704971,8.75670860704971
8421,Centrifuges; Filter Etc Mach For Liq Or Gases; Pts,7,United Kingdom,0.042314460793822485,4.231446079382248,0.0733673857006027,7.33673857006027
8421,Centrifuges; Filter Etc Mach For Liq Or Gases; Pts,8,Ireland,0.030434792437905606,3.0434792437905607,0.0798784017429694,7.98784017429694
8421,Centrifuges; Filter Etc Mach For Liq Or Gases; Pts,9,Taiwan,0.028102686461354987,2.8102686461354986,0.1124873842932291,11.248738429322911
8421,Centrifuges; Filter Etc Mach For Liq Or Gases; Pts,10,Italy,0.0261404705136223,2.61404705136223,0.0777684462727713,7.776844627277129
8422,"Machines, Dishwash, Clean Etc Cont & Fill, Pak Etc",1,Germany,0.27656445809721575,27.656445809721575,0.0708745403543817,7.087454035438171
8422,"Machines, Dishwash, Clean Etc Cont & Fill, Pak Etc",2,Italy,0.22860188799056852,22.860188799056854,0.0813569192042334,8.135691920423339
8422,"Machines, Dishwash, Clean Etc Cont & Fill, Pak Etc",3,Canada,0.13480760213180948,13.480760213180949,0.0082854912249478,0.8285491224947801
8422,"Machines, Dishwash, Clean Etc Cont & Fill, Pak Etc",4,China,0.08965491749495903,8.965491749495904,0.4170294275218307,41.70294275218307
8422,"Machines, Dishwash, Clean Etc Cont & Fill, Pak Etc",5,"Korea, South",0.06086148748185682,6.086148748185682,0.09222270168529,9.222270168528999
8422,"Machines, Dishwash, Clean Etc Cont & Fill, Pak Etc",6,Switzerland,0.05642558382968407,5.642558382968407,0.0804307906415317,8.04307906415317
8422,"Machines, Dishwash, Clean Etc Cont & Fill, Pak Etc",7,Japan,0.04344329192015399,4.344329192015399,0.0645502668661334,6.45502668661334
8422,"Machines, Dishwash, Clean Etc Cont & Fill, Pak Etc",8,Netherlands,0.04333159537331657,4.333159537331658,0.0891414786105064,8.91414786105064
8422,"Machines, Dishwash, Clean Etc Cont & Fill, Pak Etc",9,France,0.03578531124245909,3.5785311242459086,0.0859555570324745,8.59555570324745
8422,"Machines, Dishwash, Clean Etc Cont & Fill, Pak Etc",10,Thailand,0.0305238644379766,3.05238644379766,0.1380453824494087,13.80453824494087
8423,Weighing Machines & Weighing Machine Weights; Pts,1,China,0.3957026712134666,39.57026712134666,0.2630249048324819,26.302490483248192
8423,Weighing Machines & Weighing Machine Weights; Pts,2,Mexico,0.18505555811441748,18.50555581144175,0.0237352883645155,2.37352883645155
8423,Weighing Machines & Weighing Machine Weights; Pts,3,Japan,0.13564055593443386,13.564055593443387,0.0835781432009172,8.35781432009172
8423,Weighing Machines & Weighing Machine Weights; Pts,4,Germany,0.12759943779268848,12.759943779268848,0.0883820102038935,8.83820102038935
8423,Weighing Machines & Weighing Machine Weights; Pts,5,"Korea, South",0.04623249609137433,4.623249609137433,0.0542371081795444,5.42371081795444
8423,Weighing Machines & Weighing Machine Weights; Pts,6,Canada,0.03027873101087002,3.027873101087002,0.0665410426922201,6.654104269222009
8423,Weighing Machines & Weighing Machine Weights; Pts,7,Taiwan,0.02211714272852433,2.211714272852433,0.0786746995975016,7.86746995975016
8423,Weighing Machines & Weighing Machine Weights; Pts,8,Switzerland,0.019712817195455017,1.9712817195455017,0.1339830121484095,13.398301214840949
8423,Weighing Machines & Weighing Machine Weights; Pts,9,Denmark,0.019346011840320154,1.9346011840320154,0.0929922616513982,9.299226165139821
8423,Weighing Machines & Weighing Machine Weights; Pts,10,United Kingdom,0.018314578078449825,1.8314578078449824,0.0838906256935769,8.38906256935769
8424,Mech Appl To Disperse Liq Etc; Sand Etc Blast Mach,1,China,0.3205388887645123,32.05388887645123,0.3115424758771724,31.154247587717236
8424,Mech Appl To Disperse Liq Etc; Sand Etc Blast Mach,2,Mexico,0.20351063481754603,20.351063481754604,0.0137929772497873,1.37929772497873
8424,Mech Appl To Disperse Liq Etc; Sand Etc Blast Mach,3,Vietnam,0.11204587396038092,11.204587396038091,0.0699221431098603,6.9922143109860295
8424,Mech Appl To Disperse Liq Etc; Sand Etc Blast Mach,4,Canada,0.09319639258781864,9.319639258781864,0.0254027841161854,2.54027841161854
8424,Mech Appl To Disperse Liq Etc; Sand Etc Blast Mach,5,Germany,0.0831534860265639,8.31534860265639,0.1232261410170574,12.322614101705739
8424,Mech Appl To Disperse Liq Etc; Sand Etc Blast Mach,6,"Korea, South",0.04644308797591227,4.6443087975912265,0.0926133620697235,9.26133620697235
8424,Mech Appl To Disperse Liq Etc; Sand Etc Blast Mach,7,Italy,0.04314104372820909,4.314104372820909,0.1085410262110978,10.85410262110978
8424,Mech Appl To Disperse Liq Etc; Sand Etc Blast Mach,8,Japan,0.037222054349199195,3.7222054349199194,0.0966701596531223,9.66701596531223
8424,Mech Appl To Disperse Liq Etc; Sand Etc Blast Mach,9,Taiwan,0.037106582479812716,3.7106582479812715,0.1190746153565238,11.90746153565238
8424,Mech Appl To Disperse Liq Etc; Sand Etc Blast Mach,10,United Kingdom,0.023641955310044913,2.364195531004491,0.085137007599894,8.5137007599894
8425,Pulley Tackle & Hoists (exc Skip); Winch Etc; Jaks,1,China,0.5287454757798968,52.87454757798968,0.429704505782736,42.9704505782736
8425,Pulley Tackle & Hoists (exc Skip); Winch Etc; Jaks,2,Canada,0.13883836375641537,13.883836375641536,0.0118269012033006,1.18269012033006
8425,Pulley Tackle & Hoists (exc Skip); Winch Etc; Jaks,3,Germany,0.0710743088954653,7.107430889546531,0.0842478719181014,8.42478719181014
8425,Pulley Tackle & Hoists (exc Skip); Winch Etc; Jaks,4,Mexico,0.06936921028872702,6.9369210288727015,0.009847338026456,0.9847338026456
8425,Pulley Tackle & Hoists (exc Skip); Winch Etc; Jaks,5,Japan,0.0450178534665095,4.5017853466509505,0.0835969778487619,8.35969778487619
8425,Pulley Tackle & Hoists (exc Skip); Winch Etc; Jaks,6,Thailand,0.037997975137680176,3.7997975137680178,0.1737286264679936,17.372862646799362
8425,Pulley Tackle & Hoists (exc Skip); Winch Etc; Jaks,7,United Kingdom,0.03171981821161962,3.171981821161962,0.0500435702039597,5.00435702039597
8425,Pulley Tackle & Hoists (exc Skip); Winch Etc; Jaks,8,France,0.025939199496496736,2.5939199496496737,0.0484625691993594,4.84625691993594
8425,Pulley Tackle & Hoists (exc Skip); Winch Etc; Jaks,9,Italy,0.025826004497083818,2.582600449708382,0.0937685060561175,9.37685060561175
8425,Pulley Tackle & Hoists (exc Skip); Winch Etc; Jaks,10,India,0.02547179047010574,2.547179047010574,0.1617585130270687,16.17585130270687
8426,Ship's Derricks; Cranes; Mobile Lifting Frames Etc,1,Germany,0.24624661704724962,24.62466170472496,0.0683700106459752,6.83700106459752
8426,Ship's Derricks; Cranes; Mobile Lifting Frames Etc,2,Japan,0.2457253056048315,24.57253056048315,0.0855989925486297,8.55989925486297
8426,Ship's Derricks; Cranes; Mobile Lifting Frames Etc,3,China,0.12176805619528264,12.176805619528263,0.1116347557189979,11.16347557189979
8426,Ship's Derricks; Cranes; Mobile Lifting Frames Etc,4,Austria,0.11444708524324075,11.444708524324074,0.0285288922637392,2.8528892263739203
8426,Ship's Derricks; Cranes; Mobile Lifting Frames Etc,5,Italy,0.06938603058417793,6.938603058417793,0.0885553831143114,8.85553831143114
8426,Ship's Derricks; Cranes; Mobile Lifting Frames Etc,6,Poland,0.06559464116584378,6.559464116584378,0.034126669505212,3.4126669505212
8426,Ship's Derricks; Cranes; Mobile Lifting Frames Etc,7,Canada,0.055411577479841906,5.54115774798419,0.0496970420881705,4.96970420881705
8426,Ship's Derricks; Cranes; Mobile Lifting Frames Etc,8,France,0.02807820781073553,2.8078207810735534,0.0916688105418616,9.16688105418616
8426,Ship's Derricks; Cranes; Mobile Lifting Frames Etc,9,Spain,0.027440373128828254,2.7440373128828255,0.0579548129451919,5.79548129451919
8426,Ship's Derricks; Cranes; Mobile Lifting Frames Etc,10,Denmark,0.0259021057399681,2.59021057399681,0.0728956934934648,7.289569349346479
8427,Fork-lift Trucks; Oth Works Trucks With Lifts Etc.,1,United Kingdom,0.16476879646643705,16.476879646643706,0.0759278001220351,7.59278001220351
8427,Fork-lift Trucks; Oth Works Trucks With Lifts Etc.,2,China,0.12925012717583892,12.925012717583892,0.4581526336851171,45.81526336851171
8427,Fork-lift Trucks; Oth Works Trucks With Lifts Etc.,3,Mexico,0.12869533941986036,12.869533941986036,0.0363568999826255,3.63568999826255
8427,Fork-lift Trucks; Oth Works Trucks With Lifts Etc.,4,"Korea, South",0.11999322000895728,11.999322000895727,0.068360911588151,6.836091158815099
8427,Fork-lift Trucks; Oth Works Trucks With Lifts Etc.,5,Japan,0.11425854275003818,11.425854275003818,0.1661321005192498,16.61321005192498
8427,Fork-lift Trucks; Oth Works Trucks With Lifts Etc.,6,Canada,0.1017407382811867,10.17407382811867,0.012453722317181,1.2453722317181
8427,Fork-lift Trucks; Oth Works Trucks With Lifts Etc.,7,Italy,0.08572625404259536,8.572625404259536,0.1011125137209488,10.11125137209488
8427,Fork-lift Trucks; Oth Works Trucks With Lifts Etc.,8,Germany,0.07974326973053587,7.9743269730535875,0.1055835619916878,10.558356199168779
8427,Fork-lift Trucks; Oth Works Trucks With Lifts Etc.,9,Ireland,0.04949846265684798,4.949846265684798,0.0911785014518683,9.11785014518683
8427,Fork-lift Trucks; Oth Works Trucks With Lifts Etc.,10,India,0.026325249467702205,2.6325249467702205,0.062970265988217,6.2970265988217005
8428,"Lifting, Handling, Loading & Unload Machines Nesoi",1,Mexico,0.21031894610228175,21.031894610228175,0.0463495599734437,4.63495599734437
8428,"Lifting, Handling, Loading & Unload Machines Nesoi",2,Canada,0.18073968818010736,18.073968818010737,0.0214068642032072,2.14068642032072
8428,"Lifting, Handling, Loading & Unload Machines Nesoi",3,Germany,0.16886176579575904,16.886176579575903,0.132339155440569,13.2339155440569
8428,"Lifting, Handling, Loading & Unload Machines Nesoi",4,Japan,0.12367265676492355,12.367265676492355,0.1071181000218171,10.71181000218171
8428,"Lifting, Handling, Loading & Unload Machines Nesoi",5,"Korea, South",0.09305442438781127,9.305442438781126,0.0713671586151798,7.136715861517979
8428,"Lifting, Handling, Loading & Unload Machines Nesoi",6,China,0.06482593255228693,6.482593255228693,0.455170552199073,45.5170552199073
8428,"Lifting, Handling, Loading & Unload Machines Nesoi",7,Italy,0.0605503877884224,6.05503877884224,0.1018159040179852,10.18159040179852
8428,"Lifting, Handling, Loading & Unload Machines Nesoi",8,Austria,0.042175473656805844,4.217547365680584,0.0582265102940624,5.822651029406241
8428,"Lifting, Handling, Loading & Unload Machines Nesoi",9,Netherlands,0.03584656491684362,3.584656491684362,0.1140032325954986,11.400323259549861
8428,"Lifting, Handling, Loading & Unload Machines Nesoi",10,United Kingdom,0.01995415985475833,1.9954159854758329,0.0701799705606809,7.01799705606809
8429,"Self-propelled Bulldozers, Graders, Scrapers Etc",1,Japan,0.5540176781968995,55.40176781968995,0.1308855693755012,13.08855693755012
8429,"Self-propelled Bulldozers, Graders, Scrapers Etc",2,Brazil,0.09926818946152013,9.926818946152013,0.213554504518795,21.355450451879502
8429,"Self-propelled Bulldozers, Graders, Scrapers Etc",3,"Korea, South",0.07851322029642119,7.851322029642119,0.0671505952212931,6.715059522129311
8429,"Self-propelled Bulldozers, Graders, Scrapers Etc",4,Germany,0.058134936686040826,5.813493668604083,0.1048512498693333,10.485124986933329
8429,"Self-propelled Bulldozers, Graders, Scrapers Etc",5,United Kingdom,0.05743432529749104,5.743432529749104,0.1082682613496638,10.82682613496638
8429,"Self-propelled Bulldozers, Graders, Scrapers Etc",6,China,0.057000421584550466,5.700042158455046,0.4050371135736123,40.503711357361226
8429,"Self-propelled Bulldozers, Graders, Scrapers Etc",7,Italy,0.02623861797957357,2.623861797957357,0.1001439142621468,10.014391426214681
8429,"Self-propelled Bulldozers, Graders, Scrapers Etc",8,Czech Republic,0.02557718501674738,2.557718501674738,0.0841267519778165,8.412675197781649
8429,"Self-propelled Bulldozers, Graders, Scrapers Etc",9,Austria,0.023371201312734898,2.33712013127349,0.1144438614979888,11.44438614979888
8429,"Self-propelled Bulldozers, Graders, Scrapers Etc",10,Sweden,0.02044422416802101,2.0444224168021012,0.0731298367070765,7.312983670707649
8430,"Mach Nesoi, Moving, Grad Etc; Pile-dr; Snoplow Etc",1,Germany,0.17914875664919128,17.914875664919126,0.0720421730107044,7.20421730107044
8430,"Mach Nesoi, Moving, Grad Etc; Pile-dr; Snoplow Etc",2,Canada,0.1679119577970234,16.79119577970234,0.0112363185112539,1.12363185112539
8430,"Mach Nesoi, Moving, Grad Etc; Pile-dr; Snoplow Etc",3,Italy,0.148156086414606,14.815608641460601,0.0856110883642475,8.561108836424749
8430,"Mach Nesoi, Moving, Grad Etc; Pile-dr; Snoplow Etc",4,China,0.10647732456795235,10.647732456795236,0.3913693655784021,39.13693655784021
8430,"Mach Nesoi, Moving, Grad Etc; Pile-dr; Snoplow Etc",5,Sweden,0.09434742948202575,9.434742948202574,0.0724702041662926,7.24702041662926
8430,"Mach Nesoi, Moving, Grad Etc; Pile-dr; Snoplow Etc",6,Finland,0.07626779347285488,7.626779347285488,0.0810034883450618,8.10034883450618
8430,"Mach Nesoi, Moving, Grad Etc; Pile-dr; Snoplow Etc",7,"Korea, South",0.06888553199303539,6.888553199303539,0.0693224567684799,6.932245676847989
8430,"Mach Nesoi, Moving, Grad Etc; Pile-dr; Snoplow Etc",8,Japan,0.060496859502535354,6.049685950253536,0.0797331978187434,7.9733197818743395
8430,"Mach Nesoi, Moving, Grad Etc; Pile-dr; Snoplow Etc",9,Mexico,0.059603542802398365,5.960354280239836,0.0105317449977233,1.05317449977233
8430,"Mach Nesoi, Moving, Grad Etc; Pile-dr; Snoplow Etc",10,Austria,0.03870471731837732,3.8704717318377315,0.0516633276814056,5.16633276814056
8431,Parts For Machinery Of Headings 8425 To 8430,1,China,0.2182737285900962,21.82737285900962,0.5040342330371943,50.40342330371943
8431,Parts For Machinery Of Headings 8425 To 8430,2,Mexico,0.20541133504538972,20.541133504538973,0.1761881527760144,17.618815277601442
8431,Parts For Machinery Of Headings 8425 To 8430,3,Canada,0.17051271719967487,17.051271719967488,0.0898699433241991,8.986994332419911
8431,Parts For Machinery Of Headings 8425 To 8430,4,Germany,0.09364347560045018,9.364347560045019,0.1562947477681275,15.62947477681275
8431,Parts For Machinery Of Headings 8425 To 8430,5,Japan,0.07656621924068974,7.656621924068974,0.1846483569549379,18.46483569549379
8431,Parts For Machinery Of Headings 8425 To 8430,6,Italy,0.06916007931635225,6.9160079316352245,0.1661005091583562,16.610050915835618
8431,Parts For Machinery Of Headings 8425 To 8430,7,"Korea, South",0.06185240232280761,6.185240232280761,0.1429510064192531,14.295100641925309
8431,Parts For Machinery Of Headings 8425 To 8430,8,India,0.04178933055334756,4.178933055334756,0.2186284910699559,21.86284910699559
8431,Parts For Machinery Of Headings 8425 To 8430,9,Austria,0.03187504022971485,3.1875040229714853,0.1093521729421603,10.93521729421603
8431,Parts For Machinery Of Headings 8425 To 8430,10,United Kingdom,0.030915671901476968,3.0915671901476967,0.1080223911789862,10.802239117898619
8432,Agricult Etc Mach For Soil Etc; Lawn Rollers; Pts,1,Canada,0.5248177731042992,52.48177731042992,0.0222623395500463,2.2262339550046297
8432,Agricult Etc Mach For Soil Etc; Lawn Rollers; Pts,2,China,0.11517702979875395,11.517702979875395,0.3716975517027167,37.16975517027167
8432,Agricult Etc Mach For Soil Etc; Lawn Rollers; Pts,3,Germany,0.1110207829822469,11.10207829822469,0.0663263189119533,6.63263189119533
8432,Agricult Etc Mach For Soil Etc; Lawn Rollers; Pts,4,Mexico,0.06164173839821978,6.164173839821978,0.034056056980343,3.4056056980343
8432,Agricult Etc Mach For Soil Etc; Lawn Rollers; Pts,5,Italy,0.05206333234055629,5.206333234055629,0.0882725183544659,8.827251835446589
8432,Agricult Etc Mach For Soil Etc; Lawn Rollers; Pts,6,India,0.046331457973563556,4.633145797356356,0.1778494922042315,17.784949220423147
8432,Agricult Etc Mach For Soil Etc; Lawn Rollers; Pts,7,Netherlands,0.035232366364379215,3.5232366364379217,0.0552799111904018,5.52799111904018
8432,Agricult Etc Mach For Soil Etc; Lawn Rollers; Pts,8,France,0.018708155625123964,1.8708155625123963,0.0730121048480068,7.30121048480068
8432,Agricult Etc Mach For Soil Etc; Lawn Rollers; Pts,9,Vietnam,0.017880913163918846,1.7880913163918846,0.0572181735327966,5.72181735327966
8432,Agricult Etc Mach For Soil Etc; Lawn Rollers; Pts,10,Brazil,0.017126450248938326,1.7126450248938325,0.145375040238493,14.537504023849298
8433,"Harvest Etc Machines, Cleaning Eggs Etc Nesoi, Pts",1,China,0.1949224170344473,19.49224170344473,0.1793795301213863,17.937953012138628
8433,"Harvest Etc Machines, Cleaning Eggs Etc Nesoi, Pts",2,Mexico,0.1775811462807979,17.75811462807979,0.0379062226300609,3.79062226300609
8433,"Harvest Etc Machines, Cleaning Eggs Etc Nesoi, Pts",3,Germany,0.17418596568961447,17.418596568961448,0.0427684693106909,4.27684693106909
8433,"Harvest Etc Machines, Cleaning Eggs Etc Nesoi, Pts",4,Canada,0.14674175265077039,14.67417526507704,0.0076220449092715,0.7622044909271499
8433,"Harvest Etc Machines, Cleaning Eggs Etc Nesoi, Pts",5,Italy,0.08537086646275471,8.53708664627547,0.0485262154614723,4.852621546147231
8433,"Harvest Etc Machines, Cleaning Eggs Etc Nesoi, Pts",6,Vietnam,0.07722876471711519,7.722876471711519,0.0633627157363348,6.33627157363348
8433,"Harvest Etc Machines, Cleaning Eggs Etc Nesoi, Pts",7,Belgium,0.06227587559553482,6.2275875595534815,0.043366400177185,4.3366400177185005
8433,"Harvest Etc Machines, Cleaning Eggs Etc Nesoi, Pts",8,Netherlands,0.03233897371580518,3.2338973715805177,0.060192434180411,6.0192434180411
8433,"Harvest Etc Machines, Cleaning Eggs Etc Nesoi, Pts",9,United Kingdom,0.025032463473455835,2.5032463473455833,0.0628535558917827,6.28535558917827
8433,"Harvest Etc Machines, Cleaning Eggs Etc Nesoi, Pts",10,France,0.02432177437970415,2.4321774379704153,0.0617762595670729,6.17762595670729
8434,Milking Machines & Dairy Machinery & Parts,1,Netherlands,0.19122198245875033,19.122198245875033,0.0112345041937417,1.1234504193741701
8434,Milking Machines & Dairy Machinery & Parts,2,Germany,0.19108930515925446,19.108930515925447,0.0196862964399426,1.9686296439942599
8434,Milking Machines & Dairy Machinery & Parts,3,New Zealand,0.12796877072001886,12.796877072001886,0.0161206874111011,1.61206874111011
8434,Milking Machines & Dairy Machinery & Parts,4,Italy,0.09111798607269272,9.111798607269272,0.0391242543777412,3.91242543777412
8434,Milking Machines & Dairy Machinery & Parts,5,Israel,0.08866618525721005,8.866618525721005,0.090068101095939,9.0068101095939
8434,Milking Machines & Dairy Machinery & Parts,6,France,0.07442192891958531,7.4421928919585305,0.0337790791492232,3.37790791492232
8434,Milking Machines & Dairy Machinery & Parts,7,Denmark,0.0663762264985485,6.63762264985485,0.0149028411118478,1.49028411118478
8434,Milking Machines & Dairy Machinery & Parts,8,Sweden,0.059803022582508115,5.980302258250812,0.0030030318113273,0.30030318113272997
8434,Milking Machines & Dairy Machinery & Parts,9,Canada,0.057385729438072915,5.738572943807291,0.0103121460897461,1.0312146089746101
8434,Milking Machines & Dairy Machinery & Parts,10,Philippines,0.051948862893358656,5.194886289335866,0.0851042023237722,8.51042023237722
8435,"Presses Etc For Wine, Cider, Fruit Juice Etc, Pts",1,Italy,0.242760379720113,24.2760379720113,0.0871837117191484,8.718371171914841
8435,"Presses Etc For Wine, Cider, Fruit Juice Etc, Pts",2,Spain,0.1780722801852447,17.80722801852447,0.0767575520135428,7.67575520135428
8435,"Presses Etc For Wine, Cider, Fruit Juice Etc, Pts",3,France,0.15115036464120027,15.115036464120028,0.081052801435396,8.1052801435396
8435,"Presses Etc For Wine, Cider, Fruit Juice Etc, Pts",4,China,0.14088675141105528,14.088675141105528,0.2474765103880268,24.74765103880268
8435,"Presses Etc For Wine, Cider, Fruit Juice Etc, Pts",5,Germany,0.13231437053730596,13.231437053730597,0.088187522201014,8.8187522201014
8435,"Presses Etc For Wine, Cider, Fruit Juice Etc, Pts",6,Brazil,0.04922904919466191,4.922904919466191,0.1945155626882653,19.45155626882653
8435,"Presses Etc For Wine, Cider, Fruit Juice Etc, Pts",7,Austria,0.0423854041411389,4.23854041411389,0.1084370258637849,10.84370258637849
8435,"Presses Etc For Wine, Cider, Fruit Juice Etc, Pts",8,Slovenia,0.022400706804166545,2.2400706804166544,0.1046033223259875,10.46033223259875
8435,"Presses Etc For Wine, Cider, Fruit Juice Etc, Pts",9,"Korea, South",0.02104334231777779,2.104334231777779,0.0009120019345164,0.09120019345164
8435,"Presses Etc For Wine, Cider, Fruit Juice Etc, Pts",10,India,0.019757351047335645,1.9757351047335645,0.1211384101051834,12.11384101051834
8436,"Agri Etc & Poultry Etc Equip, Inc Incubators, Pts",1,Canada,0.4294245799970657,42.94245799970657,0.0101915071582804,1.01915071582804
8436,"Agri Etc & Poultry Etc Equip, Inc Incubators, Pts",2,Italy,0.16247068649711477,16.247068649711476,0.0702824116462384,7.02824116462384
8436,"Agri Etc & Poultry Etc Equip, Inc Incubators, Pts",3,Germany,0.11806533184429331,11.80653318442933,0.081877153659893,8.1877153659893
8436,"Agri Etc & Poultry Etc Equip, Inc Incubators, Pts",4,Netherlands,0.10302719893378472,10.302719893378471,0.0545817618752696,5.45817618752696
8436,"Agri Etc & Poultry Etc Equip, Inc Incubators, Pts",5,China,0.07274552283189299,7.2745522831892995,0.3250719907194482,32.50719907194482
8436,"Agri Etc & Poultry Etc Equip, Inc Incubators, Pts",6,Finland,0.0424609035117668,4.246090351176679,0.0549553647580599,5.49553647580599
8436,"Agri Etc & Poultry Etc Equip, Inc Incubators, Pts",7,Israel,0.019352072835684898,1.9352072835684897,0.0440061413084691,4.40061413084691
8436,"Agri Etc & Poultry Etc Equip, Inc Incubators, Pts",8,Mexico,0.019238140758873166,1.9238140758873166,0.0060869351822276,0.60869351822276
8436,"Agri Etc & Poultry Etc Equip, Inc Incubators, Pts",9,"Korea, South",0.018516820072050556,1.8516820072050557,0.0288734395664907,2.8873439566490697
8436,"Agri Etc & Poultry Etc Equip, Inc Incubators, Pts",10,Sweden,0.014698742717473122,1.4698742717473121,0.0628695158584885,6.2869515858488505
8437,"Mach For Cleaning Seed Etc & Work Cereal Etc, Pts",1,Canada,0.18973069636101428,18.973069636101428,0.003390541714865,0.3390541714865
8437,"Mach For Cleaning Seed Etc & Work Cereal Etc, Pts",2,Italy,0.1652545816721698,16.525458167216982,0.0619196523969551,6.19196523969551
8437,"Mach For Cleaning Seed Etc & Work Cereal Etc, Pts",3,Germany,0.1306522480981582,13.06522480981582,0.0592972645962002,5.92972645962002
8437,"Mach For Cleaning Seed Etc & Work Cereal Etc, Pts",4,Switzerland,0.11021871220002227,11.021871220002227,0.2127994961373207,21.279949613732068
8437,"Mach For Cleaning Seed Etc & Work Cereal Etc, Pts",5,China,0.1014221187419621,10.14221187419621,0.3663614458558725,36.636144585587246
8437,"Mach For Cleaning Seed Etc & Work Cereal Etc, Pts",6,United Kingdom,0.09971171194075182,9.971171194075183,0.0654696818043202,6.546968180432019
8437,"Mach For Cleaning Seed Etc & Work Cereal Etc, Pts",7,Spain,0.06622881425832403,6.622881425832403,0.0663168067771527,6.63168067771527
8437,"Mach For Cleaning Seed Etc & Work Cereal Etc, Pts",8,Denmark,0.048513939214289106,4.851393921428911,0.0983888920504741,9.83888920504741
8437,"Mach For Cleaning Seed Etc & Work Cereal Etc, Pts",9,Brazil,0.04500140405236472,4.500140405236472,0.1848832755066619,18.488327550666188
8437,"Mach For Cleaning Seed Etc & Work Cereal Etc, Pts",10,Netherlands,0.043265773460943735,4.326577346094373,0.1021914721410582,10.21914721410582
8438,Machinery For Indust Prep/manuf Of Food/drink Nes,1,Germany,0.27520849899699207,27.520849899699208,0.0873380721686241,8.73380721686241
8438,Machinery For Indust Prep/manuf Of Food/drink Nes,2,Netherlands,0.1713251281067114,17.13251281067114,0.0883717070714497,8.83717070714497
8438,Machinery For Indust Prep/manuf Of Food/drink Nes,3,Italy,0.16729204757673727,16.729204757673727,0.0822410079906843,8.224100799068431
8438,Machinery For Indust Prep/manuf Of Food/drink Nes,4,Canada,0.07963587651969423,7.963587651969423,0.0083035519700572,0.83035519700572
8438,Machinery For Indust Prep/manuf Of Food/drink Nes,5,Denmark,0.06789745349139927,6.789745349139927,0.0758768285725045,7.587682857250449
8438,Machinery For Indust Prep/manuf Of Food/drink Nes,6,China,0.06575991147737482,6.575991147737483,0.3867337379533223,38.673373795332225
8438,Machinery For Indust Prep/manuf Of Food/drink Nes,7,France,0.061061575943599664,6.106157594359966,0.096027106945974,9.6027106945974
8438,Machinery For Indust Prep/manuf Of Food/drink Nes,8,Japan,0.03951974486611215,3.951974486611215,0.091665959867134,9.1665959867134
8438,Machinery For Indust Prep/manuf Of Food/drink Nes,9,Mexico,0.03656282515098634,3.656282515098634,0.0104306359682613,1.04306359682613
8438,Machinery For Indust Prep/manuf Of Food/drink Nes,10,Spain,0.0357369378703927,3.5736937870392698,0.0834785529251806,8.34785529251806
8439,"Machinery For Making Pulp & Making Etc Paper, Pts",1,Germany,0.32223107114263416,32.223107114263414,0.0653636949266322,6.53636949266322
8439,"Machinery For Making Pulp & Making Etc Paper, Pts",2,Canada,0.1712694543359336,17.12694543359336,0.0109137381776294,1.09137381776294
8439,"Machinery For Making Pulp & Making Etc Paper, Pts",3,Finland,0.16712201778700728,16.712201778700727,0.0534912637137641,5.34912637137641
8439,"Machinery For Making Pulp & Making Etc Paper, Pts",4,Italy,0.08038228714374916,8.038228714374917,0.0365211077024282,3.65211077024282
8439,"Machinery For Making Pulp & Making Etc Paper, Pts",5,China,0.07160236384493884,7.160236384493884,0.3967912647046412,39.67912647046412
8439,"Machinery For Making Pulp & Making Etc Paper, Pts",6,Sweden,0.06842703818237669,6.842703818237669,0.0513186799193137,5.13186799193137
8439,"Machinery For Making Pulp & Making Etc Paper, Pts",7,Switzerland,0.040340083760811836,4.034008376081184,0.1761871908675541,17.618719086755412
8439,"Machinery For Making Pulp & Making Etc Paper, Pts",8,Austria,0.04026301513286034,4.026301513286034,0.0906538721611096,9.06538721611096
8439,"Machinery For Making Pulp & Making Etc Paper, Pts",9,Poland,0.019281902149177327,1.9281902149177328,0.0439917573266444,4.39917573266444
8439,"Machinery For Making Pulp & Making Etc Paper, Pts",10,India,0.019080766520510765,1.9080766520510766,0.1415286942970446,14.15286942970446
8440,"Bookbinding Machinery, Incl Book-sewing, Parts",1,Germany,0.2529417068182486,25.294170681824863,0.0638634664430077,6.38634664430077
8440,"Bookbinding Machinery, Incl Book-sewing, Parts",2,Switzerland,0.1972009986909143,19.720099869091428,0.0975795380396973,9.757953803969729
8440,"Bookbinding Machinery, Incl Book-sewing, Parts",3,China,0.16342424477558581,16.34242447755858,0.2697419960581844,26.974199605818438
8440,"Bookbinding Machinery, Incl Book-sewing, Parts",4,Japan,0.14018617668694294,14.018617668694294,0.0861544034675589,8.61544034675589
8440,"Bookbinding Machinery, Incl Book-sewing, Parts",5,Latvia,0.08978884501266982,8.978884501266982,0.0947582118713843,9.47582118713843
8440,"Bookbinding Machinery, Incl Book-sewing, Parts",6,United Kingdom,0.039304509365138095,3.9304509365138096,0.0233208234068703,2.33208234068703
8440,"Bookbinding Machinery, Incl Book-sewing, Parts",7,Canada,0.03793291202119636,3.7932912021196366,0.0104318107601533,1.04318107601533
8440,"Bookbinding Machinery, Incl Book-sewing, Parts",8,Italy,0.03778056653529986,3.778056653529986,0.0878856090331751,8.78856090331751
8440,"Bookbinding Machinery, Incl Book-sewing, Parts",9,Belgium,0.021919721848821717,2.1919721848821716,0.1087569325514818,10.87569325514818
8440,"Bookbinding Machinery, Incl Book-sewing, Parts",10,Taiwan,0.01952031824518246,1.952031824518246,0.0616590447600774,6.16590447600774
8441,"Mach For Making Up Pulp & Paper, Inc Cutters, Pts",1,Italy,0.19956150795390704,19.956150795390705,0.0742767098693445,7.42767098693445
8441,"Mach For Making Up Pulp & Paper, Inc Cutters, Pts",2,Germany,0.1934107949436346,19.341079494363463,0.0639934055616667,6.3993405561666705
8441,"Mach For Making Up Pulp & Paper, Inc Cutters, Pts",3,Switzerland,0.09806791399144903,9.806791399144902,0.0936904825677618,9.36904825677618
8441,"Mach For Making Up Pulp & Paper, Inc Cutters, Pts",4,Japan,0.09021264853485492,9.021264853485492,0.0506490454358303,5.0649045435830296
8441,"Mach For Making Up Pulp & Paper, Inc Cutters, Pts",5,China,0.08895995607360128,8.895995607360128,0.4424592469560647,44.24592469560647
8441,"Mach For Making Up Pulp & Paper, Inc Cutters, Pts",6,Malaysia,0.08745384089198646,8.745384089198646,0.1020764476767803,10.20764476767803
8441,"Mach For Making Up Pulp & Paper, Inc Cutters, Pts",7,France,0.07737862894169012,7.737862894169012,0.0977600838063044,9.77600838063044
8441,"Mach For Making Up Pulp & Paper, Inc Cutters, Pts",8,Canada,0.072805827558562,7.280582755856201,0.0143809226397064,1.43809226397064
8441,"Mach For Making Up Pulp & Paper, Inc Cutters, Pts",9,Sweden,0.04946111788851591,4.946111788851591,0.0884187545568015,8.84187545568015
8441,"Mach For Making Up Pulp & Paper, Inc Cutters, Pts",10,Spain,0.04268776322179855,4.268776322179855,0.0948124148618499,9.48124148618499
8442,"Mach Etc Nesoi For Typeset, Making Pr Plates Etc",1,Germany,0.27787740665506044,27.787740665506043,0.0689173772073499,6.89173772073499
8442,"Mach Etc Nesoi For Typeset, Making Pr Plates Etc",2,Canada,0.11616457615278075,11.616457615278076,0.0230664789329335,2.30664789329335
8442,"Mach Etc Nesoi For Typeset, Making Pr Plates Etc",3,Italy,0.10353394716346057,10.353394716346056,0.0684665564881784,6.84665564881784
8442,"Mach Etc Nesoi For Typeset, Making Pr Plates Etc",4,China,0.10238982617355595,10.238982617355594,0.4335551552283082,43.35551552283082
8442,"Mach Etc Nesoi For Typeset, Making Pr Plates Etc",5,Switzerland,0.10207554600534888,10.207554600534888,0.1339485399881633,13.39485399881633
8442,"Mach Etc Nesoi For Typeset, Making Pr Plates Etc",6,Netherlands,0.09068172640287693,9.068172640287694,0.049388847598226,4.9388847598226
8442,"Mach Etc Nesoi For Typeset, Making Pr Plates Etc",7,Japan,0.08932679788545633,8.932679788545633,0.0759110061263898,7.59110061263898
8442,"Mach Etc Nesoi For Typeset, Making Pr Plates Etc",8,United Kingdom,0.051100435405020406,5.110043540502041,0.0708262408299653,7.082624082996531
8442,"Mach Etc Nesoi For Typeset, Making Pr Plates Etc",9,Slovakia,0.03421440496425646,3.4214404964256464,0.087451659449545,8.7451659449545
8442,"Mach Etc Nesoi For Typeset, Making Pr Plates Etc",10,France,0.032635333192183355,3.2635333192183356,0.0452312317368298,4.52312317368298
8443,Print Mach Incl Ink-jet Mach Ancil T Prnt Pt Nesoi,1,Japan,0.26596913738439465,26.596913738439465,0.0714115548404693,7.141155484046929
8443,Print Mach Incl Ink-jet Mach Ancil T Prnt Pt Nesoi,2,Malaysia,0.18851674793918782,18.851674793918782,0.0830776333535829,8.30776333535829
8443,Print Mach Incl Ink-jet Mach Ancil T Prnt Pt Nesoi,3,China,0.1440238698601544,14.40238698601544,0.3042225345102353,30.42225345102353
8443,Print Mach Incl Ink-jet Mach Ancil T Prnt Pt Nesoi,4,Thailand,0.10387025286129976,10.387025286129976,0.0924822377645825,9.24822377645825
8443,Print Mach Incl Ink-jet Mach Ancil T Prnt Pt Nesoi,5,Vietnam,0.09948504280263581,9.948504280263581,0.0978986831416291,9.78986831416291
8443,Print Mach Incl Ink-jet Mach Ancil T Prnt Pt Nesoi,6,Mexico,0.05415715302864263,5.415715302864263,0.0165656915720116,1.6565691572011603
8443,Print Mach Incl Ink-jet Mach Ancil T Prnt Pt Nesoi,7,Philippines,0.04311487082794347,4.311487082794347,0.0912417017277281,9.124170172772809
8443,Print Mach Incl Ink-jet Mach Ancil T Prnt Pt Nesoi,8,Germany,0.04153073737517764,4.153073737517763,0.0669974739094275,6.69974739094275
8443,Print Mach Incl Ink-jet Mach Ancil T Prnt Pt Nesoi,9,Singapore,0.03159654105375031,3.1596541053750307,0.0559976749052344,5.59976749052344
8443,Print Mach Incl Ink-jet Mach Ancil T Prnt Pt Nesoi,10,Indonesia,0.027735646866813592,2.7735646866813592,0.0945649245807631,9.45649245807631
8444,"Machines Extruding, Drawing Etc Manmade Textiles",1,Germany,0.4767096442613851,47.67096442613851,0.1249923779065064,12.49923779065064
8444,"Machines Extruding, Drawing Etc Manmade Textiles",2,Italy,0.21936364622667617,21.936364622667618,0.095833006443494,9.5833006443494
8444,"Machines Extruding, Drawing Etc Manmade Textiles",3,China,0.08992361687832932,8.992361687832933,0.4034147680313814,40.341476803138136
8444,"Machines Extruding, Drawing Etc Manmade Textiles",4,United Kingdom,0.04458153293634984,4.458153293634984,0.0506645004259277,5.06645004259277
8444,"Machines Extruding, Drawing Etc Manmade Textiles",5,"Korea, South",0.03738015701160953,3.738015701160953,0.0156989730853657,1.56989730853657
8444,"Machines Extruding, Drawing Etc Manmade Textiles",6,Australia,0.035350254740897896,3.5350254740897897,0.0585619216411455,5.8561921641145505
8444,"Machines Extruding, Drawing Etc Manmade Textiles",7,Netherlands,0.030141809605149006,3.0141809605149006,0.0830264772926529,8.30264772926529
8444,"Machines Extruding, Drawing Etc Manmade Textiles",8,Austria,0.02782404747531607,2.782404747531607,0.1500003042880268,15.00003042880268
8444,"Machines Extruding, Drawing Etc Manmade Textiles",9,Belgium,0.020055035668890876,2.0055035668890877,0.0409808338671253,4.09808338671253
8444,"Machines Extruding, Drawing Etc Manmade Textiles",10,Japan,0.018670255195396147,1.8670255195396148,,
8445,Machines For Preparing Textile Fibers & Yarns,1,Germany,0.4203673393960398,42.036733939603984,0.0945137420262043,9.45137420262043
8445,Machines For Preparing Textile Fibers & Yarns,2,Italy,0.17080492572644654,17.080492572644655,0.0507859509923863,5.07859509923863
8445,Machines For Preparing Textile Fibers & Yarns,3,France,0.08930207139869567,8.930207139869568,0.1182310489922926,11.82310489922926
8445,Machines For Preparing Textile Fibers & Yarns,4,Japan,0.06581880218645775,6.581880218645775,0.0413491975758495,4.1349197575849495
8445,Machines For Preparing Textile Fibers & Yarns,5,China,0.06581537155264418,6.581537155264418,0.2843238170203748,28.43238170203748
8445,Machines For Preparing Textile Fibers & Yarns,6,Belgium,0.052516177676467025,5.251617767646702,0.098901380600768,9.8901380600768
8445,Machines For Preparing Textile Fibers & Yarns,7,Spain,0.048697593694515935,4.869759369451594,0.0979408707809899,9.79408707809899
8445,Machines For Preparing Textile Fibers & Yarns,8,India,0.04580904199984377,4.580904199984377,0.1417290029874633,14.17290029874633
8445,Machines For Preparing Textile Fibers & Yarns,9,Czech Republic,0.021848186158349592,2.1848186158349594,0.0507348074340376,5.07348074340376
8445,Machines For Preparing Textile Fibers & Yarns,10,Canada,0.019020490210539694,1.9020490210539693,0.0034558608898711,0.34558608898710996
8446,Weaving Machines (looms),1,Italy,0.2523633286754122,25.236332867541222,0.0802284055535397,8.02284055535397
8446,Weaving Machines (looms),2,Belgium,0.21975192484897255,21.975192484897256,0.0628919158588522,6.28919158588522
8446,Weaving Machines (looms),3,Germany,0.15797571337701627,15.797571337701626,0.065081055671675,6.508105567167501
8446,Weaving Machines (looms),4,Sweden,0.1414129376501066,14.14129376501066,0.0002839615961697,0.028396159616969997
8446,Weaving Machines (looms),5,Japan,0.08886959673808598,8.886959673808597,0.1173808718035802,11.73808718035802
8446,Weaving Machines (looms),6,Switzerland,0.058461157455729176,5.846115745572917,0.3285389869114514,32.85389869114514
8446,Weaving Machines (looms),7,China,0.023199131665743517,2.3199131665743518,0.3070791976303071,30.70791976303071
8446,Weaving Machines (looms),8,Austria,0.022055046827156456,2.2055046827156457,0.0873763240454439,8.73763240454439
8446,Weaving Machines (looms),9,New Zealand,0.018160911298437273,1.8160911298437272,0.0763379310705015,7.633793107050151
8446,Weaving Machines (looms),10,Norway,0.017750251463340024,1.7750251463340023,0.0501459854014598,5.01459854014598
8447,"Machines, Knitting, Stitch-bond, Lace, Net Etc.",1,Japan,0.38569409432791457,38.56940943279146,0.067596044888516,6.7596044888516005
8447,"Machines, Knitting, Stitch-bond, Lace, Net Etc.",2,Germany,0.1509334341048107,15.093343410481069,0.0508517419009352,5.08517419009352
8447,"Machines, Knitting, Stitch-bond, Lace, Net Etc.",3,Taiwan,0.13485307206322375,13.485307206322375,0.0926039521394354,9.26039521394354
8447,"Machines, Knitting, Stitch-bond, Lace, Net Etc.",4,China,0.11847508206367596,11.847508206367596,0.2254459082829617,22.544590828296172
8447,"Machines, Knitting, Stitch-bond, Lace, Net Etc.",5,Vietnam,0.052738562898855944,5.273856289885594,0.1031555185357938,10.31555185357938
8447,"Machines, Knitting, Stitch-bond, Lace, Net Etc.",6,Italy,0.04619633979532323,4.619633979532322,0.0830681888332237,8.30681888332237
8447,"Machines, Knitting, Stitch-bond, Lace, Net Etc.",7,Thailand,0.038801674303069966,3.8801674303069964,0.1041724950333462,10.41724950333462
8447,"Machines, Knitting, Stitch-bond, Lace, Net Etc.",8,Australia,0.03686285614097995,3.686285614097995,0.0423419797839649,4.23419797839649
8447,"Machines, Knitting, Stitch-bond, Lace, Net Etc.",9,"Korea, South",0.026326237977266673,2.632623797726667,0.0706710452202146,7.0671045220214594
8447,"Machines, Knitting, Stitch-bond, Lace, Net Etc.",10,Belgium,0.009118646324879381,0.9118646324879381,0.1499405572662822,14.994055726628218
8448,Auxiliary Machinery For Use With Textile Machines,1,Germany,0.41011668531180157,41.011668531180156,0.0806464940012976,8.06464940012976
8448,Auxiliary Machinery For Use With Textile Machines,2,Japan,0.09712789530428215,9.712789530428214,0.0890734749996875,8.90734749996875
8448,Auxiliary Machinery For Use With Textile Machines,3,Italy,0.09364170348587843,9.364170348587843,0.0918663011810499,9.18663011810499
8448,Auxiliary Machinery For Use With Textile Machines,4,China,0.08947984289074538,8.947984289074538,0.2453407723960278,24.53407723960278
8448,Auxiliary Machinery For Use With Textile Machines,5,Switzerland,0.0734909781278464,7.34909781278464,0.1572701113481642,15.72701113481642
8448,Auxiliary Machinery For Use With Textile Machines,6,Belgium,0.05324287238978608,5.3242872389786084,0.0935458146686342,9.354581466863419
8448,Auxiliary Machinery For Use With Textile Machines,7,Czech Republic,0.04928619253737321,4.92861925373732,0.0748212565651976,7.48212565651976
8448,Auxiliary Machinery For Use With Textile Machines,8,India,0.047866217398085,4.7866217398085,0.1646849695211993,16.468496952119928
8448,Auxiliary Machinery For Use With Textile Machines,9,Taiwan,0.047755119083920244,4.7755119083920246,0.0946279068006342,9.462790680063419
8448,Auxiliary Machinery For Use With Textile Machines,10,France,0.037992493470281656,3.7992493470281654,0.1063996722361102,10.63996722361102
8449,Mach F Manuf Or Finish Nonwovens;hat Blocks; Parts,1,Germany,0.4666758331239131,46.66758331239131,0.0292051653534911,2.92051653534911
8449,Mach F Manuf Or Finish Nonwovens;hat Blocks; Parts,2,Italy,0.18326531400482873,18.326531400482875,0.013461662842834,1.3461662842834
8449,Mach F Manuf Or Finish Nonwovens;hat Blocks; Parts,3,Portugal,0.10664237410607326,10.664237410607326,0.0836742069743387,8.36742069743387
8449,Mach F Manuf Or Finish Nonwovens;hat Blocks; Parts,4,China,0.08334567332064045,8.334567332064045,0.2361127431860817,23.61127431860817
8449,Mach F Manuf Or Finish Nonwovens;hat Blocks; Parts,5,France,0.06660984585117208,6.660984585117208,0.0366071131009371,3.6607113100937103
8449,Mach F Manuf Or Finish Nonwovens;hat Blocks; Parts,6,Austria,0.053355297942269744,5.335529794226974,0.0306205167185887,3.0620516718588697
8449,Mach F Manuf Or Finish Nonwovens;hat Blocks; Parts,7,Taiwan,0.012865457748054998,1.2865457748054998,,
8449,Mach F Manuf Or Finish Nonwovens;hat Blocks; Parts,8,Switzerland,0.011206682697142612,1.1206682697142611,0.1291093040242737,12.91093040242737
8449,Mach F Manuf Or Finish Nonwovens;hat Blocks; Parts,9,Canada,0.0096004845821093,0.96004845821093,0.0319551826408781,3.19551826408781
8449,Mach F Manuf Or Finish Nonwovens;hat Blocks; Parts,10,Israel,0.006433036623795648,0.6433036623795648,,
8450,"Washing Machines, Household- Or Laundry-type, Pts",1,Mexico,0.22202307652508924,22.202307652508924,0.0240290507007088,2.40290507007088
8450,"Washing Machines, Household- Or Laundry-type, Pts",2,China,0.2195019666317262,21.95019666317262,0.288661126532469,28.8661126532469
8450,"Washing Machines, Household- Or Laundry-type, Pts",3,"Korea, South",0.18127756622527666,18.127756622527667,0.0852037278510758,8.52037278510758
8450,"Washing Machines, Household- Or Laundry-type, Pts",4,Thailand,0.1740602992836384,17.40602992836384,0.119361181754543,11.936118175454299
8450,"Washing Machines, Household- Or Laundry-type, Pts",5,Vietnam,0.12331516333793952,12.331516333793951,0.1159308700043533,11.59308700043533
8450,"Washing Machines, Household- Or Laundry-type, Pts",6,Germany,0.027249853521101406,2.724985352110141,0.0988942528050098,9.88942528050098
8450,"Washing Machines, Household- Or Laundry-type, Pts",7,Sweden,0.02230093735056866,2.230093735056866,0.1053688153052468,10.536881530524681
8450,"Washing Machines, Household- Or Laundry-type, Pts",8,India,0.012356279749762271,1.2356279749762271,0.0925120402847584,9.25120402847584
8450,"Washing Machines, Household- Or Laundry-type, Pts",9,Spain,0.010536246816713217,1.0536246816713217,0.1240395561175677,12.40395561175677
8450,"Washing Machines, Household- Or Laundry-type, Pts",10,Czech Republic,0.00737861055818452,0.737861055818452,0.1021155551001148,10.21155551001148
8451,"Machinery (not Laundry) For Cleaning, Drying Etc",1,Mexico,0.5404904001671476,54.049040016714756,0.0365850853373244,3.65850853373244
8451,"Machinery (not Laundry) For Cleaning, Drying Etc",2,"Korea, South",0.2843999497583699,28.439994975836992,0.0970268029603877,9.70268029603877
8451,"Machinery (not Laundry) For Cleaning, Drying Etc",3,China,0.058237933737031955,5.823793373703196,0.4977438526405096,49.774385264050956
8451,"Machinery (not Laundry) For Cleaning, Drying Etc",4,Germany,0.028303571469289884,2.8303571469289883,0.0777835233906243,7.7783523390624305
8451,"Machinery (not Laundry) For Cleaning, Drying Etc",5,Thailand,0.023036296695278388,2.303629669527839,0.1633646951347512,16.33646951347512
8451,"Machinery (not Laundry) For Cleaning, Drying Etc",6,Italy,0.021855242106384714,2.1855242106384716,0.0779487779123096,7.79487779123096
8451,"Machinery (not Laundry) For Cleaning, Drying Etc",7,Spain,0.012333355651467762,1.2333355651467763,0.106004466456649,10.600446645664901
8451,"Machinery (not Laundry) For Cleaning, Drying Etc",8,Denmark,0.01135096735559621,1.135096735559621,0.085077166366742,8.5077166366742
8451,"Machinery (not Laundry) For Cleaning, Drying Etc",9,Malaysia,0.010050747992344521,1.0050747992344522,0.1281874687441327,12.81874687441327
8451,"Machinery (not Laundry) For Cleaning, Drying Etc",10,Poland,0.009941535067089094,0.9941535067089095,0.1199511363582319,11.99511363582319
8452,"Sewing Machines (not Book-sew), Cover Etc; Needles",1,Vietnam,0.32398060723961525,32.39806072396153,0.0939400130243453,9.39400130243453
8452,"Sewing Machines (not Book-sew), Cover Etc; Needles",2,Taiwan,0.20051545896790854,20.051545896790852,0.082000506429436,8.2000506429436
8452,"Sewing Machines (not Book-sew), Cover Etc; Needles",3,China,0.1419740851614216,14.19740851614216,0.2957163710759978,29.57163710759978
8452,"Sewing Machines (not Book-sew), Cover Etc; Needles",4,Thailand,0.1179127813048149,11.79127813048149,0.1011549590661913,10.115495906619131
8452,"Sewing Machines (not Book-sew), Cover Etc; Needles",5,Japan,0.09004243384297353,9.004243384297354,0.0836461046110838,8.364610461108379
8452,"Sewing Machines (not Book-sew), Cover Etc; Needles",6,Switzerland,0.04528760256875787,4.528760256875787,0.0512741478742193,5.12741478742193
8452,"Sewing Machines (not Book-sew), Cover Etc; Needles",7,Germany,0.035705106770918364,3.5705106770918364,0.0739932884146422,7.39932884146422
8452,"Sewing Machines (not Book-sew), Cover Etc; Needles",8,India,0.01637379711048972,1.637379711048972,0.2044785068035062,20.44785068035062
8452,"Sewing Machines (not Book-sew), Cover Etc; Needles",9,Mexico,0.015652385256250723,1.5652385256250723,0.0004588644331177,0.04588644331177
8452,"Sewing Machines (not Book-sew), Cover Etc; Needles",10,Italy,0.012555741776849491,1.2555741776849492,0.1076228574421558,10.76228574421558
8453,"Machinery For Work Leather Etc & Footwear Etc, Pts",1,Italy,0.3874758583857978,38.74758583857978,0.0770470140063632,7.70470140063632
8453,"Machinery For Work Leather Etc & Footwear Etc, Pts",2,Germany,0.3072036646986763,30.72036646986763,0.0836196173448354,8.36196173448354
8453,"Machinery For Work Leather Etc & Footwear Etc, Pts",3,Thailand,0.091759343657348,9.1759343657348,0.0792961946832981,7.92961946832981
8453,"Machinery For Work Leather Etc & Footwear Etc, Pts",4,China,0.07531271902507271,7.531271902507271,0.2307845922755667,23.07845922755667
8453,"Machinery For Work Leather Etc & Footwear Etc, Pts",5,France,0.03469709514086412,3.4697095140864125,0.1128706394843115,11.28706394843115
8453,"Machinery For Work Leather Etc & Footwear Etc, Pts",6,Brazil,0.02311443658667073,2.311443658667073,0.1522603241287109,15.22603241287109
8453,"Machinery For Work Leather Etc & Footwear Etc, Pts",7,Taiwan,0.021632926577046765,2.1632926577046763,0.0261099352615425,2.61099352615425
8453,"Machinery For Work Leather Etc & Footwear Etc, Pts",8,Canada,0.02082589232957924,2.082589232957924,0.0176356140559409,1.7635614055940898
8453,"Machinery For Work Leather Etc & Footwear Etc, Pts",9,Spain,0.01976349923780733,1.976349923780733,0.1192577754213046,11.92577754213046
8453,"Machinery For Work Leather Etc & Footwear Etc, Pts",10,"Korea, South",0.01821456436113705,1.821456436113705,0.0708157939239372,7.081579392393721
8454,"Converters, Ladles, Ingot Molds & Casting Mach, Pt",1,Canada,0.24053057603578837,24.053057603578836,0.026347604514146,2.6347604514146
8454,"Converters, Ladles, Ingot Molds & Casting Mach, Pt",2,Japan,0.21071299746343414,21.071299746343414,0.06104566076592,6.1045660765920005
8454,"Converters, Ladles, Ingot Molds & Casting Mach, Pt",3,China,0.14167280217586223,14.167280217586223,0.3344785422858377,33.447854228583765
8454,"Converters, Ladles, Ingot Molds & Casting Mach, Pt",4,Italy,0.13468149431884457,13.468149431884457,0.0634000551724651,6.340005517246509
8454,"Converters, Ladles, Ingot Molds & Casting Mach, Pt",5,Germany,0.12536178742393253,12.536178742393252,0.0660269041113432,6.602690411134319
8454,"Converters, Ladles, Ingot Molds & Casting Mach, Pt",6,Switzerland,0.03764838391728332,3.764838391728332,0.1366675910326104,13.66675910326104
8454,"Converters, Ladles, Ingot Molds & Casting Mach, Pt",7,United Kingdom,0.031891113234234554,3.1891113234234556,0.0913443501638101,9.13443501638101
8454,"Converters, Ladles, Ingot Molds & Casting Mach, Pt",8,Austria,0.030565844937094595,3.0565844937094595,0.0098560415500306,0.9856041550030601
8454,"Converters, Ladles, Ingot Molds & Casting Mach, Pt",9,India,0.02524452633908284,2.5244526339082842,0.1832942625197315,18.32942625197315
8454,"Converters, Ladles, Ingot Molds & Casting Mach, Pt",10,"Korea, South",0.021690474154442897,2.1690474154442896,0.0688109343290083,6.88109343290083
8455,Metal-rolling Mills And Rolls Therefor; Parts,1,Italy,0.2384209960257309,23.842099602573093,0.0595786892867268,5.95786892867268
8455,Metal-rolling Mills And Rolls Therefor; Parts,2,Germany,0.22360608057196615,22.360608057196615,0.081955695658133,8.195569565813301
8455,Metal-rolling Mills And Rolls Therefor; Parts,3,China,0.10382265231871972,10.382265231871973,0.349541642958216,34.9541642958216
8455,Metal-rolling Mills And Rolls Therefor; Parts,4,"Korea, South",0.09696761357432551,9.696761357432552,0.0323186836311135,3.2318683631113503
8455,Metal-rolling Mills And Rolls Therefor; Parts,5,Canada,0.07317318684597117,7.317318684597117,0.0181617275488617,1.8161727548861701
8455,Metal-rolling Mills And Rolls Therefor; Parts,6,Japan,0.07071466558203186,7.071466558203186,0.1020665986161675,10.20665986161675
8455,Metal-rolling Mills And Rolls Therefor; Parts,7,Brazil,0.06236583000978966,6.236583000978966,0.1250011544173413,12.500115441734131
8455,Metal-rolling Mills And Rolls Therefor; Parts,8,Thailand,0.04547927546411103,4.547927546411103,0.0262547515375854,2.62547515375854
8455,Metal-rolling Mills And Rolls Therefor; Parts,9,India,0.0430706447140162,4.3070644714016195,0.1076597269570255,10.76597269570255
8455,Metal-rolling Mills And Rolls Therefor; Parts,10,Turkey,0.04237905489333786,4.237905489333786,0.0792370554392834,7.923705543928341
8456,Machine Tools For Material Removal By Laser Etc,1,Japan,0.20657672097903926,20.657672097903927,0.0682432605648421,6.82432605648421
8456,Machine Tools For Material Removal By Laser Etc,2,Germany,0.18386204837282186,18.386204837282186,0.0842819186787019,8.42819186787019
8456,Machine Tools For Material Removal By Laser Etc,3,Italy,0.14510037832505038,14.510037832505038,0.0927101985991219,9.27101985991219
8456,Machine Tools For Material Removal By Laser Etc,4,Switzerland,0.10277698301305403,10.277698301305403,0.1612038084109846,16.120380841098463
8456,Machine Tools For Material Removal By Laser Etc,5,China,0.09924073958857936,9.924073958857935,0.4695943664903633,46.95943664903633
8456,Machine Tools For Material Removal By Laser Etc,6,Canada,0.08765962378252123,8.765962378252123,0.012897026596029,1.2897026596029
8456,Machine Tools For Material Removal By Laser Etc,7,"Korea, South",0.07885019826750946,7.885019826750946,0.0849339374675833,8.493393746758331
8456,Machine Tools For Material Removal By Laser Etc,8,Netherlands,0.033264118424497086,3.3264118424497084,0.0824865525124079,8.24865525124079
8456,Machine Tools For Material Removal By Laser Etc,9,Thailand,0.03301430710515788,3.3014307105157883,0.1103563656005243,11.03563656005243
8456,Machine Tools For Material Removal By Laser Etc,10,Singapore,0.029654882141769475,2.9654882141769474,0.0868579758680688,8.68579758680688
8457,"Machining Centers, Unit Const Mach Etc Work Metal",1,Japan,0.4051981936727757,40.51981936727757,0.0423054713869931,4.23054713869931
8457,"Machining Centers, Unit Const Mach Etc Work Metal",2,Germany,0.2856735054544686,28.567350545446864,0.0817119225033792,8.17119225033792
8457,"Machining Centers, Unit Const Mach Etc Work Metal",3,"Korea, South",0.11611437780483366,11.611437780483366,0.0763228188006773,7.632281880067731
8457,"Machining Centers, Unit Const Mach Etc Work Metal",4,Taiwan,0.07676283765896058,7.676283765896058,0.1260621744745088,12.606217447450879
8457,"Machining Centers, Unit Const Mach Etc Work Metal",5,Italy,0.04416373017283756,4.416373017283756,0.0867636745973127,8.676367459731269
8457,"Machining Centers, Unit Const Mach Etc Work Metal",6,Switzerland,0.025342098195310764,2.5342098195310765,0.0884282797913773,8.842827979137729
8457,"Machining Centers, Unit Const Mach Etc Work Metal",7,Spain,0.016282359390305267,1.6282359390305268,0.0639042681744459,6.39042681744459
8457,"Machining Centers, Unit Const Mach Etc Work Metal",8,Netherlands,0.013596109678004589,1.3596109678004589,0.0954408946367093,9.544089463670929
8457,"Machining Centers, Unit Const Mach Etc Work Metal",9,Sweden,0.009985009233123924,0.9985009233123924,0.1195924036983898,11.95924036983898
8457,"Machining Centers, Unit Const Mach Etc Work Metal",10,Brazil,0.00688177873937943,0.6881778739379429,0.197494666965424,19.7494666965424
8458,"Lathes For Removing Metal, Incl Turning Centers",1,Japan,0.4505248170550971,45.05248170550971,0.0441836224879383,4.41836224879383
8458,"Lathes For Removing Metal, Incl Turning Centers",2,"Korea, South",0.23079127386601409,23.07912738660141,0.0811307207257966,8.11307207257966
8458,"Lathes For Removing Metal, Incl Turning Centers",3,Germany,0.09202164444714137,9.202164444714137,0.0816137195064937,8.16137195064937
8458,"Lathes For Removing Metal, Incl Turning Centers",4,Taiwan,0.09034432310374903,9.034432310374903,0.1304590330179617,13.04590330179617
8458,"Lathes For Removing Metal, Incl Turning Centers",5,Thailand,0.044157407436647526,4.415740743664752,0.1503225617354001,15.03225617354001
8458,"Lathes For Removing Metal, Incl Turning Centers",6,Italy,0.04155219243764562,4.155219243764562,0.1171259374201513,11.71259374201513
8458,"Lathes For Removing Metal, Incl Turning Centers",7,China,0.02046695926535137,2.0466959265351368,0.4682910496436225,46.82910496436225
8458,"Lathes For Removing Metal, Incl Turning Centers",8,Spain,0.01276481607695566,1.276481607695566,0.1054075750553518,10.54075750553518
8458,"Lathes For Removing Metal, Incl Turning Centers",9,Switzerland,0.008967501919656163,0.8967501919656163,0.1315194610942362,13.151946109423621
8458,"Lathes For Removing Metal, Incl Turning Centers",10,Austria,0.008409064391742146,0.8409064391742147,0.0497935841641986,4.97935841641986
8459,"Machine Tools For Drilling, Boring, Milling Etc",1,Italy,0.21876118184851864,21.876118184851865,0.0913878387949888,9.13878387949888
8459,"Machine Tools For Drilling, Boring, Milling Etc",2,Germany,0.17628151427236247,17.628151427236247,0.1092532965000667,10.92532965000667
8459,"Machine Tools For Drilling, Boring, Milling Etc",3,Taiwan,0.1124498070120144,11.24498070120144,0.1213072690053935,12.13072690053935
8459,"Machine Tools For Drilling, Boring, Milling Etc",4,China,0.10170157440339614,10.170157440339613,0.4861950483731211,48.619504837312114
8459,"Machine Tools For Drilling, Boring, Milling Etc",5,Japan,0.0902892232199772,9.02892232199772,0.05109978172264,5.109978172264
8459,"Machine Tools For Drilling, Boring, Milling Etc",6,"Korea, South",0.0798692539837955,7.98692539837955,0.0672888880772862,6.7288888077286195
8459,"Machine Tools For Drilling, Boring, Milling Etc",7,Spain,0.07483091702232994,7.483091702232994,0.1075488259379458,10.75488259379458
8459,"Machine Tools For Drilling, Boring, Milling Etc",8,Canada,0.060630768049441314,6.0630768049441315,0.0160311180475005,1.60311180475005
8459,"Machine Tools For Drilling, Boring, Milling Etc",9,Switzerland,0.05982164624300553,5.9821646243005535,0.1726440204382028,17.26440204382028
8459,"Machine Tools For Drilling, Boring, Milling Etc",10,Netherlands,0.025364113945158855,2.5364113945158855,0.0854744132050111,8.547441320501111
8460,Machine Tools For Honing Or Finishing Metal Etc,1,Germany,0.27054528925035454,27.054528925035452,0.0750174890998689,7.5017489099868895
8460,Machine Tools For Honing Or Finishing Metal Etc,2,Switzerland,0.22497105555224362,22.497105555224362,0.1203777186317435,12.037771863174349
8460,Machine Tools For Honing Or Finishing Metal Etc,3,Japan,0.14603989829547911,14.603989829547912,0.0943749602213378,9.43749602213378
8460,Machine Tools For Honing Or Finishing Metal Etc,4,Taiwan,0.06809734999499702,6.809734999499701,0.1382922125636255,13.829221256362551
8460,Machine Tools For Honing Or Finishing Metal Etc,5,Italy,0.06449217543830739,6.449217543830739,0.104296512404761,10.4296512404761
8460,Machine Tools For Honing Or Finishing Metal Etc,6,Czech Republic,0.05657275329612327,5.657275329612327,0.0737130786976831,7.37130786976831
8460,Machine Tools For Honing Or Finishing Metal Etc,7,Thailand,0.05493242747304012,5.493242747304012,0.1243536306863041,12.43536306863041
8460,Machine Tools For Honing Or Finishing Metal Etc,8,China,0.04941746781758516,4.941746781758516,0.463900880658028,46.3900880658028
8460,Machine Tools For Honing Or Finishing Metal Etc,9,United Kingdom,0.03932552479650781,3.932552479650781,0.1218510941659242,12.18510941659242
8460,Machine Tools For Honing Or Finishing Metal Etc,10,Australia,0.02560605808536197,2.560605808536197,0.0666157097361138,6.66157097361138
8461,"Machine Tools For Shaping, Slotting, Gear Cut Etc",1,Germany,0.31509660198714406,31.509660198714407,0.0878773772642864,8.78773772642864
8461,"Machine Tools For Shaping, Slotting, Gear Cut Etc",2,Japan,0.12386688683265673,12.386688683265673,0.1017929523790721,10.17929523790721
8461,"Machine Tools For Shaping, Slotting, Gear Cut Etc",3,Italy,0.11584390135145603,11.584390135145602,0.1003622172362092,10.036221723620919
8461,"Machine Tools For Shaping, Slotting, Gear Cut Etc",4,Taiwan,0.1055587407175996,10.55587407175996,0.1392131792308713,13.921317923087129
8461,"Machine Tools For Shaping, Slotting, Gear Cut Etc",5,China,0.09371706141912434,9.371706141912433,0.4847306306818668,48.473063068186676
8461,"Machine Tools For Shaping, Slotting, Gear Cut Etc",6,Canada,0.07285138789790041,7.285138789790041,0.004633407190567,0.4633407190567
8461,"Machine Tools For Shaping, Slotting, Gear Cut Etc",7,Switzerland,0.04646931180539728,4.646931180539728,0.1052966383396485,10.52966383396485
8461,"Machine Tools For Shaping, Slotting, Gear Cut Etc",8,Mexico,0.04440086963589397,4.440086963589398,0.041428451156141,4.1428451156141
8461,"Machine Tools For Shaping, Slotting, Gear Cut Etc",9,India,0.04201470490319512,4.201470490319513,0.268802917555243,26.8802917555243
8461,"Machine Tools For Shaping, Slotting, Gear Cut Etc",10,"Korea, South",0.04018053344963248,4.018053344963248,0.1010219543186512,10.10219543186512
8462,Mach Tool & Press For Metal/carbide Forging Etc,1,Italy,0.19614781121676086,19.614781121676085,0.1073324761712529,10.73324761712529
8462,Mach Tool & Press For Metal/carbide Forging Etc,2,Germany,0.1828197712291282,18.28197712291282,0.1000881354754384,10.008813547543841
8462,Mach Tool & Press For Metal/carbide Forging Etc,3,Japan,0.15526815716945386,15.526815716945386,0.0602250896113747,6.02250896113747
8462,Mach Tool & Press For Metal/carbide Forging Etc,4,"Korea, South",0.09829281823542874,9.829281823542873,0.0502296570755811,5.02296570755811
8462,Mach Tool & Press For Metal/carbide Forging Etc,5,Austria,0.0898676075962698,8.98676075962698,0.1081107691265396,10.81107691265396
8462,Mach Tool & Press For Metal/carbide Forging Etc,6,Canada,0.08308296657777947,8.308296657777948,0.0311096236317645,3.11096236317645
8462,Mach Tool & Press For Metal/carbide Forging Etc,7,China,0.05836661875259535,5.8366618752595345,0.4904823387826068,49.048233878260675
8462,Mach Tool & Press For Metal/carbide Forging Etc,8,Switzerland,0.04853035615092306,4.853035615092306,0.1288247127581032,12.88247127581032
8462,Mach Tool & Press For Metal/carbide Forging Etc,9,Taiwan,0.046849767580354994,4.684976758035499,0.1250817851773016,12.508178517730158
8462,Mach Tool & Press For Metal/carbide Forging Etc,10,Turkey,0.04077412549130564,4.077412549130564,0.0845517688554509,8.45517688554509
8463,"Machine Tools For Working Metal, Nesoi",1,Germany,0.4281271434196237,42.81271434196237,0.0815117581626927,8.15117581626927
8463,"Machine Tools For Working Metal, Nesoi",2,Italy,0.13788067179866476,13.788067179866475,0.1167491175839253,11.674911758392529
8463,"Machine Tools For Working Metal, Nesoi",3,Japan,0.08361425290004941,8.361425290004942,0.0400208291788072,4.00208291788072
8463,"Machine Tools For Working Metal, Nesoi",4,China,0.07691895767891689,7.6918957678916895,0.4551082295296581,45.51082295296581
8463,"Machine Tools For Working Metal, Nesoi",5,Switzerland,0.06908069029960179,6.908069029960179,0.1893040001109249,18.93040001109249
8463,"Machine Tools For Working Metal, Nesoi",6,Canada,0.0525656067145046,5.25656067145046,0.0832802054811895,8.32802054811895
8463,"Machine Tools For Working Metal, Nesoi",7,Turkey,0.051796844663041894,5.179684466304189,0.022946921475307,2.2946921475307
8463,"Machine Tools For Working Metal, Nesoi",8,Taiwan,0.045498376168844744,4.549837616884474,0.1447277436632497,14.47277436632497
8463,"Machine Tools For Working Metal, Nesoi",9,Spain,0.030875388237734766,3.0875388237734764,0.0865199113065338,8.65199113065338
8463,"Machine Tools For Working Metal, Nesoi",10,Sweden,0.023642068119017454,2.3642068119017456,0.1237941257576225,12.379412575762249
8464,"Machine Tools For Working Stone, Etc & Glass",1,Italy,0.35588762722987155,35.588762722987155,0.07848953575713,7.848953575713
8464,"Machine Tools For Working Stone, Etc & Glass",2,China,0.22640130836338349,22.640130836338347,0.4787144465208173,47.87144465208173
8464,"Machine Tools For Working Stone, Etc & Glass",3,Germany,0.11357887027754889,11.357887027754888,0.1018069220587929,10.18069220587929
8464,"Machine Tools For Working Stone, Etc & Glass",4,Japan,0.06950545852650461,6.950545852650461,0.0893787120726276,8.93787120726276
8464,"Machine Tools For Working Stone, Etc & Glass",5,Bulgaria,0.05591401626692777,5.591401626692777,0.0789852539618823,7.89852539618823
8464,"Machine Tools For Working Stone, Etc & Glass",6,Austria,0.043052653629374826,4.305265362937483,0.0782656460483268,7.826564604832679
8464,"Machine Tools For Working Stone, Etc & Glass",7,Taiwan,0.039897025869638836,3.9897025869638836,0.1013744527667128,10.13744527667128
8464,"Machine Tools For Working Stone, Etc & Glass",8,Vietnam,0.03842358278818411,3.8423582788184114,0.1133329759469563,11.33329759469563
8464,"Machine Tools For Working Stone, Etc & Glass",9,Spain,0.031357753203688624,3.1357753203688623,0.0888135482807907,8.88135482807907
8464,"Machine Tools For Working Stone, Etc & Glass",10,Switzerland,0.025981703844877246,2.598170384487725,0.1438345584879696,14.383455848796961
8465,"Machine Tools For Working Wood, Cork, Bone Etc",1,Taiwan,0.26313986691906677,26.313986691906678,0.1216827627389688,12.16827627389688
8465,"Machine Tools For Working Wood, Cork, Bone Etc",2,China,0.23204872502029905,23.204872502029904,0.4382297547667728,43.82297547667728
8465,"Machine Tools For Working Wood, Cork, Bone Etc",3,Germany,0.172028237305926,17.202823730592602,0.0911200160750183,9.11200160750183
8465,"Machine Tools For Working Wood, Cork, Bone Etc",4,Italy,0.11792347081795747,11.792347081795747,0.089621085175651,8.962108517565099
8465,"Machine Tools For Working Wood, Cork, Bone Etc",5,Canada,0.09946273975450798,9.946273975450797,0.00427013267692,0.42701326769200004
8465,"Machine Tools For Working Wood, Cork, Bone Etc",6,Austria,0.030736748349422128,3.0736748349422127,0.1014766722490693,10.147667224906929
8465,"Machine Tools For Working Wood, Cork, Bone Etc",7,Mexico,0.026935850994615217,2.693585099461522,0.222113387590249,22.2113387590249
8465,"Machine Tools For Working Wood, Cork, Bone Etc",8,Vietnam,0.02481342755533967,2.481342755533967,0.1354664340505326,13.54664340505326
8465,"Machine Tools For Working Wood, Cork, Bone Etc",9,Japan,0.016723912050792416,1.6723912050792415,0.1022255120263999,10.22255120263999
8465,"Machine Tools For Working Wood, Cork, Bone Etc",10,Spain,0.01618702123207332,1.6187021232073322,0.0378129324100231,3.78129324100231
8466,Parts Etc For Machine Tools Of Head 8456 To 8465,1,Germany,0.20505070751315674,20.505070751315674,0.1042467901863886,10.42467901863886
8466,Parts Etc For Machine Tools Of Head 8456 To 8465,2,Taiwan,0.17061020756797424,17.061020756797422,0.1332986826662539,13.32986826662539
8466,Parts Etc For Machine Tools Of Head 8456 To 8465,3,Canada,0.14484382831210912,14.484382831210912,0.0122594770026895,1.2259477002689498
8466,Parts Etc For Machine Tools Of Head 8456 To 8465,4,Japan,0.1421315887080518,14.213158870805179,0.0759129887929759,7.5912988792975895
8466,Parts Etc For Machine Tools Of Head 8456 To 8465,5,China,0.09838092848083822,9.838092848083821,0.4717191192739051,47.17191192739051
8466,Parts Etc For Machine Tools Of Head 8456 To 8465,6,Italy,0.08566743361472444,8.566743361472444,0.102085440310092,10.208544031009199
8466,Parts Etc For Machine Tools Of Head 8456 To 8465,7,Switzerland,0.05317795761652499,5.317795761652499,0.2004117171284923,20.04117171284923
8466,Parts Etc For Machine Tools Of Head 8456 To 8465,8,"Korea, South",0.04077247869837042,4.077247869837041,0.0950056117613742,9.50056117613742
8466,Parts Etc For Machine Tools Of Head 8456 To 8465,9,Vietnam,0.032627090826758326,3.2627090826758325,0.1401192166311625,14.01192166311625
8466,Parts Etc For Machine Tools Of Head 8456 To 8465,10,India,0.026737778661491792,2.6737778661491793,0.2209504766258743,22.09504766258743
8467,"Tools For Working In The Hand, Pneum Hyd Etc, Pts",1,China,0.38596838761307295,38.596838761307296,0.2131592194434837,21.31592194434837
8467,"Tools For Working In The Hand, Pneum Hyd Etc, Pts",2,Vietnam,0.20964881393857115,20.964881393857116,0.0937921395950855,9.37921395950855
8467,"Tools For Working In The Hand, Pneum Hyd Etc, Pts",3,Mexico,0.1924702029670197,19.24702029670197,0.1162342851450093,11.62342851450093
8467,"Tools For Working In The Hand, Pneum Hyd Etc, Pts",4,Germany,0.07536540880071756,7.5365408800717555,0.1019369960843668,10.19369960843668
8467,"Tools For Working In The Hand, Pneum Hyd Etc, Pts",5,Taiwan,0.05739669345458769,5.739669345458769,0.0972208943348723,9.72208943348723
8467,"Tools For Working In The Hand, Pneum Hyd Etc, Pts",6,Japan,0.02419800129775139,2.419800129775139,0.0893708650698417,8.93708650698417
8467,"Tools For Working In The Hand, Pneum Hyd Etc, Pts",7,Sweden,0.02282329971991001,2.282329971991001,0.1321578093138127,13.215780931381271
8467,"Tools For Working In The Hand, Pneum Hyd Etc, Pts",8,Austria,0.012889653612427244,1.2889653612427243,0.1262153308804985,12.62153308804985
8467,"Tools For Working In The Hand, Pneum Hyd Etc, Pts",9,Thailand,0.010101359160667962,1.0101359160667962,0.0965312514079628,9.65312514079628
8467,"Tools For Working In The Hand, Pneum Hyd Etc, Pts",10,India,0.009138179435274346,0.9138179435274346,0.1938449966170399,19.38449966170399
8468,"Machines, Solder Etc; Gas Surf Temper Machines, Pt",1,Mexico,0.25311417347955406,25.311417347955405,0.1218373134359219,12.18373134359219
8468,"Machines, Solder Etc; Gas Surf Temper Machines, Pt",2,China,0.19650947089682522,19.65094708968252,0.4059037844004009,40.59037844004009
8468,"Machines, Solder Etc; Gas Surf Temper Machines, Pt",3,Germany,0.14352423009344423,14.352423009344422,0.0385645531036776,3.8564553103677603
8468,"Machines, Solder Etc; Gas Surf Temper Machines, Pt",4,Taiwan,0.1330001573248211,13.300015732482109,0.1154463502334212,11.54463502334212
8468,"Machines, Solder Etc; Gas Surf Temper Machines, Pt",5,United Kingdom,0.09292159492819174,9.292159492819174,0.063612747762363,6.3612747762363
8468,"Machines, Solder Etc; Gas Surf Temper Machines, Pt",6,Canada,0.04666640763530513,4.666640763530513,0.0206212083704175,2.06212083704175
8468,"Machines, Solder Etc; Gas Surf Temper Machines, Pt",7,Austria,0.04159155065956059,4.159155065956059,0.0986982421649423,9.86982421649423
8468,"Machines, Solder Etc; Gas Surf Temper Machines, Pt",8,"Korea, South",0.03402174838792306,3.402174838792306,0.0843983673710102,8.43983673710102
8468,"Machines, Solder Etc; Gas Surf Temper Machines, Pt",9,Japan,0.029737265737503106,2.9737265737503105,0.0648423557406305,6.48423557406305
8468,"Machines, Solder Etc; Gas Surf Temper Machines, Pt",10,Poland,0.028913400856871795,2.8913400856871796,0.1096844646001508,10.96844646001508
8470,"Calculating & Account Machines, Cash Registers Etc",1,China,0.23608949552975755,23.608949552975755,0.2948343605233888,29.48343605233888
8470,"Calculating & Account Machines, Cash Registers Etc",2,Vietnam,0.1872717030697562,18.727170306975623,0.0974202229043904,9.74202229043904
8470,"Calculating & Account Machines, Cash Registers Etc",3,Taiwan,0.16364615701094154,16.364615701094152,0.0678748080488348,6.78748080488348
8470,"Calculating & Account Machines, Cash Registers Etc",4,Mexico,0.12804401402183457,12.804401402183457,0.0170044221060032,1.70044221060032
8470,"Calculating & Account Machines, Cash Registers Etc",5,Thailand,0.10748340285113693,10.748340285113693,0.0917632418028112,9.17632418028112
8470,"Calculating & Account Machines, Cash Registers Etc",6,Philippines,0.056370795570621905,5.63707955706219,0.0715695784355862,7.1569578435586205
8470,"Calculating & Account Machines, Cash Registers Etc",7,Malaysia,0.045252955745609676,4.5252955745609675,0.0790607918451375,7.906079184513751
8470,"Calculating & Account Machines, Cash Registers Etc",8,India,0.03303948009286514,3.3039480092865143,0.0004372002787151,0.04372002787151
8470,"Calculating & Account Machines, Cash Registers Etc",9,"Korea, South",0.021870251047398717,2.1870251047398717,0.0522575645838624,5.225756458386241
8470,"Calculating & Account Machines, Cash Registers Etc",10,Canada,0.020931745060077667,2.0931745060077667,0.0135589412886515,1.35589412886515
8471,Automatic Data Process Machines; Magn Reader Etc,1,Mexico,0.3243944456181281,32.439444561812806,0.0044972553408337,0.44972553408337
8471,Automatic Data Process Machines; Magn Reader Etc,2,China,0.29220264951115077,29.220264951115077,0.1004798423195919,10.04798423195919
8471,Automatic Data Process Machines; Magn Reader Etc,3,Taiwan,0.19744421130522619,19.744421130522618,0.0004648332744606,0.04648332744606
8471,Automatic Data Process Machines; Magn Reader Etc,4,Vietnam,0.09069278603915618,9.069278603915617,0.0023381302568503,0.23381302568503
8471,Automatic Data Process Machines; Magn Reader Etc,5,Thailand,0.0674542542790378,6.74542542790378,0.0013879793286982,0.13879793286982
8471,Automatic Data Process Machines; Magn Reader Etc,6,Malaysia,0.007844732895823268,0.7844732895823268,0.0106021433470547,1.06021433470547
8471,Automatic Data Process Machines; Magn Reader Etc,7,Philippines,0.006045199190357756,0.6045199190357756,0.001711340898745,0.17113408987450002
8471,Automatic Data Process Machines; Magn Reader Etc,8,Germany,0.005285622671837782,0.5285622671837782,0.0340529460887355,3.40529460887355
8471,Automatic Data Process Machines; Magn Reader Etc,9,Hungary,0.004858320465978732,0.4858320465978732,0.0015648850619892,0.15648850619892
8471,Automatic Data Process Machines; Magn Reader Etc,10,Netherlands,0.0037777780233034432,0.3777778023303443,0.0104088355564754,1.04088355564754
8472,"Office Machines Nesoi (hectograph, Addressing Etc)",1,Vietnam,0.17667512044500255,17.667512044500256,0.0988762629133901,9.88762629133901
8472,"Office Machines Nesoi (hectograph, Addressing Etc)",2,"Korea, South",0.1552084731841212,15.52084731841212,0.0653895547991155,6.53895547991155
8472,"Office Machines Nesoi (hectograph, Addressing Etc)",3,China,0.1410106121093091,14.10106121093091,0.3989234051201063,39.892340512010634
8472,"Office Machines Nesoi (hectograph, Addressing Etc)",4,Philippines,0.12800337591888675,12.800337591888674,0.0480009937205621,4.80009937205621
8472,"Office Machines Nesoi (hectograph, Addressing Etc)",5,India,0.10444167034135576,10.444167034135576,0.1793510412514669,17.93510412514669
8472,"Office Machines Nesoi (hectograph, Addressing Etc)",6,Germany,0.0859794941576382,8.59794941576382,0.0651953338193596,6.51953338193596
8472,"Office Machines Nesoi (hectograph, Addressing Etc)",7,Mexico,0.07598131339083372,7.5981313390833725,0.1598197474222695,15.981974742226951
8472,"Office Machines Nesoi (hectograph, Addressing Etc)",8,Italy,0.04571350141490935,4.571350141490934,0.0780645186216882,7.80645186216882
8472,"Office Machines Nesoi (hectograph, Addressing Etc)",9,Japan,0.044227050683470014,4.4227050683470015,0.1046069383362469,10.46069383362469
8472,"Office Machines Nesoi (hectograph, Addressing Etc)",10,Hungary,0.04275938835447347,4.275938835447347,0.0929519179557932,9.29519179557932
8473,Parts Etc For Typewriters & Other Office Machines,1,Taiwan,0.45064448819593644,45.06444881959364,0.00161777276106,0.16177727610599998
8473,Parts Etc For Typewriters & Other Office Machines,2,"Korea, South",0.1667682716204666,16.67682716204666,0.0002929716013555,0.02929716013555
8473,Parts Etc For Typewriters & Other Office Machines,3,Vietnam,0.11650222684665049,11.65022268466505,0.0014472774314077,0.14472774314077
8473,Parts Etc For Typewriters & Other Office Machines,4,China,0.1066357541072366,10.66357541072366,0.2360492799294488,23.60492799294488
8473,Parts Etc For Typewriters & Other Office Machines,5,Malaysia,0.05575230928628601,5.575230928628601,0.0022523519461742,0.22523519461741998
8473,Parts Etc For Typewriters & Other Office Machines,6,Mexico,0.04028502312912442,4.028502312912442,0.0094880748671496,0.94880748671496
8473,Parts Etc For Typewriters & Other Office Machines,7,Philippines,0.02850654913219613,2.8506549132196133,0.0037046943893936,0.37046943893936
8473,Parts Etc For Typewriters & Other Office Machines,8,Thailand,0.023028492933448826,2.3028492933448828,0.0080852043092826,0.80852043092826
8473,Parts Etc For Typewriters & Other Office Machines,9,Canada,0.007858362971987458,0.7858362971987458,0.0469283955148511,4.692839551485109
8473,Parts Etc For Typewriters & Other Office Machines,10,Germany,0.004018521776667162,0.40185217766671616,0.0644695203925489,6.44695203925489
8474,"Machinery For Sorting Screening Etc Minerals, Pts",1,United Kingdom,0.26854900674334825,26.854900674334825,0.0709085031415521,7.09085031415521
8474,"Machinery For Sorting Screening Etc Minerals, Pts",2,Germany,0.16314208683661124,16.314208683661125,0.0941847919428897,9.41847919428897
8474,"Machinery For Sorting Screening Etc Minerals, Pts",3,Canada,0.15350388205641896,15.350388205641895,0.021759379144642,2.1759379144641997
8474,"Machinery For Sorting Screening Etc Minerals, Pts",4,China,0.11048958437483869,11.048958437483869,0.4348662604966943,43.48662604966943
8474,"Machinery For Sorting Screening Etc Minerals, Pts",5,Italy,0.07444644204365708,7.444644204365708,0.0852500201906322,8.52500201906322
8474,"Machinery For Sorting Screening Etc Minerals, Pts",6,India,0.06901286187758354,6.9012861877583545,0.1464459717927015,14.64459717927015
8474,"Machinery For Sorting Screening Etc Minerals, Pts",7,Mexico,0.05339201656502729,5.339201656502729,0.0244380853207357,2.44380853207357
8474,"Machinery For Sorting Screening Etc Minerals, Pts",8,Finland,0.04139476572968043,4.139476572968043,0.0969744850315589,9.69744850315589
8474,"Machinery For Sorting Screening Etc Minerals, Pts",9,Austria,0.03845892447500474,3.845892447500474,0.0714941905215023,7.14941905215023
8474,"Machinery For Sorting Screening Etc Minerals, Pts",10,Sweden,0.027610429297829836,2.7610429297829837,0.1092544241084537,10.925442410845369
8475,"Machines For Assemb Elec Tubes Etc & Glass Mfr, Pt",1,Italy,0.21316409354688626,21.316409354688627,0.0491831190122274,4.91831190122274
8475,"Machines For Assemb Elec Tubes Etc & Glass Mfr, Pt",2,Singapore,0.1925552992887816,19.25552992887816,0.0001001691359516,0.01001691359516
8475,"Machines For Assemb Elec Tubes Etc & Glass Mfr, Pt",3,Germany,0.16169134178837813,16.169134178837812,0.0560942964430219,5.60942964430219
8475,"Machines For Assemb Elec Tubes Etc & Glass Mfr, Pt",4,France,0.10175327899796976,10.175327899796976,0.0732842419789887,7.32842419789887
8475,"Machines For Assemb Elec Tubes Etc & Glass Mfr, Pt",5,Finland,0.08175897492733063,8.175897492733062,0.0536804939367051,5.36804939367051
8475,"Machines For Assemb Elec Tubes Etc & Glass Mfr, Pt",6,Belgium,0.05842885540843203,5.842885540843203,0.0640029297557282,6.40029297557282
8475,"Machines For Assemb Elec Tubes Etc & Glass Mfr, Pt",7,Malaysia,0.055663812242290854,5.566381224229086,0.0204510846674174,2.04510846674174
8475,"Machines For Assemb Elec Tubes Etc & Glass Mfr, Pt",8,China,0.04860396623624795,4.860396623624795,0.429335505936733,42.933550593673296
8475,"Machines For Assemb Elec Tubes Etc & Glass Mfr, Pt",9,Sweden,0.0447731600063785,4.47731600063785,0.0784642837952591,7.846428379525911
8475,"Machines For Assemb Elec Tubes Etc & Glass Mfr, Pt",10,United Kingdom,0.041607217557304274,4.160721755730427,0.068748853996098,6.874885399609799
8476,"Automatic Goods-vending Machines, Parts",1,China,0.31105982460604353,31.105982460604352,0.2874454758853812,28.744547588538122
8476,"Automatic Goods-vending Machines, Parts",2,Canada,0.14569642354160348,14.569642354160347,0.0199828849264413,1.9982884926441302
8476,"Automatic Goods-vending Machines, Parts",3,Vietnam,0.12183499738203579,12.18349973820358,0.024293986916368,2.4293986916368
8476,"Automatic Goods-vending Machines, Parts",4,Mexico,0.07564309195110361,7.5643091951103605,0.0058219628731732,0.5821962873173201
8476,"Automatic Goods-vending Machines, Parts",5,Netherlands,0.06977229578526409,6.9772295785264085,0.0799329735457989,7.99329735457989
8476,"Automatic Goods-vending Machines, Parts",6,Israel,0.06555917221347031,6.555917221347031,0.0952169041129067,9.52169041129067
8476,"Automatic Goods-vending Machines, Parts",7,Taiwan,0.0589525120702223,5.89525120702223,0.080021191573666,8.0021191573666
8476,"Automatic Goods-vending Machines, Parts",8,Sweden,0.05611685436766555,5.611685436766555,0.0799225226196175,7.992252261961751
8476,"Automatic Goods-vending Machines, Parts",9,Italy,0.04782751898907171,4.782751898907171,0.0906961837338255,9.06961837338255
8476,"Automatic Goods-vending Machines, Parts",10,Philippines,0.047537309093519574,4.753730909351957,0.0374822497253044,3.74822497253044
8477,"Machinery For Working Rubber & Plast Etc Nesoi, Pt",1,Germany,0.32291863549923727,32.291863549923725,0.0856716649651285,8.56716649651285
8477,"Machinery For Working Rubber & Plast Etc Nesoi, Pt",2,Canada,0.16213877326005235,16.213877326005235,0.0231414606250693,2.31414606250693
8477,"Machinery For Working Rubber & Plast Etc Nesoi, Pt",3,Japan,0.1068242122455729,10.68242122455729,0.0871703410283452,8.71703410283452
8477,"Machinery For Working Rubber & Plast Etc Nesoi, Pt",4,Austria,0.10553731624480386,10.553731624480386,0.0954634954257284,9.546349542572841
8477,"Machinery For Working Rubber & Plast Etc Nesoi, Pt",5,Italy,0.08900774956288503,8.900774956288503,0.1056183581661398,10.56183581661398
8477,"Machinery For Working Rubber & Plast Etc Nesoi, Pt",6,China,0.07889899597747822,7.889899597747823,0.4529385839372292,45.29385839372292
8477,"Machinery For Working Rubber & Plast Etc Nesoi, Pt",7,"Korea, South",0.03717090072033814,3.7170900720338143,0.0805147374944459,8.05147374944459
8477,"Machinery For Working Rubber & Plast Etc Nesoi, Pt",8,Netherlands,0.03294436773448492,3.294436773448492,0.0625666558020758,6.25666558020758
8477,"Machinery For Working Rubber & Plast Etc Nesoi, Pt",9,France,0.03267539865415286,3.267539865415286,0.0875022086899096,8.75022086899096
8477,"Machinery For Working Rubber & Plast Etc Nesoi, Pt",10,Switzerland,0.031883650100994344,3.1883650100994343,0.1610872711719333,16.10872711719333
8478,"Machinery For Tobacco Preparation Nesoi, Parts",1,Italy,0.3381520100868801,33.815201008688014,0.0196077224659175,1.96077224659175
8478,"Machinery For Tobacco Preparation Nesoi, Parts",2,Germany,0.2872138706758201,28.72138706758201,0.0417962395757158,4.17962395757158
8478,"Machinery For Tobacco Preparation Nesoi, Parts",3,China,0.08643821046346642,8.643821046346641,0.2459878112174709,24.59878112174709
8478,"Machinery For Tobacco Preparation Nesoi, Parts",4,United Kingdom,0.06417019449098037,6.417019449098037,0.0850609353174435,8.50609353174435
8478,"Machinery For Tobacco Preparation Nesoi, Parts",5,Indonesia,0.04701443649916453,4.7014436499164525,0.0959231520587329,9.592315205873291
8478,"Machinery For Tobacco Preparation Nesoi, Parts",6,Hungary,0.0462618386967759,4.62618386967759,0.1002593083688545,10.025930836885449
8478,"Machinery For Tobacco Preparation Nesoi, Parts",7,Netherlands,0.0418954877780892,4.18954877780892,0.1058371888532094,10.583718885320941
8478,"Machinery For Tobacco Preparation Nesoi, Parts",8,Dominican Republic,0.03978485917626826,3.978485917626826,0.0077541645894617,0.77541645894617
8478,"Machinery For Tobacco Preparation Nesoi, Parts",9,Poland,0.03255534668481078,3.2555346684810784,0.0805222436751276,8.05222436751276
8478,"Machinery For Tobacco Preparation Nesoi, Parts",10,Bulgaria,0.016513745447744296,1.6513745447744297,0.0995281086633331,9.95281086633331
8479,"Machines Etc Having Individual Functions Nesoi, Pt",1,Germany,0.2416843731192614,24.168437311926137,0.1130256975807054,11.30256975807054
8479,"Machines Etc Having Individual Functions Nesoi, Pt",2,Canada,0.1535159690061925,15.35159690061925,0.0254392289144745,2.54392289144745
8479,"Machines Etc Having Individual Functions Nesoi, Pt",3,China,0.1225614256350915,12.25614256350915,0.4713132165627766,47.131321656277656
8479,"Machines Etc Having Individual Functions Nesoi, Pt",4,"Korea, South",0.11661432146208195,11.661432146208195,0.0691538684480155,6.91538684480155
8479,"Machines Etc Having Individual Functions Nesoi, Pt",5,Mexico,0.09981775760965597,9.981775760965597,0.0670316130003615,6.70316130003615
8479,"Machines Etc Having Individual Functions Nesoi, Pt",6,Japan,0.09430258799017156,9.430258799017157,0.1434649519776676,14.346495197766759
8479,"Machines Etc Having Individual Functions Nesoi, Pt",7,Italy,0.06422076222215006,6.422076222215006,0.0990999818077674,9.90999818077674
8479,"Machines Etc Having Individual Functions Nesoi, Pt",8,Switzerland,0.04406485951057008,4.406485951057007,0.1608900158155386,16.08900158155386
8479,"Machines Etc Having Individual Functions Nesoi, Pt",9,United Kingdom,0.03909213268047491,3.9092132680474907,0.0854542606656497,8.545426066564971
8479,"Machines Etc Having Individual Functions Nesoi, Pt",10,India,0.024125810764350025,2.4125810764350026,0.236423919070139,23.6423919070139
8480,Molding Boxes For Metal Foundry; Mold Bases Etc,1,Canada,0.46137995809054544,46.137995809054544,0.008864337049647,0.8864337049647
8480,Molding Boxes For Metal Foundry; Mold Bases Etc,2,China,0.18642079155105853,18.642079155105854,0.5405182327913529,54.05182327913529
8480,Molding Boxes For Metal Foundry; Mold Bases Etc,3,Germany,0.08859938081748589,8.85993808174859,0.1202965550377191,12.029655503771911
8480,Molding Boxes For Metal Foundry; Mold Bases Etc,4,"Korea, South",0.07206318260857576,7.206318260857576,0.097238602200368,9.7238602200368
8480,Molding Boxes For Metal Foundry; Mold Bases Etc,5,Japan,0.06478163485468127,6.478163485468127,0.1021598844017405,10.21598844017405
8480,Molding Boxes For Metal Foundry; Mold Bases Etc,6,Italy,0.03778954713585168,3.7789547135851675,0.1083490184718597,10.83490184718597
8480,Molding Boxes For Metal Foundry; Mold Bases Etc,7,Mexico,0.027861871990995577,2.7861871990995577,0.026006917345466,2.6006917345466
8480,Molding Boxes For Metal Foundry; Mold Bases Etc,8,Thailand,0.021022114696751745,2.1022114696751744,0.1391964721561396,13.919647215613958
8480,Molding Boxes For Metal Foundry; Mold Bases Etc,9,Taiwan,0.020649519367664477,2.0649519367664477,0.1624236899045421,16.24236899045421
8480,Molding Boxes For Metal Foundry; Mold Bases Etc,10,Austria,0.01943199888638955,1.9431998886389552,0.1368530157481908,13.68530157481908
8481,"Taps, Cocks, Valves Etc For Pipes, Tanks Etc, Pts",1,China,0.24885498111443527,24.88549811144353,0.4588657768102562,45.88657768102562
8481,"Taps, Cocks, Valves Etc For Pipes, Tanks Etc, Pts",2,Mexico,0.23544673587074572,23.54467358707457,0.0569315521222521,5.69315521222521
8481,"Taps, Cocks, Valves Etc For Pipes, Tanks Etc, Pts",3,Germany,0.1065979330985448,10.65979330985448,0.1086916201111931,10.86916201111931
8481,"Taps, Cocks, Valves Etc For Pipes, Tanks Etc, Pts",4,Japan,0.09870822600837,9.870822600837,0.108191362771414,10.8191362771414
8481,"Taps, Cocks, Valves Etc For Pipes, Tanks Etc, Pts",5,Italy,0.07602167341123527,7.602167341123526,0.0982033813897765,9.82033813897765
8481,"Taps, Cocks, Valves Etc For Pipes, Tanks Etc, Pts",6,Taiwan,0.06437145901552122,6.437145901552121,0.1377767714266278,13.777677142662782
8481,"Taps, Cocks, Valves Etc For Pipes, Tanks Etc, Pts",7,Canada,0.05038705741954491,5.038705741954491,0.0480619832162817,4.8061983216281705
8481,"Taps, Cocks, Valves Etc For Pipes, Tanks Etc, Pts",8,India,0.044152287970562545,4.415228797056255,0.2023055722371296,20.23055722371296
8481,"Taps, Cocks, Valves Etc For Pipes, Tanks Etc, Pts",9,"Korea, South",0.04053721517955569,4.0537215179555695,0.082960983856022,8.2960983856022
8481,"Taps, Cocks, Valves Etc For Pipes, Tanks Etc, Pts",10,Vietnam,0.03492243091148465,3.492243091148465,0.1409426243042337,14.09426243042337
8482,Ball Or Roller Bearings And Parts,1,Japan,0.2576936401894408,25.76936401894408,0.1950553745421459,19.50553745421459
8482,Ball Or Roller Bearings And Parts,2,China,0.1746458515602563,17.46458515602563,0.5879385219005797,58.79385219005797
8482,Ball Or Roller Bearings And Parts,3,Germany,0.12129670631963702,12.129670631963702,0.1666646617568843,16.66646617568843
8482,Ball Or Roller Bearings And Parts,4,Canada,0.08565436891994503,8.565436891994503,0.0853749892981343,8.53749892981343
8482,Ball Or Roller Bearings And Parts,5,"Korea, South",0.07905142263568714,7.905142263568714,0.1535825620880769,15.358256208807692
8482,Ball Or Roller Bearings And Parts,6,India,0.07444547259507316,7.444547259507315,0.226100767400415,22.6100767400415
8482,Ball Or Roller Bearings And Parts,7,Mexico,0.07411874116591537,7.4118741165915365,0.1415483634668672,14.15483634668672
8482,Ball Or Roller Bearings And Parts,8,France,0.053119282300080596,5.31192823000806,0.1558870705690003,15.58870705690003
8482,Ball Or Roller Bearings And Parts,9,Romania,0.04608150740974893,4.608150740974893,0.1731274811554537,17.31274811554537
8482,Ball Or Roller Bearings And Parts,10,Italy,0.03389300690421573,3.3893006904215732,0.1729253072929757,17.29253072929757
8483,"Transmission Shafts, Bearings, Gears Etc; Parts",1,China,0.17117850466579634,17.117850466579636,0.5084391706596147,50.84391706596148
8483,"Transmission Shafts, Bearings, Gears Etc; Parts",2,Germany,0.15396504278718123,15.396504278718123,0.1472079932868813,14.72079932868813
8483,"Transmission Shafts, Bearings, Gears Etc; Parts",3,Japan,0.13522462780465008,13.522462780465009,0.1421028809214727,14.21028809214727
8483,"Transmission Shafts, Bearings, Gears Etc; Parts",4,Mexico,0.11456836393480332,11.456836393480332,0.0851511562551441,8.51511562551441
8483,"Transmission Shafts, Bearings, Gears Etc; Parts",5,India,0.11040444550716845,11.040444550716845,0.1788157082066934,17.88157082066934
8483,"Transmission Shafts, Bearings, Gears Etc; Parts",6,Italy,0.09037200669900892,9.037200669900892,0.0966970205239254,9.66970205239254
8483,"Transmission Shafts, Bearings, Gears Etc; Parts",7,Canada,0.08947158769939019,8.94715876993902,0.0996716384855046,9.96716384855046
8483,"Transmission Shafts, Bearings, Gears Etc; Parts",8,France,0.05581429794019881,5.581429794019881,0.0853259932187015,8.532599321870151
8483,"Transmission Shafts, Bearings, Gears Etc; Parts",9,"Korea, South",0.040508005538368745,4.050800553836875,0.1368005403292918,13.680054032929178
8483,"Transmission Shafts, Bearings, Gears Etc; Parts",10,Poland,0.03849311742343396,3.8493117423433962,0.0500018709553228,5.000187095532279
8484,Gaskets & Similar Joints Of Metal Sheeting,1,Mexico,0.24938566222858616,24.938566222858615,0.0225754672653356,2.25754672653356
8484,Gaskets & Similar Joints Of Metal Sheeting,2,Germany,0.20415778098435194,20.415778098435194,0.1084486731494812,10.84486731494812
8484,Gaskets & Similar Joints Of Metal Sheeting,3,Japan,0.14020382794828515,14.020382794828516,0.0984202155824969,9.84202155824969
8484,Gaskets & Similar Joints Of Metal Sheeting,4,China,0.0868572489083788,8.68572489083788,0.5171234345036925,51.71234345036925
8484,Gaskets & Similar Joints Of Metal Sheeting,5,United Kingdom,0.07053335499538094,7.053335499538093,0.0764715863904037,7.64715863904037
8484,Gaskets & Similar Joints Of Metal Sheeting,6,Italy,0.05525397104555956,5.525397104555956,0.1076872497331458,10.76872497331458
8484,Gaskets & Similar Joints Of Metal Sheeting,7,India,0.05334710689990676,5.3347106899906755,0.1982028887395219,19.82028887395219
8484,Gaskets & Similar Joints Of Metal Sheeting,8,Taiwan,0.05043834326501424,5.0438343265014245,0.1302923200240022,13.02923200240022
8484,Gaskets & Similar Joints Of Metal Sheeting,9,France,0.049628699225188797,4.9628699225188795,0.0635323902643077,6.35323902643077
8484,Gaskets & Similar Joints Of Metal Sheeting,10,Sweden,0.0401940044993476,4.019400449934761,0.0689431071391247,6.89431071391247
8485,Machines For Additive Manufacturing,1,Germany,0.41890310908259415,41.890310908259416,0.0901612837672738,9.01612837672738
8485,Machines For Additive Manufacturing,2,China,0.25529106705575255,25.529106705575256,0.4942992135572375,49.42992135572375
8485,Machines For Additive Manufacturing,3,Israel,0.12116715143739928,12.116715143739928,0.0925984720495978,9.25984720495978
8485,Machines For Additive Manufacturing,4,Czech Republic,0.04393718080840607,4.393718080840607,0.1131345828011607,11.31345828011607
8485,Machines For Additive Manufacturing,5,United Kingdom,0.04179253654498379,4.179253654498379,0.0988228996827709,9.88228996827709
8485,Machines For Additive Manufacturing,6,Canada,0.031238636070803894,3.1238636070803896,0.0241805094762753,2.41805094762753
8485,Machines For Additive Manufacturing,7,Singapore,0.028945715634276482,2.894571563427648,0.0948568283173974,9.48568283173974
8485,Machines For Additive Manufacturing,8,France,0.021827796216051576,2.1827796216051576,0.092334236311644,9.233423631164401
8485,Machines For Additive Manufacturing,9,Mexico,0.02121565658712535,2.121565658712535,0.0071793342886544,0.71793342886544
8485,Machines For Additive Manufacturing,10,Australia,0.015681150562606813,1.5681150562606814,0.0803559724252785,8.035597242527851
8486,"Mach,app Manuf Semicon Boules Etc;c84 Nt 11(c);pt",1,Japan,0.3313503966259843,33.13503966259843,0.0265833195688628,2.65833195688628
8486,"Mach,app Manuf Semicon Boules Etc;c84 Nt 11(c);pt",2,Netherlands,0.14464985283108214,14.464985283108215,0.0170932426472354,1.7093242647235398
8486,"Mach,app Manuf Semicon Boules Etc;c84 Nt 11(c);pt",3,Singapore,0.14462804179992997,14.462804179992997,0.0100844057446833,1.00844057446833
8486,"Mach,app Manuf Semicon Boules Etc;c84 Nt 11(c);pt",4,Malaysia,0.0779503260317679,7.795032603176789,0.019102750173692,1.9102750173692
8486,"Mach,app Manuf Semicon Boules Etc;c84 Nt 11(c);pt",5,Germany,0.07596925349898236,7.596925349898235,0.0341246127821764,3.41246127821764
8486,"Mach,app Manuf Semicon Boules Etc;c84 Nt 11(c);pt",6,China,0.07108005139153525,7.1080051391535255,0.3249039654008978,32.490396540089776
8486,"Mach,app Manuf Semicon Boules Etc;c84 Nt 11(c);pt",7,"Korea, South",0.0688022216826734,6.88022216826734,0.021077326665668,2.1077326665668
8486,"Mach,app Manuf Semicon Boules Etc;c84 Nt 11(c);pt",8,Taiwan,0.040683739682614156,4.068373968261415,0.0262870689836525,2.62870689836525
8486,"Mach,app Manuf Semicon Boules Etc;c84 Nt 11(c);pt",9,Austria,0.02255657167767149,2.255657167767149,0.0099805881898601,0.99805881898601
8486,"Mach,app Manuf Semicon Boules Etc;c84 Nt 11(c);pt",10,Mexico,0.022329544777759065,2.2329544777759067,0.0712789292138169,7.12789292138169
8487,"Machinery Parts, Not Cont Electic Con, Etc,nes",1,Mexico,0.2881714140698894,28.817141406988938,0.0373165706606817,3.73165706606817
8487,"Machinery Parts, Not Cont Electic Con, Etc,nes",2,Germany,0.17967994457157704,17.967994457157705,0.1791535083117195,17.91535083117195
8487,"Machinery Parts, Not Cont Electic Con, Etc,nes",3,Canada,0.1398095511617444,13.98095511617444,0.0336061322111901,3.3606132211190096
8487,"Machinery Parts, Not Cont Electic Con, Etc,nes",4,Taiwan,0.08405226030336078,8.40522603033608,0.1321208274360634,13.21208274360634
8487,"Machinery Parts, Not Cont Electic Con, Etc,nes",5,China,0.07518289216614255,7.518289216614255,0.516995777507233,51.6995777507233
8487,"Machinery Parts, Not Cont Electic Con, Etc,nes",6,Japan,0.05542998294600469,5.542998294600468,0.1830038100826252,18.30038100826252
8487,"Machinery Parts, Not Cont Electic Con, Etc,nes",7,United Kingdom,0.04829693822111417,4.829693822111417,0.0881388448795513,8.81388448795513
8487,"Machinery Parts, Not Cont Electic Con, Etc,nes",8,Italy,0.04747187845964193,4.747187845964193,0.1554842750401278,15.54842750401278
8487,"Machinery Parts, Not Cont Electic Con, Etc,nes",9,"Korea, South",0.04265978462352302,4.265978462352302,0.0873849442606803,8.73849442606803
8487,"Machinery Parts, Not Cont Electic Con, Etc,nes",10,Sweden,0.039245353477002025,3.9245353477002025,0.1194019371940693,11.94019371940693
8501,Electric Motors And Generators (no Sets),1,Mexico,0.4033548477710244,40.335484777102444,0.036126332299356,3.6126332299356
8501,Electric Motors And Generators (no Sets),2,China,0.16059695657371734,16.059695657371734,0.4369579195545489,43.69579195545489
8501,Electric Motors And Generators (no Sets),3,Japan,0.10935982448955052,10.935982448955052,0.1225656854026713,12.25656854026713
8501,Electric Motors And Generators (no Sets),4,Germany,0.09908600543450004,9.908600543450003,0.1007031385207577,10.07031385207577
8501,Electric Motors And Generators (no Sets),5,Vietnam,0.059541244770605795,5.95412447706058,0.1228217994337189,12.28217994337189
8501,Electric Motors And Generators (no Sets),6,"Korea, South",0.04661499810675435,4.661499810675435,0.0881782740959135,8.81782740959135
8501,Electric Motors And Generators (no Sets),7,Brazil,0.032238377384314953,3.223837738431495,0.1743476889394176,17.43476889394176
8501,Electric Motors And Generators (no Sets),8,Switzerland,0.03150862319739429,3.1508623197394288,0.1428540781745182,14.28540781745182
8501,Electric Motors And Generators (no Sets),9,Taiwan,0.030497175167089673,3.0497175167089674,0.1349907664597704,13.49907664597704
8501,Electric Motors And Generators (no Sets),10,Canada,0.027201947105048602,2.72019471050486,0.0601004393412199,6.01004393412199
8502,Electric Generating Sets And Rotary Converters,1,Vietnam,0.28753186134693187,28.753186134693188,0.1154956125117467,11.54956125117467
8502,Electric Generating Sets And Rotary Converters,2,China,0.2376701885420951,23.76701885420951,0.4419431130476641,44.19431130476641
8502,Electric Generating Sets And Rotary Converters,3,Japan,0.0818967128952957,8.189671289529569,0.0796537216245171,7.96537216245171
8502,Electric Generating Sets And Rotary Converters,4,Canada,0.07009065007215455,7.0090650072154554,0.0154038917824944,1.54038917824944
8502,Electric Generating Sets And Rotary Converters,5,United Kingdom,0.06376347928307483,6.376347928307482,0.0948760025155356,9.48760025155356
8502,Electric Generating Sets And Rotary Converters,6,Austria,0.05927048907213546,5.927048907213546,0.0459608062516091,4.59608062516091
8502,Electric Generating Sets And Rotary Converters,7,Brazil,0.059163624818750926,5.916362481875092,0.1950526584477087,19.505265844770868
8502,Electric Generating Sets And Rotary Converters,8,Germany,0.056049907936339134,5.604990793633913,0.0389211989070266,3.8921198907026597
8502,Electric Generating Sets And Rotary Converters,9,Mexico,0.044030649689358305,4.403064968935831,0.006390321735877,0.6390321735877
8502,Electric Generating Sets And Rotary Converters,10,Thailand,0.04053243634386427,4.053243634386427,0.0932868420515921,9.32868420515921
8503,"Parts Of Electric Motors, Generators & Sets",1,Japan,0.23006339349682087,23.006339349682086,0.219932746128651,21.9932746128651
8503,"Parts Of Electric Motors, Generators & Sets",2,Mexico,0.22480455984818865,22.480455984818864,0.089710207056609,8.9710207056609
8503,"Parts Of Electric Motors, Generators & Sets",3,China,0.1405060629071534,14.05060629071534,0.5937171530034837,59.37171530034837
8503,"Parts Of Electric Motors, Generators & Sets",4,Germany,0.11125107847225986,11.125107847225985,0.1315929298006143,13.15929298006143
8503,"Parts Of Electric Motors, Generators & Sets",5,Canada,0.09853849608198077,9.853849608198077,0.1053242729871429,10.53242729871429
8503,"Parts Of Electric Motors, Generators & Sets",6,India,0.05733129963287339,5.733129963287339,0.212590262911806,21.2590262911806
8503,"Parts Of Electric Motors, Generators & Sets",7,France,0.049747827274908,4.9747827274908,0.1316343504876038,13.16343504876038
8503,"Parts Of Electric Motors, Generators & Sets",8,Taiwan,0.03600942946757675,3.6009429467576752,0.1341687498922643,13.416874989226429
8503,"Parts Of Electric Motors, Generators & Sets",9,Brazil,0.027339388560540315,2.7339388560540314,0.2344656748942267,23.44656748942267
8503,"Parts Of Electric Motors, Generators & Sets",10,Denmark,0.024408464257697993,2.4408464257697995,0.1816418646632178,18.16418646632178
8504,"Elec Trans, Static Conv & Induct, Adp Pwr Supp, Pt",1,Mexico,0.2604014017333276,26.04014017333276,0.0291419332690448,2.91419332690448
8504,"Elec Trans, Static Conv & Induct, Adp Pwr Supp, Pt",2,China,0.19220983927731958,19.220983927731957,0.4718453957237773,47.18453957237773
8504,"Elec Trans, Static Conv & Induct, Adp Pwr Supp, Pt",3,Thailand,0.10311872815248428,10.311872815248428,0.1055286138896524,10.55286138896524
8504,"Elec Trans, Static Conv & Induct, Adp Pwr Supp, Pt",4,Vietnam,0.07819988649303006,7.8199886493030055,0.1012332203214528,10.12332203214528
8504,"Elec Trans, Static Conv & Induct, Adp Pwr Supp, Pt",5,Taiwan,0.07091780064605058,7.091780064605057,0.1116517724185704,11.16517724185704
8504,"Elec Trans, Static Conv & Induct, Adp Pwr Supp, Pt",6,Japan,0.06912213799416228,6.912213799416228,0.0842513598157812,8.425135981578121
8504,"Elec Trans, Static Conv & Induct, Adp Pwr Supp, Pt",7,"Korea, South",0.06704808512092021,6.704808512092021,0.064642108073154,6.4642108073154
8504,"Elec Trans, Static Conv & Induct, Adp Pwr Supp, Pt",8,Canada,0.0622670976796595,6.22670976796595,0.034914865101647,3.4914865101647
8504,"Elec Trans, Static Conv & Induct, Adp Pwr Supp, Pt",9,India,0.04959597737058314,4.959597737058314,0.1498818030674478,14.98818030674478
8504,"Elec Trans, Static Conv & Induct, Adp Pwr Supp, Pt",10,Germany,0.047119045532462725,4.711904553246272,0.0935807309117742,9.35807309117742
8505,"Electromagnets, Permanent Magnets Etc & Parts",1,China,0.5371089646168236,53.71089646168235,0.317488793927711,31.7488793927711
8505,"Electromagnets, Permanent Magnets Etc & Parts",2,Mexico,0.13322977756444235,13.322977756444235,0.0650591363309318,6.50591363309318
8505,"Electromagnets, Permanent Magnets Etc & Parts",3,Germany,0.09906150236556917,9.906150236556917,0.1020322252821457,10.20322252821457
8505,"Electromagnets, Permanent Magnets Etc & Parts",4,Japan,0.0762582838000629,7.62582838000629,0.0861178184857229,8.61178184857229
8505,"Electromagnets, Permanent Magnets Etc & Parts",5,"Korea, South",0.03532583042796422,3.532583042796422,0.1027744439441922,10.27744439441922
8505,"Electromagnets, Permanent Magnets Etc & Parts",6,United Kingdom,0.025590414245765088,2.5590414245765087,0.080146853532377,8.014685353237699
8505,"Electromagnets, Permanent Magnets Etc & Parts",7,Italy,0.025532403203805388,2.5532403203805387,0.0884753224619774,8.847532246197739
8505,"Electromagnets, Permanent Magnets Etc & Parts",8,Taiwan,0.02413416536951602,2.413416536951602,0.1247745907198056,12.47745907198056
8505,"Electromagnets, Permanent Magnets Etc & Parts",9,Thailand,0.02242131402411644,2.242131402411644,0.1152234712110631,11.52234712110631
8505,"Electromagnets, Permanent Magnets Etc & Parts",10,France,0.02133734438193491,2.133734438193491,0.0875358205116129,8.75358205116129
8506,"Primary Cells & Batteries, Parts",1,China,0.3486457525371697,34.864575253716964,0.4845353475690531,48.453534756905306
8506,"Primary Cells & Batteries, Parts",2,Singapore,0.16322837400990695,16.322837400990693,0.0597586333998248,5.97586333998248
8506,"Primary Cells & Batteries, Parts",3,Indonesia,0.11697096553730468,11.697096553730468,0.0819820404851288,8.198204048512881
8506,"Primary Cells & Batteries, Parts",4,Japan,0.1035664005533857,10.35664005533857,0.0790567411965139,7.90567411965139
8506,"Primary Cells & Batteries, Parts",5,Belgium,0.053423883884344096,5.34238838843441,0.0920148298731961,9.201482987319611
8506,"Primary Cells & Batteries, Parts",6,Israel,0.047681751453140374,4.7681751453140375,0.0810030632444486,8.10030632444486
8506,"Primary Cells & Batteries, Parts",7,Malaysia,0.04560623055768879,4.560623055768879,0.1233682045909922,12.33682045909922
8506,"Primary Cells & Batteries, Parts",8,Vietnam,0.04425844402191933,4.425844402191933,0.1570228568548093,15.702285685480929
8506,"Primary Cells & Batteries, Parts",9,Canada,0.04397764716594961,4.397764716594961,0.0241550063452375,2.41550063452375
8506,"Primary Cells & Batteries, Parts",10,France,0.03264055027919071,3.264055027919071,0.0482048500438689,4.8204850043868905
8507,"Electric Storage Batteries, Incl Separators, Parts",1,China,0.5316080677083872,53.16080677083872,0.2403729751783322,24.03729751783322
8507,"Electric Storage Batteries, Incl Separators, Parts",2,"Korea, South",0.16144431776028834,16.144431776028835,0.0850364280663571,8.50364280663571
8507,"Electric Storage Batteries, Incl Separators, Parts",3,Japan,0.09582628121009161,9.582628121009162,0.1293834799508134,12.93834799508134
8507,"Electric Storage Batteries, Incl Separators, Parts",4,Mexico,0.07364761455975846,7.364761455975846,0.0152365170367824,1.52365170367824
8507,"Electric Storage Batteries, Incl Separators, Parts",5,Vietnam,0.033725801869131836,3.3725801869131837,0.1336284831233604,13.36284831233604
8507,"Electric Storage Batteries, Incl Separators, Parts",6,Malaysia,0.02763509734121695,2.763509734121695,0.1462902939955951,14.62902939955951
8507,"Electric Storage Batteries, Incl Separators, Parts",7,Hungary,0.026768961990803027,2.6768961990803026,0.1636434689122413,16.36434689122413
8507,"Electric Storage Batteries, Incl Separators, Parts",8,Germany,0.019408181632413795,1.9408181632413795,0.129618396926989,12.9618396926989
8507,"Electric Storage Batteries, Incl Separators, Parts",9,Poland,0.01507785377819959,1.507785377819959,0.1401484509609968,14.014845096099679
8507,"Electric Storage Batteries, Incl Separators, Parts",10,Taiwan,0.014857822149709108,1.4857822149709108,0.1379996612110706,13.79996612110706
8508,Vacuum Cleaners; Parts Thereof,1,China,0.33408022900396345,33.40802290039635,0.4639489238383399,46.39489238383399
8508,Vacuum Cleaners; Parts Thereof,2,Vietnam,0.28311794337257307,28.311794337257307,0.1089477751545913,10.894777515459129
8508,Vacuum Cleaners; Parts Thereof,3,Malaysia,0.16397249116163462,16.39724911616346,0.0978440830611092,9.78440830611092
8508,Vacuum Cleaners; Parts Thereof,4,Mexico,0.09071378696328414,9.071378696328413,0.00351418546174,0.351418546174
8508,Vacuum Cleaners; Parts Thereof,5,Philippines,0.05088446423513314,5.0884464235133136,0.1071580003088694,10.71580003088694
8508,Vacuum Cleaners; Parts Thereof,6,Germany,0.026984203369336622,2.6984203369336623,0.0887866699313983,8.87866699313983
8508,Vacuum Cleaners; Parts Thereof,7,Indonesia,0.025239446690059,2.5239446690059,0.0813406031806983,8.13406031806983
8508,Vacuum Cleaners; Parts Thereof,8,Thailand,0.010652549755551766,1.0652549755551766,0.0866409700778987,8.66409700778987
8508,Vacuum Cleaners; Parts Thereof,9,Canada,0.007228008023296532,0.7228008023296533,0.0082370854093073,0.82370854093073
8508,Vacuum Cleaners; Parts Thereof,10,Italy,0.007126877425167539,0.7126877425167539,0.0821912880961491,8.21912880961491
8509,Electromech Domestic Appliances; Parts,1,China,0.7870576488939609,78.7057648893961,0.2521485177799627,25.214851777996273
8509,Electromech Domestic Appliances; Parts,2,Vietnam,0.03736243967160501,3.736243967160501,0.1799766230009771,17.997662300097712
8509,Electromech Domestic Appliances; Parts,3,Mexico,0.03707458866888816,3.7074588668888158,0.0237924648978752,2.37924648978752
8509,Electromech Domestic Appliances; Parts,4,Indonesia,0.036557340542422566,3.6557340542422567,0.1540073736669733,15.400737366697332
8509,Electromech Domestic Appliances; Parts,5,Germany,0.03417769877055917,3.417769877055917,0.114214318586434,11.4214318586434
8509,Electromech Domestic Appliances; Parts,6,"Korea, South",0.018080668533245983,1.8080668533245983,0.0883122716176047,8.83122716176047
8509,Electromech Domestic Appliances; Parts,7,Dominican Republic,0.015488234438286941,1.548823443828694,0.0705500940219307,7.05500940219307
8509,Electromech Domestic Appliances; Parts,8,Cambodia,0.014315669920329859,1.4315669920329859,0.2048273521899199,20.48273521899199
8509,Electromech Domestic Appliances; Parts,9,Thailand,0.012597371769207118,1.2597371769207117,0.1723879294472294,17.238792944722938
8509,Electromech Domestic Appliances; Parts,10,Italy,0.007288338791494237,0.7288338791494237,0.1153652707766191,11.53652707766191
8510,"Electric Shavers, Hair Clippers & Remov App; Pts",1,China,0.5209446849593148,52.09446849593148,0.4082932642418866,40.829326424188665
8510,"Electric Shavers, Hair Clippers & Remov App; Pts",2,Indonesia,0.14035686559704524,14.035686559704525,0.0962380639973857,9.62380639973857
8510,"Electric Shavers, Hair Clippers & Remov App; Pts",3,Germany,0.11234764316022856,11.234764316022856,0.1003316517826652,10.03316517826652
8510,"Electric Shavers, Hair Clippers & Remov App; Pts",4,Netherlands,0.07523211553116968,7.523211553116968,0.1110145005008478,11.101450050084779
8510,"Electric Shavers, Hair Clippers & Remov App; Pts",5,Vietnam,0.057916702640516196,5.7916702640516196,0.1460903034957867,14.609030349578669
8510,"Electric Shavers, Hair Clippers & Remov App; Pts",6,Mexico,0.026322836258643074,2.6322836258643076,0.1632701468463743,16.32701468463743
8510,"Electric Shavers, Hair Clippers & Remov App; Pts",7,Japan,0.02595221116447758,2.595221116447758,0.0806972111312452,8.06972111312452
8510,"Electric Shavers, Hair Clippers & Remov App; Pts",8,Taiwan,0.01499766213546685,1.499766213546685,0.1269923163224698,12.69923163224698
8510,"Electric Shavers, Hair Clippers & Remov App; Pts",9,Thailand,0.013243311271816863,1.3243311271816862,0.1079529003154652,10.79529003154652
8510,"Electric Shavers, Hair Clippers & Remov App; Pts",10,Hungary,0.012685967281321174,1.2685967281321173,0.0694228768215838,6.94228768215838
8511,Electric Ignition Etc Equip; Generators; Parts,1,Mexico,0.37971838468409647,37.97183846840964,0.0229404156663213,2.29404156663213
8511,Electric Ignition Etc Equip; Generators; Parts,2,Japan,0.2900206484564547,29.00206484564547,0.1438131409199602,14.38131409199602
8511,Electric Ignition Etc Equip; Generators; Parts,3,China,0.1431130596608736,14.311305966087358,0.4677608971568244,46.77608971568244
8511,Electric Ignition Etc Equip; Generators; Parts,4,"Korea, South",0.046267965050752015,4.626796505075202,0.1332278538855293,13.32278538855293
8511,Electric Ignition Etc Equip; Generators; Parts,5,Germany,0.03094308277337982,3.0943082773379817,0.1191383892396735,11.91383892396735
8511,Electric Ignition Etc Equip; Generators; Parts,6,Thailand,0.028501378718833084,2.8501378718833084,0.1685660752230538,16.85660752230538
8511,Electric Ignition Etc Equip; Generators; Parts,7,Italy,0.025548617132214894,2.5548617132214893,0.1644038445460569,16.440384454605688
8511,Electric Ignition Etc Equip; Generators; Parts,8,United Kingdom,0.02006196778232532,2.006196778232532,0.0196740262443068,1.9674026244306801
8511,Electric Ignition Etc Equip; Generators; Parts,9,France,0.018168909876247412,1.8168909876247412,0.1452776566398937,14.52776566398937
8511,Electric Ignition Etc Equip; Generators; Parts,10,India,0.017655985864822595,1.7655985864822594,0.1417403765098943,14.17403765098943
8512,"Electric Light Etc Equip; Windsh Wipers Etc, Parts",1,Mexico,0.4705363394884901,47.05363394884901,0.0555399509145234,5.5539950914523395
8512,"Electric Light Etc Equip; Windsh Wipers Etc, Parts",2,Taiwan,0.14602805199793853,14.602805199793853,0.1342608540218575,13.42608540218575
8512,"Electric Light Etc Equip; Windsh Wipers Etc, Parts",3,"Korea, South",0.09835489657921946,9.835489657921945,0.1264761618575051,12.64761618575051
8512,"Electric Light Etc Equip; Windsh Wipers Etc, Parts",4,China,0.08554718454266542,8.554718454266542,0.5288306589167464,52.88306589167464
8512,"Electric Light Etc Equip; Windsh Wipers Etc, Parts",5,Japan,0.06832982289893169,6.832982289893169,0.1248118676453382,12.48118676453382
8512,"Electric Light Etc Equip; Windsh Wipers Etc, Parts",6,Canada,0.046534232226798,4.6534232226798,0.015618377816313,1.5618377816313
8512,"Electric Light Etc Equip; Windsh Wipers Etc, Parts",7,Vietnam,0.028526467633002938,2.8526467633002937,0.1404616996941461,14.04616996941461
8512,"Electric Light Etc Equip; Windsh Wipers Etc, Parts",8,Germany,0.02550343593471865,2.5503435934718652,0.1352414837866172,13.524148378661721
8512,"Electric Light Etc Equip; Windsh Wipers Etc, Parts",9,Thailand,0.022401996230514264,2.2401996230514265,0.1711561884023218,17.11561884023218
8512,"Electric Light Etc Equip; Windsh Wipers Etc, Parts",10,Malaysia,0.00823757246772106,0.823757246772106,0.1270312240144266,12.70312240144266
8513,Portable Elec Lamps Function By Own Energy Source,1,China,0.9107279957260995,91.07279957260995,0.256197697069164,25.6197697069164
8513,Portable Elec Lamps Function By Own Energy Source,2,Vietnam,0.04053521088535696,4.053521088535696,0.1884077824251201,18.84077824251201
8513,Portable Elec Lamps Function By Own Energy Source,3,Cambodia,0.012582402906518936,1.2582402906518935,0.2097254265062537,20.97254265062537
8513,Portable Elec Lamps Function By Own Energy Source,4,Thailand,0.009512417452266305,0.9512417452266305,0.2197689477034213,21.97689477034213
8513,Portable Elec Lamps Function By Own Energy Source,5,Israel,0.0055978425591248,0.5597842559124799,0.0836371326511047,8.36371326511047
8513,Portable Elec Lamps Function By Own Energy Source,6,Mexico,0.005570514261713738,0.5570514261713738,0.150800465766975,15.0800465766975
8513,Portable Elec Lamps Function By Own Energy Source,7,France,0.005115593231516056,0.5115593231516056,0.107398466615681,10.7398466615681
8513,Portable Elec Lamps Function By Own Energy Source,8,Malaysia,0.00480597642583939,0.480597642583939,0.1254330059975751,12.54330059975751
8513,Portable Elec Lamps Function By Own Energy Source,9,United Kingdom,0.0029704700200565426,0.29704700200565426,0.1079803726169137,10.79803726169137
8513,Portable Elec Lamps Function By Own Energy Source,10,Taiwan,0.0025815765315077323,0.2581576531507732,0.163364965839676,16.336496583967598
8514,"Industrial Or Lab Elec Furnaces Etc, Parts",1,Germany,0.24043393758434195,24.043393758434195,0.050149108391967,5.0149108391967
8514,"Industrial Or Lab Elec Furnaces Etc, Parts",2,Japan,0.21917685645854187,21.91768564585419,0.0366047615378953,3.6604761537895296
8514,"Industrial Or Lab Elec Furnaces Etc, Parts",3,China,0.10077094169422453,10.077094169422454,0.206152542926624,20.6152542926624
8514,"Industrial Or Lab Elec Furnaces Etc, Parts",4,Italy,0.09970683145868682,9.970683145868682,0.064561430936423,6.4561430936423
8514,"Industrial Or Lab Elec Furnaces Etc, Parts",5,United Kingdom,0.08185256911404741,8.18525691140474,0.0195152149773378,1.95152149773378
8514,"Industrial Or Lab Elec Furnaces Etc, Parts",6,Mexico,0.073145879808733,7.314587980873299,0.0026531078830826,0.26531078830826
8514,"Industrial Or Lab Elec Furnaces Etc, Parts",7,"Korea, South",0.0650330035836993,6.5033003583699305,0.0765193880181258,7.65193880181258
8514,"Industrial Or Lab Elec Furnaces Etc, Parts",8,Canada,0.044249116155509416,4.424911615550942,0.0118195324719163,1.18195324719163
8514,"Industrial Or Lab Elec Furnaces Etc, Parts",9,Austria,0.04062352447906151,4.062352447906151,0.0935147428873472,9.35147428873472
8514,"Industrial Or Lab Elec Furnaces Etc, Parts",10,Sweden,0.03500733966315429,3.500733966315429,0.1060144188320356,10.601441883203561
8515,"Electric, Laser Or Oth Light Or Photon Beam Etc",1,Germany,0.21066284398681315,21.066284398681315,0.0902678601420086,9.02678601420086
8515,"Electric, Laser Or Oth Light Or Photon Beam Etc",2,Japan,0.20228969398619293,20.22896939861929,0.0804062055808314,8.040620558083141
8515,"Electric, Laser Or Oth Light Or Photon Beam Etc",3,Canada,0.1395431437703,13.95431437703,0.0104074006911542,1.04074006911542
8515,"Electric, Laser Or Oth Light Or Photon Beam Etc",4,China,0.10427624558203523,10.427624558203522,0.4768523119021816,47.68523119021816
8515,"Electric, Laser Or Oth Light Or Photon Beam Etc",5,"Korea, South",0.09218292804683435,9.218292804683434,0.0463086480528387,4.63086480528387
8515,"Electric, Laser Or Oth Light Or Photon Beam Etc",6,Mexico,0.07854432501740514,7.854432501740514,0.0783392337554227,7.833923375542271
8515,"Electric, Laser Or Oth Light Or Photon Beam Etc",7,Switzerland,0.0681155457916097,6.811554579160969,0.1218144791211375,12.18144791211375
8515,"Electric, Laser Or Oth Light Or Photon Beam Etc",8,Italy,0.04385741408108765,4.385741408108765,0.0762234792898396,7.6223479289839595
8515,"Electric, Laser Or Oth Light Or Photon Beam Etc",9,Austria,0.03785551774518472,3.785551774518472,0.064762125257064,6.4762125257064
8515,"Electric, Laser Or Oth Light Or Photon Beam Etc",10,France,0.022672341992537082,2.2672341992537084,0.0679492161202848,6.79492161202848
8516,"Elec Water, Space & Soil Heaters; Hair Etc Dry, Pt",1,China,0.5819237281308737,58.19237281308737,0.2773337252007981,27.733372520079808
8516,"Elec Water, Space & Soil Heaters; Hair Etc Dry, Pt",2,Mexico,0.19245628434026718,19.245628434026717,0.0119324017170489,1.19324017170489
8516,"Elec Water, Space & Soil Heaters; Hair Etc Dry, Pt",3,Thailand,0.05362074419805839,5.362074419805839,0.1416889484984271,14.168894849842708
8516,"Elec Water, Space & Soil Heaters; Hair Etc Dry, Pt",4,Malaysia,0.03665931972749434,3.665931972749434,0.1298216075913697,12.98216075913697
8516,"Elec Water, Space & Soil Heaters; Hair Etc Dry, Pt",5,"Korea, South",0.027761626849231218,2.7761626849231216,0.0756164145687748,7.56164145687748
8516,"Elec Water, Space & Soil Heaters; Hair Etc Dry, Pt",6,Indonesia,0.023748762418833964,2.3748762418833964,0.1546333005742696,15.46333005742696
8516,"Elec Water, Space & Soil Heaters; Hair Etc Dry, Pt",7,Philippines,0.022152503282893747,2.2152503282893745,0.058816585551407,5.8816585551407
8516,"Elec Water, Space & Soil Heaters; Hair Etc Dry, Pt",8,Vietnam,0.02179262291154519,2.179262291154519,0.1700606114058284,17.00606114058284
8516,"Elec Water, Space & Soil Heaters; Hair Etc Dry, Pt",9,Italy,0.02150966201403411,2.1509662014034108,0.0957628519178182,9.576285191781821
8516,"Elec Water, Space & Soil Heaters; Hair Etc Dry, Pt",10,Canada,0.018374746126768232,1.8374746126768233,0.0200556952739387,2.00556952739387
8517,Phone Sets; Oth Apparat Trans/recep Voice/img/data,1,China,0.42431821243477597,42.4318212434776,0.1520686199688459,15.20686199688459
8517,Phone Sets; Oth Apparat Trans/recep Voice/img/data,2,Vietnam,0.19605832120433567,19.60583212043357,0.0041356908272362,0.41356908272362
8517,Phone Sets; Oth Apparat Trans/recep Voice/img/data,3,Mexico,0.09161248432531324,9.161248432531325,0.0259650031948778,2.59650031948778
8517,Phone Sets; Oth Apparat Trans/recep Voice/img/data,4,India,0.08423345708303016,8.423345708303016,0.0054900671798125,0.54900671798125
8517,Phone Sets; Oth Apparat Trans/recep Voice/img/data,5,Thailand,0.07724462562508766,7.724462562508766,0.0023289855960684,0.23289855960684
8517,Phone Sets; Oth Apparat Trans/recep Voice/img/data,6,Taiwan,0.05948283139898698,5.948283139898698,0.0054094271356121,0.54094271356121
8517,Phone Sets; Oth Apparat Trans/recep Voice/img/data,7,Malaysia,0.03910624729947403,3.9106247299474033,0.005221453378522,0.5221453378522001
8517,Phone Sets; Oth Apparat Trans/recep Voice/img/data,8,"Korea, South",0.011070433715663788,1.1070433715663788,0.0057684247546557,0.57684247546557
8517,Phone Sets; Oth Apparat Trans/recep Voice/img/data,9,Israel,0.008459516310439117,0.8459516310439117,0.0044684679882702,0.44684679882702005
8517,Phone Sets; Oth Apparat Trans/recep Voice/img/data,10,Canada,0.008413870602893326,0.8413870602893326,0.0535027308602607,5.35027308602607
8518,"Microphones; Loudspeakers; Sound Amplifier Etc, Pt",1,China,0.39868824482335735,39.86882448233573,0.245137860034202,24.513786003420197
8518,"Microphones; Loudspeakers; Sound Amplifier Etc, Pt",2,Vietnam,0.3708567982929024,37.08567982929024,0.098791615689966,9.8791615689966
8518,"Microphones; Loudspeakers; Sound Amplifier Etc, Pt",3,Mexico,0.1267410788998122,12.67410788998122,0.0392833676206105,3.92833676206105
8518,"Microphones; Loudspeakers; Sound Amplifier Etc, Pt",4,Malaysia,0.035005665064781075,3.5005665064781075,0.1012141277708195,10.12141277708195
8518,"Microphones; Loudspeakers; Sound Amplifier Etc, Pt",5,Thailand,0.025957551166697714,2.595755116669771,0.1184956157022397,11.849561570223969
8518,"Microphones; Loudspeakers; Sound Amplifier Etc, Pt",6,Germany,0.012660554118276006,1.2660554118276006,0.0789993596883456,7.899935968834559
8518,"Microphones; Loudspeakers; Sound Amplifier Etc, Pt",7,Italy,0.00888212184439358,0.8882121844393581,0.0928884731164198,9.28884731164198
8518,"Microphones; Loudspeakers; Sound Amplifier Etc, Pt",8,Taiwan,0.008291958075785083,0.8291958075785083,0.0996059001622574,9.96059001622574
8518,"Microphones; Loudspeakers; Sound Amplifier Etc, Pt",9,Japan,0.006933414071582393,0.6933414071582393,0.079278250734195,7.9278250734195
8518,"Microphones; Loudspeakers; Sound Amplifier Etc, Pt",10,France,0.005982613642412223,0.5982613642412222,0.0752557349396433,7.5255734939643295
8519,"Turntables, Record & Cassette Players Etc.",1,China,0.6707811429225566,67.07811429225566,0.1801462142456969,18.01462142456969
8519,"Turntables, Record & Cassette Players Etc.",2,Vietnam,0.1786102164314027,17.86102164314027,0.134169377052043,13.4169377052043
8519,"Turntables, Record & Cassette Players Etc.",3,Malaysia,0.07349700647589671,7.349700647589671,0.0993164455809984,9.93164455809984
8519,"Turntables, Record & Cassette Players Etc.",4,United Kingdom,0.024804727541630447,2.4804727541630447,0.0672756509823451,6.72756509823451
8519,"Turntables, Record & Cassette Players Etc.",5,Taiwan,0.018174736352519177,1.8174736352519179,0.123992187400177,12.3992187400177
8519,"Turntables, Record & Cassette Players Etc.",6,"Korea, South",0.010450726706353133,1.0450726706353133,0.0743876292791002,7.43876292791002
8519,"Turntables, Record & Cassette Players Etc.",7,Australia,0.007717103325755644,0.7717103325755644,0.0509129540286999,5.09129540286999
8519,"Turntables, Record & Cassette Players Etc.",8,Germany,0.00587554795566856,0.587554795566856,0.0918280278917546,9.18280278917546
8519,"Turntables, Record & Cassette Players Etc.",9,Japan,0.005324147713101669,0.5324147713101669,0.0835997770956697,8.35997770956697
8519,"Turntables, Record & Cassette Players Etc.",10,Mexico,0.004764644575115304,0.4764644575115304,0.0025431098475182,0.25431098475182
8521,Video Recrdng/reproduc Appar Wheth/nt Video Tuner,1,China,0.35576366806544407,35.57636680654441,0.2118994645323356,21.18994645323356
8521,Video Recrdng/reproduc Appar Wheth/nt Video Tuner,2,Taiwan,0.13831499326396093,13.831499326396093,0.0830145762174486,8.30145762174486
8521,Video Recrdng/reproduc Appar Wheth/nt Video Tuner,3,Vietnam,0.11597596273233596,11.597596273233595,0.1052355690946237,10.52355690946237
8521,Video Recrdng/reproduc Appar Wheth/nt Video Tuner,4,Malaysia,0.11156763064150266,11.156763064150265,0.1004316982754619,10.04316982754619
8521,Video Recrdng/reproduc Appar Wheth/nt Video Tuner,5,Israel,0.06319071327865046,6.319071327865046,0.1094662707804075,10.94662707804075
8521,Video Recrdng/reproduc Appar Wheth/nt Video Tuner,6,Belgium,0.05501092877284955,5.501092877284955,0.072758038853405,7.275803885340499
8521,Video Recrdng/reproduc Appar Wheth/nt Video Tuner,7,Germany,0.052648830209223764,5.264883020922376,0.0946102232248506,9.46102232248506
8521,Video Recrdng/reproduc Appar Wheth/nt Video Tuner,8,Canada,0.04370893080810559,4.370893080810559,0.0192119106391648,1.92119106391648
8521,Video Recrdng/reproduc Appar Wheth/nt Video Tuner,9,Thailand,0.03294387953370989,3.294387953370989,0.1133452229299363,11.334522292993631
8521,Video Recrdng/reproduc Appar Wheth/nt Video Tuner,10,Mexico,0.030874462694217175,3.0874462694217177,0.0842635800930737,8.426358009307371
8522,Parts & Accessories For Use W/ App Of 8519 Or 8521,1,China,0.24979759189857467,24.979759189857468,0.3840211452064834,38.40211452064834
8522,Parts & Accessories For Use W/ App Of 8519 Or 8521,2,Taiwan,0.18097723994084816,18.097723994084816,0.0911178819154344,9.111788191543441
8522,Parts & Accessories For Use W/ App Of 8519 Or 8521,3,Japan,0.13873959277239464,13.873959277239464,0.0975540496141592,9.75540496141592
8522,Parts & Accessories For Use W/ App Of 8519 Or 8521,4,Denmark,0.09352289916008608,9.352289916008608,0.0868196574963863,8.68196574963863
8522,Parts & Accessories For Use W/ App Of 8519 Or 8521,5,United Kingdom,0.09001915847089069,9.00191584708907,0.0716339227602144,7.1633922760214395
8522,Parts & Accessories For Use W/ App Of 8519 Or 8521,6,Germany,0.05337133261264743,5.337133261264744,0.0901612751792023,9.01612751792023
8522,Parts & Accessories For Use W/ App Of 8519 Or 8521,7,Malaysia,0.05207785835753762,5.2077858357537625,0.0796293820884835,7.96293820884835
8522,Parts & Accessories For Use W/ App Of 8519 Or 8521,8,Thailand,0.05114680556815196,5.114680556815196,0.1049150798214322,10.491507982143219
8522,Parts & Accessories For Use W/ App Of 8519 Or 8521,9,Vietnam,0.04596918062330352,4.596918062330352,0.1138002136202927,11.38002136202927
8522,Parts & Accessories For Use W/ App Of 8519 Or 8521,10,Mexico,0.04437834059556521,4.437834059556521,0.0323566112542968,3.23566112542968
8523,Prepared Unrecorded Media (no Film) For Sound Etc.,1,"Korea, South",0.27463675207051963,27.463675207051963,0.0019059993050876,0.19059993050876
8523,Prepared Unrecorded Media (no Film) For Sound Etc.,2,Taiwan,0.2050949319999624,20.50949319999624,0.002768737908113,0.2768737908113
8523,Prepared Unrecorded Media (no Film) For Sound Etc.,3,Malaysia,0.15051308177502484,15.051308177502484,0.003746470753609,0.3746470753609
8523,Prepared Unrecorded Media (no Film) For Sound Etc.,4,Mexico,0.07529436163128349,7.529436163128349,0.0108328737950062,1.08328737950062
8523,Prepared Unrecorded Media (no Film) For Sound Etc.,5,Japan,0.06939817063337116,6.939817063337116,0.0139517791047666,1.3951779104766602
8523,Prepared Unrecorded Media (no Film) For Sound Etc.,6,Vietnam,0.058219519177028,5.8219519177028,0.0006152531605023,0.06152531605023
8523,Prepared Unrecorded Media (no Film) For Sound Etc.,7,Singapore,0.05186460652639953,5.186460652639953,0.003972446080168,0.3972446080168
8523,Prepared Unrecorded Media (no Film) For Sound Etc.,8,Philippines,0.0476789668473134,4.76789668473134,0.0010050106172645,0.10050106172644999
8523,Prepared Unrecorded Media (no Film) For Sound Etc.,9,Thailand,0.03883499872712026,3.8834998727120262,0.0062879443552706,0.6287944355270599
8523,Prepared Unrecorded Media (no Film) For Sound Etc.,10,China,0.02846461061197732,2.846461061197732,0.2977642280845681,29.77642280845681
8524,"Flat Panel Display Modules, Wh/not Touch-sensitive",1,Japan,0.27890678925726653,27.890678925726654,0.0129748139486587,1.29748139486587
8524,"Flat Panel Display Modules, Wh/not Touch-sensitive",2,China,0.23879563609424262,23.879563609424263,0.336895616550272,33.6895616550272
8524,"Flat Panel Display Modules, Wh/not Touch-sensitive",3,Taiwan,0.1942371696080148,19.423716960801478,0.0155680964318681,1.55680964318681
8524,"Flat Panel Display Modules, Wh/not Touch-sensitive",4,"Korea, South",0.15062470346715665,15.062470346715665,0.0057726502285531,0.57726502285531
8524,"Flat Panel Display Modules, Wh/not Touch-sensitive",5,Mexico,0.0545075047214147,5.45075047214147,0.0902673627144737,9.026736271447371
8524,"Flat Panel Display Modules, Wh/not Touch-sensitive",6,Vietnam,0.04595777469800789,4.5957774698007885,0.0008167155526138,0.08167155526138
8524,"Flat Panel Display Modules, Wh/not Touch-sensitive",7,Thailand,0.01870750469438884,1.8707504694388841,0.0016977847710226,0.16977847710226002
8524,"Flat Panel Display Modules, Wh/not Touch-sensitive",8,Israel,0.007381997825371683,0.7381997825371683,0.0028267822593393,0.28267822593393
8524,"Flat Panel Display Modules, Wh/not Touch-sensitive",9,Germany,0.006136146804221331,0.6136146804221332,0.0206068375947906,2.06068375947906
8524,"Flat Panel Display Modules, Wh/not Touch-sensitive",10,Malaysia,0.00474477282991508,0.474477282991508,0.0366480926229192,3.66480926229192
8525,Trans Appar For Radiotele Etc; Tv Camera & Rec,1,Vietnam,0.22785232410417214,22.785232410417215,0.106142587340526,10.614258734052601
8525,Trans Appar For Radiotele Etc; Tv Camera & Rec,2,China,0.2177589615004303,21.77589615004303,0.277636830630649,27.7636830630649
8525,Trans Appar For Radiotele Etc; Tv Camera & Rec,3,Thailand,0.12710186311612492,12.710186311612492,0.1014635000100292,10.14635000100292
8525,Trans Appar For Radiotele Etc; Tv Camera & Rec,4,Japan,0.09827053948284778,9.827053948284778,0.0923471611770125,9.23471611770125
8525,Trans Appar For Radiotele Etc; Tv Camera & Rec,5,Taiwan,0.09491690184752143,9.491690184752143,0.1072013744367151,10.72013744367151
8525,Trans Appar For Radiotele Etc; Tv Camera & Rec,6,Mexico,0.07622263367719599,7.622263367719599,0.0142169662504579,1.42169662504579
8525,Trans Appar For Radiotele Etc; Tv Camera & Rec,7,Canada,0.05226474143834385,5.226474143834385,0.0465297015169293,4.65297015169293
8525,Trans Appar For Radiotele Etc; Tv Camera & Rec,8,Malaysia,0.049864844568368295,4.98648445683683,0.1122300740488043,11.22300740488043
8525,Trans Appar For Radiotele Etc; Tv Camera & Rec,9,Germany,0.031149572544095488,3.114957254409549,0.0820637724877906,8.206377248779061
8525,Trans Appar For Radiotele Etc; Tv Camera & Rec,10,"Korea, South",0.02459761772089977,2.4597617720899767,0.069634430506913,6.9634430506913
8526,"Radar Apparatus, Radio Navig Aid & Remote Cont App",1,Mexico,0.24206649032346703,24.206649032346704,0.0226610052699338,2.26610052699338
8526,"Radar Apparatus, Radio Navig Aid & Remote Cont App",2,China,0.21573253030511977,21.573253030511978,0.3750300899718227,37.50300899718227
8526,"Radar Apparatus, Radio Navig Aid & Remote Cont App",3,Taiwan,0.11832014193829458,11.832014193829458,0.0919316404643265,9.193164046432651
8526,"Radar Apparatus, Radio Navig Aid & Remote Cont App",4,Canada,0.09372583454916741,9.372583454916741,0.0504479676576301,5.04479676576301
8526,"Radar Apparatus, Radio Navig Aid & Remote Cont App",5,Germany,0.08516317999868757,8.516317999868757,0.0801367378574144,8.01367378574144
8526,"Radar Apparatus, Radio Navig Aid & Remote Cont App",6,Malaysia,0.07495991892528463,7.495991892528463,0.1057157330359052,10.57157330359052
8526,"Radar Apparatus, Radio Navig Aid & Remote Cont App",7,Vietnam,0.06626827473901506,6.626827473901506,0.1266206539259507,12.662065392595071
8526,"Radar Apparatus, Radio Navig Aid & Remote Cont App",8,United Kingdom,0.03575885806704113,3.575885806704113,0.0398291046343633,3.98291046343633
8526,"Radar Apparatus, Radio Navig Aid & Remote Cont App",9,Japan,0.034638004984175845,3.4638004984175845,0.0803534433461723,8.03534433461723
8526,"Radar Apparatus, Radio Navig Aid & Remote Cont App",10,"Korea, South",0.03336676616974692,3.3366766169746915,0.0649378144489105,6.4937814448910505
8527,Reception Apparatus For Radiotelephony Etc,1,Mexico,0.44124046052337734,44.12404605233773,0.0588882306071723,5.88882306071723
8527,Reception Apparatus For Radiotelephony Etc,2,Malaysia,0.13916988869747268,13.916988869747268,0.1782340726449625,17.82340726449625
8527,Reception Apparatus For Radiotelephony Etc,3,China,0.11590244924667795,11.590244924667795,0.1702201657419982,17.02201657419982
8527,Reception Apparatus For Radiotelephony Etc,4,Thailand,0.10656646084597719,10.65664608459772,0.1298314437728941,12.98314437728941
8527,Reception Apparatus For Radiotelephony Etc,5,"Korea, South",0.08272359655690004,8.272359655690003,0.0536778351945476,5.36778351945476
8527,Reception Apparatus For Radiotelephony Etc,6,Hungary,0.046357400771373077,4.635740077137307,0.0867147060889173,8.671470608891731
8527,Reception Apparatus For Radiotelephony Etc,7,Vietnam,0.03696250649773564,3.696250649773564,0.1012332033563687,10.12332033563687
8527,Reception Apparatus For Radiotelephony Etc,8,Indonesia,0.018509859268618027,1.8509859268618027,0.1418195259890914,14.18195259890914
8527,Reception Apparatus For Radiotelephony Etc,9,Japan,0.006549716940823872,0.6549716940823872,0.0904675574123195,9.04675574123195
8527,Reception Apparatus For Radiotelephony Etc,10,Portugal,0.0060176606510440964,0.6017660651044097,0.1235295228214462,12.35295228214462
8528,"Tv Recvrs, Incl Video Monitors & Projectors",1,Mexico,0.5004453036963267,50.04453036963267,0.0015369355849149,0.15369355849149
8528,"Tv Recvrs, Incl Video Monitors & Projectors",2,China,0.29971830979355024,29.971830979355023,0.1489481422795278,14.894814227952779
8528,"Tv Recvrs, Incl Video Monitors & Projectors",3,Vietnam,0.09963035778915014,9.963035778915014,0.0743924960959608,7.43924960959608
8528,"Tv Recvrs, Incl Video Monitors & Projectors",4,Taiwan,0.02573832953587137,2.5738329535871367,0.090796293361,9.0796293361
8528,"Tv Recvrs, Incl Video Monitors & Projectors",5,"Korea, South",0.020728337819259476,2.0728337819259477,0.0430852373559524,4.30852373559524
8528,"Tv Recvrs, Incl Video Monitors & Projectors",6,Thailand,0.020375153229651572,2.0375153229651572,0.0155461170710039,1.55461170710039
8528,"Tv Recvrs, Incl Video Monitors & Projectors",7,Philippines,0.011820673300292218,1.182067330029222,0.0878677422344545,8.78677422344545
8528,"Tv Recvrs, Incl Video Monitors & Projectors",8,Japan,0.010254881658341862,1.0254881658341863,0.0533086216078825,5.33086216078825
8528,"Tv Recvrs, Incl Video Monitors & Projectors",9,Belgium,0.007648247383407732,0.7648247383407732,0.0686779765077239,6.867797650772391
8528,"Tv Recvrs, Incl Video Monitors & Projectors",10,Indonesia,0.0036404057941486277,0.3640405794148628,0.0765845904245507,7.658459042455069
8529,"Parts For Television, Radio And Radar Apparatus",1,China,0.22065491143259694,22.065491143259695,0.4430789440882534,44.30789440882534
8529,"Parts For Television, Radio And Radar Apparatus",2,Mexico,0.18512531422494374,18.512531422494373,0.0338323772559837,3.38323772559837
8529,"Parts For Television, Radio And Radar Apparatus",3,Canada,0.1215373892678096,12.15373892678096,0.0429032353033333,4.29032353033333
8529,"Parts For Television, Radio And Radar Apparatus",4,Vietnam,0.09024446425364564,9.024446425364564,0.0838278049031202,8.382780490312019
8529,"Parts For Television, Radio And Radar Apparatus",5,Taiwan,0.08784055486136846,8.784055486136847,0.0910930853747649,9.10930853747649
8529,"Parts For Television, Radio And Radar Apparatus",6,"Korea, South",0.0810217197710764,8.10217197710764,0.0753191892774593,7.53191892774593
8529,"Parts For Television, Radio And Radar Apparatus",7,United Kingdom,0.06014300493667054,6.014300493667054,0.0502754767754289,5.0275476775428904
8529,"Parts For Television, Radio And Radar Apparatus",8,Japan,0.059654923682807066,5.965492368280707,0.0826584605194867,8.265846051948671
8529,"Parts For Television, Radio And Radar Apparatus",9,Germany,0.049086725853706194,4.90867258537062,0.072881878615816,7.2881878615816005
8529,"Parts For Television, Radio And Radar Apparatus",10,Malaysia,0.04469099171537545,4.469099171537545,0.1016143540755907,10.16143540755907
8530,"Electric Signal, Safety Or Traffic Control Equip",1,Mexico,0.483257069197312,48.325706919731196,0.033083720545871,3.3083720545870996
8530,"Electric Signal, Safety Or Traffic Control Equip",2,Canada,0.18329926675778932,18.329926675778932,0.0124432090093997,1.24432090093997
8530,"Electric Signal, Safety Or Traffic Control Equip",3,China,0.08400061255437019,8.40006125543702,0.487485379061139,48.748537906113896
8530,"Electric Signal, Safety Or Traffic Control Equip",4,Taiwan,0.05860084119204311,5.860084119204311,0.1090749920028222,10.907499200282219
8530,"Electric Signal, Safety Or Traffic Control Equip",5,Italy,0.04088012350440656,4.088012350440656,0.0866219737749962,8.66219737749962
8530,"Electric Signal, Safety Or Traffic Control Equip",6,Germany,0.0394813180226106,3.9481318022610603,0.0781334086365814,7.81334086365814
8530,"Electric Signal, Safety Or Traffic Control Equip",7,Poland,0.03208087050934549,3.2080870509345485,0.0772770641799572,7.727706417995719
8530,"Electric Signal, Safety Or Traffic Control Equip",8,Austria,0.02860903411148545,2.860903411148545,0.1018956812576638,10.18956812576638
8530,"Electric Signal, Safety Or Traffic Control Equip",9,Malaysia,0.025200024911747717,2.520002491174772,0.0605119076094496,6.05119076094496
8530,"Electric Signal, Safety Or Traffic Control Equip",10,United Kingdom,0.02459083923888951,2.459083923888951,0.0718500441294785,7.18500441294785
8531,"Electric Sound Or Visual Signaling Apparatus, Pts",1,Mexico,0.27921152725575993,27.921152725575993,0.0180942818102818,1.80942818102818
8531,"Electric Sound Or Visual Signaling Apparatus, Pts",2,China,0.19812511513350253,19.812511513350252,0.3725472087056302,37.25472087056302
8531,"Electric Sound Or Visual Signaling Apparatus, Pts",3,Vietnam,0.17982325943820957,17.982325943820957,0.1252788568782313,12.52788568782313
8531,"Electric Sound Or Visual Signaling Apparatus, Pts",4,Taiwan,0.0831963190342371,8.31963190342371,0.0963084070122702,9.63084070122702
8531,"Electric Sound Or Visual Signaling Apparatus, Pts",5,Malaysia,0.06063954172817406,6.0639541728174065,0.0816976204407403,8.16976204407403
8531,"Electric Sound Or Visual Signaling Apparatus, Pts",6,Germany,0.05986596757112619,5.986596757112618,0.0703130668968541,7.03130668968541
8531,"Electric Sound Or Visual Signaling Apparatus, Pts",7,Canada,0.045928260012818904,4.592826001281891,0.0228571193029863,2.28571193029863
8531,"Electric Sound Or Visual Signaling Apparatus, Pts",8,Japan,0.03155446249011627,3.1554462490116273,0.089838733477507,8.9838733477507
8531,"Electric Sound Or Visual Signaling Apparatus, Pts",9,United Kingdom,0.0313861549097355,3.13861549097355,0.0671981935923757,6.71981935923757
8531,"Electric Sound Or Visual Signaling Apparatus, Pts",10,Thailand,0.030269392426319826,3.0269392426319826,0.0848423787304501,8.48423787304501
8532,"Electric Capacitors, Fixed, Var Or Adj (preset) Pt",1,Japan,0.48425604061639616,48.42560406163962,0.0803457227679814,8.034572276798139
8532,"Electric Capacitors, Fixed, Var Or Adj (preset) Pt",2,China,0.12856150705672875,12.856150705672874,0.496024388241333,49.6024388241333
8532,"Electric Capacitors, Fixed, Var Or Adj (preset) Pt",3,Mexico,0.11032624528740655,11.032624528740655,0.0140146821880794,1.40146821880794
8532,"Electric Capacitors, Fixed, Var Or Adj (preset) Pt",4,Philippines,0.05705764249424508,5.705764249424508,0.1036714612646399,10.36714612646399
8532,"Electric Capacitors, Fixed, Var Or Adj (preset) Pt",5,Malaysia,0.04880737619868564,4.8807376198685635,0.083888374871849,8.3888374871849
8532,"Electric Capacitors, Fixed, Var Or Adj (preset) Pt",6,Taiwan,0.0478317977216937,4.78317977216937,0.0786745529552337,7.867455295523371
8532,"Electric Capacitors, Fixed, Var Or Adj (preset) Pt",7,"Korea, South",0.04341371070841999,4.3413710708419995,0.071476718138345,7.147671813834499
8532,"Electric Capacitors, Fixed, Var Or Adj (preset) Pt",8,Israel,0.039001874968227344,3.9001874968227344,0.0807686575930255,8.07686575930255
8532,"Electric Capacitors, Fixed, Var Or Adj (preset) Pt",9,Switzerland,0.021667301538092945,2.1667301538092945,0.1434638064249477,14.346380642494768
8532,"Electric Capacitors, Fixed, Var Or Adj (preset) Pt",10,El Salvador,0.01907650341010381,1.9076503410103811,0.0660488199875038,6.60488199875038
8533,"Electrical Resistors Except Heating Resistors, Pts",1,Mexico,0.2194254290966984,21.94254290966984,0.0193940107511558,1.9394010751155801
8533,"Electrical Resistors Except Heating Resistors, Pts",2,Japan,0.18161837028774608,18.161837028774606,0.0870613458482867,8.70613458482867
8533,"Electrical Resistors Except Heating Resistors, Pts",3,China,0.14256686455216477,14.256686455216478,0.5137369142531851,51.37369142531851
8533,"Electrical Resistors Except Heating Resistors, Pts",4,Taiwan,0.10004983702269535,10.004983702269534,0.0972276618482889,9.72276618482889
8533,"Electrical Resistors Except Heating Resistors, Pts",5,Israel,0.09279004262429275,9.279004262429275,0.0882923590513592,8.829235905135919
8533,"Electrical Resistors Except Heating Resistors, Pts",6,Germany,0.08860527075994509,8.86052707599451,0.091389726026091,9.1389726026091
8533,"Electrical Resistors Except Heating Resistors, Pts",7,Thailand,0.059289189553540705,5.928918955354071,0.0821740503622174,8.21740503622174
8533,"Electrical Resistors Except Heating Resistors, Pts",8,Costa Rica,0.04912262469118372,4.912262469118372,0.0893346287413178,8.933462874131779
8533,"Electrical Resistors Except Heating Resistors, Pts",9,Malaysia,0.03683596035975738,3.6835960359757376,0.097590495296405,9.7590495296405
8533,"Electrical Resistors Except Heating Resistors, Pts",10,Indonesia,0.029696411051975714,2.9696411051975713,0.0906015195556097,9.06015195556097
8534,Printed Circuits,1,China,0.33021019605616264,33.02101960561627,0.466571593514307,46.6571593514307
8534,Printed Circuits,2,Taiwan,0.30316931786489276,30.316931786489278,0.0847325421593493,8.473254215934931
8534,Printed Circuits,3,Japan,0.08448109785330121,8.448109785330121,0.0817324937825374,8.17324937825374
8534,Printed Circuits,4,"Korea, South",0.06554545650896458,6.554545650896458,0.0939643986395103,9.396439863951029
8534,Printed Circuits,5,Thailand,0.06056728250856286,6.056728250856286,0.1025092383298947,10.25092383298947
8534,Printed Circuits,6,Canada,0.05910479144605889,5.910479144605889,0.0619124170310015,6.191241703100149
8534,Printed Circuits,7,Mexico,0.029631240584750494,2.9631240584750493,0.037713795610898,3.7713795610898
8534,Printed Circuits,8,Vietnam,0.028542365327526496,2.8542365327526498,0.1189290456409278,11.89290456409278
8534,Printed Circuits,9,Switzerland,0.019431824601307022,1.9431824601307022,0.0774904584972569,7.74904584972569
8534,Printed Circuits,10,Malaysia,0.01931642724847309,1.931642724847309,0.1014670006520514,10.14670006520514
8535,"Electrical Apparatus For Switching Etc, Ov 1000 V",1,Mexico,0.5433165660609962,54.33165660609962,0.0447372999603186,4.473729996031859
8535,"Electrical Apparatus For Switching Etc, Ov 1000 V",2,Canada,0.127773184316907,12.777318431690702,0.0313666948977519,3.13666948977519
8535,"Electrical Apparatus For Switching Etc, Ov 1000 V",3,Germany,0.08475181091922834,8.475181091922835,0.0982623965526885,9.82623965526885
8535,"Electrical Apparatus For Switching Etc, Ov 1000 V",4,China,0.07608396589621971,7.608396589621972,0.5216083480113424,52.160834801134236
8535,"Electrical Apparatus For Switching Etc, Ov 1000 V",5,Italy,0.0337706159028845,3.37706159028845,0.1171011195842743,11.71011195842743
8535,"Electrical Apparatus For Switching Etc, Ov 1000 V",6,"Korea, South",0.03186686557716033,3.186686557716033,0.0780702306700318,7.80702306700318
8535,"Electrical Apparatus For Switching Etc, Ov 1000 V",7,Switzerland,0.031293177799784806,3.129317779978481,0.1488369856597776,14.88369856597776
8535,"Electrical Apparatus For Switching Etc, Ov 1000 V",8,India,0.026299395459475787,2.6299395459475785,0.2098106368222936,20.981063682229358
8535,"Electrical Apparatus For Switching Etc, Ov 1000 V",9,Taiwan,0.024056654774884906,2.4056654774884905,0.1161612488202077,11.61612488202077
8535,"Electrical Apparatus For Switching Etc, Ov 1000 V",10,Sweden,0.020787763292458343,2.078776329245834,0.0456471688961389,4.56471688961389
8536,"Electrical Apparatus For Switching Etc, Nov 1000 V",1,Mexico,0.3889704628298786,38.897046282987866,0.0454149076547838,4.54149076547838
8536,"Electrical Apparatus For Switching Etc, Nov 1000 V",2,China,0.2008200492254387,20.08200492254387,0.4960253493577938,49.60253493577938
8536,"Electrical Apparatus For Switching Etc, Nov 1000 V",3,Japan,0.07711808956288443,7.7118089562884435,0.0945998268497784,9.45998268497784
8536,"Electrical Apparatus For Switching Etc, Nov 1000 V",4,Germany,0.0749707803103195,7.49707803103195,0.1006803570895584,10.06803570895584
8536,"Electrical Apparatus For Switching Etc, Nov 1000 V",5,Dominican Republic,0.07088674021553791,7.088674021553791,0.0631951969849567,6.31951969849567
8536,"Electrical Apparatus For Switching Etc, Nov 1000 V",6,Taiwan,0.05169309969393,5.169309969393001,0.1108320238737908,11.08320238737908
8536,"Electrical Apparatus For Switching Etc, Nov 1000 V",7,Italy,0.037381961776583796,3.7381961776583794,0.0985855121670627,9.85855121670627
8536,"Electrical Apparatus For Switching Etc, Nov 1000 V",8,France,0.035420425144425415,3.5420425144425414,0.0997516879539136,9.97516879539136
8536,"Electrical Apparatus For Switching Etc, Nov 1000 V",9,India,0.03289651992676241,3.289651992676241,0.1968256098649294,19.682560986492938
8536,"Electrical Apparatus For Switching Etc, Nov 1000 V",10,Vietnam,0.02984187131423921,2.984187131423921,0.1076117284477289,10.76117284477289
8537,"Boards, Panels Etc Elec Switch And N/c Appar Etc.",1,Mexico,0.5099207009930478,50.992070099304776,0.0307238660534502,3.07238660534502
8537,"Boards, Panels Etc Elec Switch And N/c Appar Etc.",2,Canada,0.10614676104571051,10.614676104571052,0.0278151743889234,2.78151743889234
8537,"Boards, Panels Etc Elec Switch And N/c Appar Etc.",3,China,0.09363990985756866,9.363990985756866,0.523742144844565,52.3742144844565
8537,"Boards, Panels Etc Elec Switch And N/c Appar Etc.",4,Germany,0.0703476551953355,7.034765519533551,0.1138685607336798,11.38685607336798
8537,"Boards, Panels Etc Elec Switch And N/c Appar Etc.",5,Japan,0.050295400306380744,5.029540030638074,0.1239089553283196,12.39089553283196
8537,"Boards, Panels Etc Elec Switch And N/c Appar Etc.",6,"Korea, South",0.04690123095114829,4.690123095114829,0.1086510510744973,10.865105107449729
8537,"Boards, Panels Etc Elec Switch And N/c Appar Etc.",7,Taiwan,0.03727342107322695,3.7273421073226953,0.1298805139005455,12.988051390054551
8537,"Boards, Panels Etc Elec Switch And N/c Appar Etc.",8,Malaysia,0.02966074538690826,2.966074538690826,0.139016375591087,13.901637559108702
8537,"Boards, Panels Etc Elec Switch And N/c Appar Etc.",9,United Kingdom,0.028914752495271638,2.8914752495271636,0.0892099721564487,8.92099721564487
8537,"Boards, Panels Etc Elec Switch And N/c Appar Etc.",10,Vietnam,0.02689942269540173,2.6899422695401727,0.1441766675671276,14.41766675671276
8538,"Parts For Elec Appar Etc Of Head 8535, 8536 & 8537",1,Mexico,0.4111471382426476,41.11471382426476,0.0472139637180646,4.72139637180646
8538,"Parts For Elec Appar Etc Of Head 8535, 8536 & 8537",2,China,0.1381571276652113,13.815712766521129,0.5408034793853306,54.08034793853306
8538,"Parts For Elec Appar Etc Of Head 8535, 8536 & 8537",3,Germany,0.08658822106486577,8.658822106486577,0.1105992827158496,11.05992827158496
8538,"Parts For Elec Appar Etc Of Head 8535, 8536 & 8537",4,India,0.06936591241440744,6.936591241440744,0.2235431100377523,22.35431100377523
8538,"Parts For Elec Appar Etc Of Head 8535, 8536 & 8537",5,Japan,0.061583496420111225,6.158349642011123,0.080980382708196,8.0980382708196
8538,"Parts For Elec Appar Etc Of Head 8535, 8536 & 8537",6,Malaysia,0.061422812253454515,6.142281225345451,0.134252573977363,13.425257397736301
8538,"Parts For Elec Appar Etc Of Head 8535, 8536 & 8537",7,Canada,0.0587291116406931,5.87291116406931,0.047927359447646,4.7927359447646
8538,"Parts For Elec Appar Etc Of Head 8535, 8536 & 8537",8,Italy,0.04550883064336267,4.550883064336267,0.1058121217227444,10.58121217227444
8538,"Parts For Elec Appar Etc Of Head 8535, 8536 & 8537",9,Taiwan,0.037489497484013645,3.7489497484013645,0.1347930514430897,13.47930514430897
8538,"Parts For Elec Appar Etc Of Head 8535, 8536 & 8537",10,France,0.03000785217123274,3.000785217123274,0.113092739926813,11.3092739926813
8539,"Electric Filament Or Discharge Lamps, Parts",1,China,0.7378356812518816,73.78356812518815,0.246675426968208,24.6675426968208
8539,"Electric Filament Or Discharge Lamps, Parts",2,Germany,0.07530756300609977,7.530756300609977,0.0910700780996884,9.10700780996884
8539,"Electric Filament Or Discharge Lamps, Parts",3,Mexico,0.04353067619994597,4.353067619994596,0.0349577832275234,3.49577832275234
8539,"Electric Filament Or Discharge Lamps, Parts",4,Japan,0.040283541020445846,4.0283541020445846,0.1044430717600318,10.44430717600318
8539,"Electric Filament Or Discharge Lamps, Parts",5,Thailand,0.022105027389520537,2.2105027389520537,0.1678405546995072,16.784055469950722
8539,"Electric Filament Or Discharge Lamps, Parts",6,Poland,0.018865999929471453,1.8865999929471453,0.0919900092042788,9.19900092042788
8539,"Electric Filament Or Discharge Lamps, Parts",7,Vietnam,0.01650312794184829,1.650312794184829,0.1386689122205141,13.866891222051411
8539,"Electric Filament Or Discharge Lamps, Parts",8,Taiwan,0.016132340959574918,1.6132340959574918,0.1087521252844514,10.87521252844514
8539,"Electric Filament Or Discharge Lamps, Parts",9,Hungary,0.015570605735707649,1.557060573570765,0.1010247069359548,10.10247069359548
8539,"Electric Filament Or Discharge Lamps, Parts",10,"Korea, South",0.013865436565503998,1.3865436565503997,0.1003426833943374,10.03426833943374
8540,"Thermionic, Cold Cathode Or Photocathode Tubes, Pt",1,Japan,0.3194554195884424,31.94554195884424,0.113516836100476,11.3516836100476
8540,"Thermionic, Cold Cathode Or Photocathode Tubes, Pt",2,Germany,0.2465395001829737,24.65395001829737,0.0134890423041609,1.3489042304160899
8540,"Thermionic, Cold Cathode Or Photocathode Tubes, Pt",3,United Kingdom,0.17427512108632268,17.427512108632268,0.101794292915486,10.1794292915486
8540,"Thermionic, Cold Cathode Or Photocathode Tubes, Pt",4,China,0.084347346925879,8.4347346925879,0.2595630334213781,25.956303342137808
8540,"Thermionic, Cold Cathode Or Photocathode Tubes, Pt",5,France,0.07531255811028512,7.531255811028512,0.0742098252269862,7.42098252269862
8540,"Thermionic, Cold Cathode Or Photocathode Tubes, Pt",6,Czech Republic,0.022068394231824728,2.2068394231824726,0.1055744571951677,10.55744571951677
8540,"Thermionic, Cold Cathode Or Photocathode Tubes, Pt",7,Slovakia,0.02095188764563965,2.095188764563965,0.1228347531469002,12.28347531469002
8540,"Thermionic, Cold Cathode Or Photocathode Tubes, Pt",8,Netherlands,0.020564387910417932,2.0564387910417934,0.095354326872685,9.5354326872685
8540,"Thermionic, Cold Cathode Or Photocathode Tubes, Pt",9,Russia,0.018580833370323485,1.8580833370323484,0.1066658530573318,10.66658530573318
8540,"Thermionic, Cold Cathode Or Photocathode Tubes, Pt",10,Thailand,0.01790455094789125,1.790455094789125,0.105775379885207,10.5775379885207
8541,Semicon Dev;photosens;led;mount Piezoelec Crys;pts,1,Vietnam,0.2214841380805797,22.14841380805797,0.0888093117629502,8.88093117629502
8541,Semicon Dev;photosens;led;mount Piezoelec Crys;pts,2,Malaysia,0.18261604609148294,18.261604609148293,0.07573927630264,7.573927630264
8541,Semicon Dev;photosens;led;mount Piezoelec Crys;pts,3,Thailand,0.14887272669748672,14.887272669748672,0.0791482942599251,7.914829425992511
8541,Semicon Dev;photosens;led;mount Piezoelec Crys;pts,4,Indonesia,0.09023449340741044,9.023449340741044,0.1122792158113711,11.22792158113711
8541,Semicon Dev;photosens;led;mount Piezoelec Crys;pts,5,Japan,0.07275448665577648,7.275448665577648,0.0138448865639857,1.38448865639857
8541,Semicon Dev;photosens;led;mount Piezoelec Crys;pts,6,"Korea, South",0.06844645457023713,6.844645457023713,0.1239236410673736,12.392364106737359
8541,Semicon Dev;photosens;led;mount Piezoelec Crys;pts,7,India,0.06400085392001109,6.40008539200111,0.125348146110771,12.534814611077099
8541,Semicon Dev;photosens;led;mount Piezoelec Crys;pts,8,Taiwan,0.0524338882967991,5.24338882967991,0.0193145834056906,1.93145834056906
8541,Semicon Dev;photosens;led;mount Piezoelec Crys;pts,9,Cambodia,0.05156109312340341,5.156109312340341,0.0123963316496707,1.23963316496707
8541,Semicon Dev;photosens;led;mount Piezoelec Crys;pts,10,China,0.04759581915681313,4.759581915681313,0.5669612480139009,56.69612480139009
8542,"Electronic Integrated Circuits & Microassembl, Pts",1,Malaysia,0.33276590258741356,33.27659025874136,0.0004439621763164,0.04439621763164
8542,"Electronic Integrated Circuits & Microassembl, Pts",2,Taiwan,0.2754078952251276,27.54078952251276,0.0011821455739059,0.11821455739058999
8542,"Electronic Integrated Circuits & Microassembl, Pts",3,Israel,0.0837117450972042,8.371174509720419,3.164014965039948e-05,0.0031640149650399483
8542,"Electronic Integrated Circuits & Microassembl, Pts",4,"Korea, South",0.0700374327014315,7.003743270143151,0.0015092884663919,0.15092884663919
8542,"Electronic Integrated Circuits & Microassembl, Pts",5,Ireland,0.053871084879634795,5.38710848796348,0.0001831113816489,0.01831113816489
8542,"Electronic Integrated Circuits & Microassembl, Pts",6,Thailand,0.039496946320338885,3.9496946320338884,0.0012128554713802,0.12128554713801999
8542,"Electronic Integrated Circuits & Microassembl, Pts",7,Mexico,0.039059091848114735,3.9059091848114735,0.0068124025227692,0.68124025227692
8542,"Electronic Integrated Circuits & Microassembl, Pts",8,Vietnam,0.03853670156332688,3.853670156332688,0.0006535293429007,0.06535293429007001
8542,"Electronic Integrated Circuits & Microassembl, Pts",9,Philippines,0.03389458080142337,3.389458080142337,0.0017028903527103,0.17028903527103
8542,"Electronic Integrated Circuits & Microassembl, Pts",10,Costa Rica,0.03321861897598445,3.321861897598445,0.0001093472776944,0.01093472776944
8543,"Electrical Mach Etc, With Ind Functions Nesoi, Pts",1,Mexico,0.2929301297880595,29.293012978805947,0.0176906377397586,1.7690637739758601
8543,"Electrical Mach Etc, With Ind Functions Nesoi, Pts",2,China,0.15298094798173345,15.298094798173345,0.4307335924921555,43.07335924921555
8543,"Electrical Mach Etc, With Ind Functions Nesoi, Pts",3,Malaysia,0.11617848041082976,11.617848041082976,0.109859337423714,10.9859337423714
8543,"Electrical Mach Etc, With Ind Functions Nesoi, Pts",4,Japan,0.08781915551777059,8.78191555177706,0.0911556928155403,9.11556928155403
8543,"Electrical Mach Etc, With Ind Functions Nesoi, Pts",5,Thailand,0.08281012936060829,8.28101293606083,0.0886036271417099,8.86036271417099
8543,"Electrical Mach Etc, With Ind Functions Nesoi, Pts",6,Indonesia,0.0727875861652947,7.27875861652947,0.0960011761716627,9.600117617166271
8543,"Electrical Mach Etc, With Ind Functions Nesoi, Pts",7,Germany,0.05581594401882232,5.581594401882231,0.0933599977035538,9.33599977035538
8543,"Electrical Mach Etc, With Ind Functions Nesoi, Pts",8,Taiwan,0.048239924179645434,4.8239924179645435,0.1209391595250171,12.09391595250171
8543,"Electrical Mach Etc, With Ind Functions Nesoi, Pts",9,Vietnam,0.046912280326458264,4.691228032645826,0.1340882104471022,13.408821044710221
8543,"Electrical Mach Etc, With Ind Functions Nesoi, Pts",10,Canada,0.04352542225077759,4.352542225077759,0.0260357140044334,2.60357140044334
8544,"Insulated Wire, Cable Etc; Opt Sheath Fib Cables",1,Mexico,0.5947437594545174,59.47437594545174,0.0264621625922498,2.64621625922498
8544,"Insulated Wire, Cable Etc; Opt Sheath Fib Cables",2,China,0.13291478105872606,13.291478105872606,0.5261669016409399,52.616690164093995
8544,"Insulated Wire, Cable Etc; Opt Sheath Fib Cables",3,Vietnam,0.07181888175115589,7.1818881751155885,0.1711122955736098,17.11122955736098
8544,"Insulated Wire, Cable Etc; Opt Sheath Fib Cables",4,Philippines,0.038868843519996296,3.8868843519996297,0.1890009588371943,18.90009588371943
8544,"Insulated Wire, Cable Etc; Opt Sheath Fib Cables",5,Honduras,0.03410887854379582,3.4108878543795824,0.1618684915536386,16.186849155363863
8544,"Insulated Wire, Cable Etc; Opt Sheath Fib Cables",6,"Korea, South",0.02954086355706152,2.954086355706152,0.110973297770555,11.0973297770555
8544,"Insulated Wire, Cable Etc; Opt Sheath Fib Cables",7,Canada,0.02887483401007767,2.887483401007767,0.0311428918362105,3.11428918362105
8544,"Insulated Wire, Cable Etc; Opt Sheath Fib Cables",8,Nicaragua,0.026442319155821323,2.6442319155821323,0.1793216700058239,17.932167000582393
8544,"Insulated Wire, Cable Etc; Opt Sheath Fib Cables",9,India,0.022382293325430427,2.2382293325430425,0.1761974202705638,17.61974202705638
8544,"Insulated Wire, Cable Etc; Opt Sheath Fib Cables",10,Taiwan,0.020304545623417665,2.0304545623417667,0.143571943276846,14.3571943276846
8545,"Carbon Electrodes & Brushes, Lamp Carbons Etc",1,Mexico,0.19525146573932878,19.52514657393288,0.0016582209081971,0.16582209081971
8545,"Carbon Electrodes & Brushes, Lamp Carbons Etc",2,Japan,0.15886700838147644,15.886700838147643,0.0743773253369604,7.43773253369604
8545,"Carbon Electrodes & Brushes, Lamp Carbons Etc",3,India,0.1527644990575733,15.27644990575733,0.0510806909774951,5.108069097749509
8545,"Carbon Electrodes & Brushes, Lamp Carbons Etc",4,China,0.1395554873364357,13.95554873364357,0.4371428875236574,43.71428875236574
8545,"Carbon Electrodes & Brushes, Lamp Carbons Etc",5,Germany,0.102536351110041,10.253635111004101,0.0484194229893766,4.84194229893766
8545,"Carbon Electrodes & Brushes, Lamp Carbons Etc",6,United Kingdom,0.08447725891160732,8.447725891160731,0.063309496136459,6.330949613645901
8545,"Carbon Electrodes & Brushes, Lamp Carbons Etc",7,Poland,0.06492749360113477,6.492749360113477,0.0854531211772875,8.54531211772875
8545,"Carbon Electrodes & Brushes, Lamp Carbons Etc",8,France,0.03506907901670118,3.5069079016701177,0.0612639490976347,6.126394909763469
8545,"Carbon Electrodes & Brushes, Lamp Carbons Etc",9,Italy,0.03454451364977875,3.454451364977875,0.0564089966390866,5.64089966390866
8545,"Carbon Electrodes & Brushes, Lamp Carbons Etc",10,Canada,0.03200684319592276,3.2006843195922756,0.0107640756152366,1.07640756152366
8546,Electrical Insulators Of Any Material,1,China,0.36185995154559103,36.1859951545591,0.4772493226389012,47.72493226389012
8546,Electrical Insulators Of Any Material,2,Mexico,0.1601368830320087,16.013688303200873,0.0279657666217806,2.79657666217806
8546,Electrical Insulators Of Any Material,3,India,0.1324683021317153,13.24683021317153,0.2171051323783325,21.71051323783325
8546,Electrical Insulators Of Any Material,4,Canada,0.08740887416820868,8.740887416820868,0.0193011195741888,1.9301119574188799
8546,Electrical Insulators Of Any Material,5,Taiwan,0.06178501579432213,6.178501579432213,0.0381194728588193,3.81194728588193
8546,Electrical Insulators Of Any Material,6,Japan,0.05758562020222198,5.758562020222198,0.0873264969193617,8.732649691936171
8546,Electrical Insulators Of Any Material,7,Germany,0.052971266044285086,5.297126604428509,0.0788260102995432,7.88260102995432
8546,Electrical Insulators Of Any Material,8,Italy,0.04350137749265545,4.350137749265545,0.1041803388492533,10.41803388492533
8546,Electrical Insulators Of Any Material,9,Slovakia,0.021769660902307437,2.1769660902307435,0.1046924477183519,10.46924477183519
8546,Electrical Insulators Of Any Material,10,Brazil,0.02051304868668425,2.051304868668425,0.1801424887639031,18.014248876390308
8547,Insulating Fittings For Assembly Nesoi,1,China,0.2627050393644671,26.27050393644671,0.5603046075733917,56.03046075733917
8547,Insulating Fittings For Assembly Nesoi,2,Mexico,0.1856384648809649,18.563846488096488,0.0708071690432515,7.0807169043251506
8547,Insulating Fittings For Assembly Nesoi,3,Japan,0.16538037505600003,16.538037505600002,0.1020512278321364,10.205122783213639
8547,Insulating Fittings For Assembly Nesoi,4,Canada,0.1068720137477905,10.68720137477905,0.0620211457998295,6.2021145799829505
8547,Insulating Fittings For Assembly Nesoi,5,Germany,0.07848484681715774,7.8484846817157745,0.1081584770486762,10.81584770486762
8547,Insulating Fittings For Assembly Nesoi,6,India,0.0649980089452972,6.49980089452972,0.247542090261566,24.7542090261566
8547,Insulating Fittings For Assembly Nesoi,7,Thailand,0.03848863532087733,3.848863532087733,0.1495897619724962,14.958976197249621
8547,Insulating Fittings For Assembly Nesoi,8,"Korea, South",0.037791562854787915,3.7791562854787917,0.1612153001422295,16.12153001422295
8547,Insulating Fittings For Assembly Nesoi,9,Switzerland,0.03357494504117229,3.357494504117229,0.1650157892561511,16.50157892561511
8547,Insulating Fittings For Assembly Nesoi,10,Taiwan,0.026066107971485064,2.606610797148506,0.269562459771759,26.956245977175904
8548,"Electrical Parts Of Machinery Or Apparatus, Nesoi",1,Mexico,0.3081645256716559,30.81645256716559,0.0064201413119371,0.64201413119371
8548,"Electrical Parts Of Machinery Or Apparatus, Nesoi",2,Japan,0.19648292056669292,19.64829205666929,0.0677314725593057,6.77314725593057
8548,"Electrical Parts Of Machinery Or Apparatus, Nesoi",3,China,0.13932281820819276,13.932281820819275,0.4825944508369469,48.25944508369469
8548,"Electrical Parts Of Machinery Or Apparatus, Nesoi",4,Thailand,0.07396983840431637,7.396983840431637,0.0576888775600892,5.76888775600892
8548,"Electrical Parts Of Machinery Or Apparatus, Nesoi",5,Taiwan,0.06140630307735107,6.140630307735107,0.051405222028453,5.1405222028452995
8548,"Electrical Parts Of Machinery Or Apparatus, Nesoi",6,Germany,0.05768600518540193,5.768600518540193,0.0300233274067472,3.0023327406747202
8548,"Electrical Parts Of Machinery Or Apparatus, Nesoi",7,Vietnam,0.05320261772431717,5.320261772431717,0.0662238721759257,6.6223872175925695
8548,"Electrical Parts Of Machinery Or Apparatus, Nesoi",8,"Korea, South",0.052685892572224766,5.268589257222477,0.0306474747263757,3.06474747263757
8548,"Electrical Parts Of Machinery Or Apparatus, Nesoi",9,Malaysia,0.030599200146182073,3.0599200146182075,0.0480557280422912,4.8055728042291195
8548,"Electrical Parts Of Machinery Or Apparatus, Nesoi",10,Canada,0.026479878443665044,2.6479878443665044,0.0122001720062653,1.22001720062653
8549,Electrical And Electronic Waste And Scrap,1,Mexico,0.44936676376992546,44.936676376992544,0.0111725767736093,1.11725767736093
8549,Electrical And Electronic Waste And Scrap,2,Canada,0.25478608947641074,25.478608947641074,0.0112642727704569,1.12642727704569
8549,Electrical And Electronic Waste And Scrap,3,Brazil,0.09441772997324392,9.441772997324392,0.0425329997411785,4.2532999741178505
8549,Electrical And Electronic Waste And Scrap,4,China,0.05856570139553199,5.856570139553199,0.3081662566815247,30.81662566815247
8549,Electrical And Electronic Waste And Scrap,5,Taiwan,0.03449884561410453,3.449884561410453,0.0067404310472436,0.67404310472436
8549,Electrical And Electronic Waste And Scrap,6,Vietnam,0.030617752831993857,3.0617752831993856,0.0419864927174591,4.19864927174591
8549,Electrical And Electronic Waste And Scrap,7,United Arab Emirates,0.023265625076228983,2.3265625076228984,,
8549,Electrical And Electronic Waste And Scrap,8,Colombia,0.020251377549301088,2.0251377549301086,0.0254616827545313,2.5461682754531303
8549,Electrical And Electronic Waste And Scrap,9,"Korea, South",0.01819947194041551,1.819947194041551,0.0003806968966562,0.03806968966562
8549,Electrical And Electronic Waste And Scrap,10,Ecuador,0.016030642372843896,1.6030642372843895,0.03235087803927,3.2350878039269997
8701,Tractors (other Than Works Trucks Of Heading 8709),1,Mexico,0.6376312479915376,63.76312479915376,0.029714205107771,2.9714205107771
8701,Tractors (other Than Works Trucks Of Heading 8709),2,Germany,0.1137768822200923,11.37768822200923,0.0820227831595206,8.202278315952059
8701,Tractors (other Than Works Trucks Of Heading 8709),3,Japan,0.06810465610128168,6.810465610128167,0.1580689361149669,15.806893611496688
8701,Tractors (other Than Works Trucks Of Heading 8709),4,"Korea, South",0.04835401913878252,4.835401913878252,0.0613311131459446,6.13311131459446
8701,Tractors (other Than Works Trucks Of Heading 8709),5,Brazil,0.03029683316858701,3.029683316858701,0.1799602530046599,17.99602530046599
8701,Tractors (other Than Works Trucks Of Heading 8709),6,Canada,0.025886547149541143,2.588654714954114,0.0022581463839845,0.22581463839845
8701,Tractors (other Than Works Trucks Of Heading 8709),7,India,0.025303079542645313,2.5303079542645315,0.1708855416836263,17.08855416836263
8701,Tractors (other Than Works Trucks Of Heading 8709),8,France,0.018349975753285504,1.8349975753285503,0.1307603134197304,13.07603134197304
8701,Tractors (other Than Works Trucks Of Heading 8709),9,United Kingdom,0.016378407401629498,1.6378407401629498,0.0528556160248026,5.28556160248026
8701,Tractors (other Than Works Trucks Of Heading 8709),10,Turkey,0.015918351532617444,1.5918351532617443,0.0856177136241805,8.56177136241805
8702,Motor Vehicle F Trnspt &gt;ten Persons Includ Driver,1,Canada,0.7419214538607806,74.19214538607805,0.0053318525110499,0.53318525110499
8702,Motor Vehicle F Trnspt &gt;ten Persons Includ Driver,2,Macedonia,0.09760678125131904,9.760678125131903,0.0878530536433312,8.78530536433312
8702,Motor Vehicle F Trnspt &gt;ten Persons Includ Driver,3,Turkey,0.07786903269576899,7.786903269576899,0.0878753481704364,8.787534817043639
8702,Motor Vehicle F Trnspt &gt;ten Persons Includ Driver,4,Mexico,0.049811559515827816,4.981155951582782,0.0023577028164587,0.23577028164587
8702,Motor Vehicle F Trnspt &gt;ten Persons Includ Driver,5,Germany,0.014852699303033765,1.4852699303033765,0.1199998140330649,11.999981403306489
8702,Motor Vehicle F Trnspt &gt;ten Persons Includ Driver,6,China,0.009483826430725048,0.9483826430725049,0.9298780064867144,92.98780064867144
8702,Motor Vehicle F Trnspt &gt;ten Persons Includ Driver,7,Belgium,0.003967081792985618,0.3967081792985618,0.0173952561876942,1.73952561876942
8702,Motor Vehicle F Trnspt &gt;ten Persons Includ Driver,8,Portugal,0.003183704210071002,0.3183704210071002,0.0200000334327586,2.00000334327586
8702,Motor Vehicle F Trnspt &gt;ten Persons Includ Driver,9,Malaysia,0.0010343938675872375,0.10343938675872374,0.1199992569475405,11.999925694754051
8702,Motor Vehicle F Trnspt &gt;ten Persons Includ Driver,10,Spain,0.0002694670719009374,0.026946707190093743,,
8703,Motor Cars & Vehicles For Transporting Persons,1,Mexico,0.22985044852009442,22.98504485200944,0.1148938576859436,11.48938576859436
8703,Motor Cars & Vehicles For Transporting Persons,2,Japan,0.20824329790757223,20.824329790757222,0.1691847248415293,16.91847248415293
8703,Motor Cars & Vehicles For Transporting Persons,3,"Korea, South",0.1535446881001143,15.35446881001143,0.1603645216218616,16.03645216218616
8703,Motor Cars & Vehicles For Transporting Persons,4,Canada,0.15265064752844898,15.265064752844898,0.0797720505900557,7.97720505900557
8703,Motor Cars & Vehicles For Transporting Persons,5,Germany,0.13546271764624873,13.546271764624873,0.1511388000956914,15.113880009569138
8703,Motor Cars & Vehicles For Transporting Persons,6,United Kingdom,0.04287057739381468,4.287057739381468,0.1014510352592306,10.14510352592306
8703,Motor Cars & Vehicles For Transporting Persons,7,Slovakia,0.02805625471270924,2.805625471270924,0.1657380577260079,16.57380577260079
8703,Motor Cars & Vehicles For Transporting Persons,8,Italy,0.01866243969680471,1.8662439696804711,0.1191665269461313,11.916652694613129
8703,Motor Cars & Vehicles For Transporting Persons,9,Sweden,0.018180759344412083,1.8180759344412083,0.1482778274418796,14.827782744187958
8703,Motor Cars & Vehicles For Transporting Persons,10,Austria,0.01247816914978058,1.247816914978058,0.1582289219656974,15.822892196569741
8704,Motor Vehicles For Transport Of Goods,1,Mexico,0.810519761133574,81.0519761133574,0.0580358991311246,5.80358991311246
8704,Motor Vehicles For Transport Of Goods,2,Canada,0.12509928872914827,12.509928872914827,0.0286117911591609,2.86117911591609
8704,Motor Vehicles For Transport Of Goods,3,United Kingdom,0.019895390467463973,1.9895390467463974,0.1136335553780402,11.363355537804019
8704,Motor Vehicles For Transport Of Goods,4,Japan,0.0186014671319232,1.8601467131923202,0.1178346660914664,11.78346660914664
8704,Motor Vehicles For Transport Of Goods,5,Germany,0.00978116552457082,0.9781165524570821,0.108628979331332,10.862897933133201
8704,Motor Vehicles For Transport Of Goods,6,Spain,0.006055409348149733,0.6055409348149733,0.1921683399270768,19.21683399270768
8704,Motor Vehicles For Transport Of Goods,7,Brazil,0.004876983128271888,0.4876983128271888,0.1458896398486285,14.588963984862849
8704,Motor Vehicles For Transport Of Goods,8,Sweden,0.0037513357961673887,0.3751335796167389,0.0889911772444808,8.89911772444808
8704,Motor Vehicles For Transport Of Goods,9,Norway,0.0007921293100908575,0.07921293100908576,0.1119990772882142,11.19990772882142
8704,Motor Vehicles For Transport Of Goods,10,Finland,0.0006270694306397777,0.06270694306397777,0.1708510681942469,17.085106819424688
8705,Special Purpose Motor Vehicles Nesoi,1,Germany,0.47707700399692626,47.70770039969263,0.0695232948345354,6.95232948345354
8705,Special Purpose Motor Vehicles Nesoi,2,Canada,0.4338234954520282,43.38234954520282,0.0044836034029616,0.44836034029616
8705,Special Purpose Motor Vehicles Nesoi,3,Denmark,0.03140700529193111,3.1407005291931114,0.0605241652678159,6.05241652678159
8705,Special Purpose Motor Vehicles Nesoi,4,Netherlands,0.017887350504691868,1.7887350504691868,0.1112641184237311,11.12641184237311
8705,Special Purpose Motor Vehicles Nesoi,5,Japan,0.012725047014898311,1.2725047014898312,0.062373254700367,6.2373254700367
8705,Special Purpose Motor Vehicles Nesoi,6,Italy,0.010711514220580838,1.0711514220580838,0.0701044776811323,7.01044776811323
8705,Special Purpose Motor Vehicles Nesoi,7,Mexico,0.006026704920696037,0.6026704920696037,0.0369838323794991,3.69838323794991
8705,Special Purpose Motor Vehicles Nesoi,8,Austria,0.0037555920419908187,0.37555920419908184,,
8705,Special Purpose Motor Vehicles Nesoi,9,United Kingdom,0.0034856773181185996,0.34856773181185996,0.05753547172515,5.753547172515
8705,Special Purpose Motor Vehicles Nesoi,10,Latvia,0.003100609238137932,0.3100609238137932,0.0928942797763,9.28942797763
8706,"Chas W Eng F Trac, Mtr Veh F Pass/gd & Special Pur",1,India,0.6634621629409796,66.34621629409796,0.1843728919433931,18.43728919433931
8706,"Chas W Eng F Trac, Mtr Veh F Pass/gd & Special Pur",2,Canada,0.1773602046504447,17.73602046504447,0.0003807765828138,0.038077658281379996
8706,"Chas W Eng F Trac, Mtr Veh F Pass/gd & Special Pur",3,Germany,0.1044943595262836,10.44943595262836,0.0338204206771085,3.3820420677108496
8706,"Chas W Eng F Trac, Mtr Veh F Pass/gd & Special Pur",4,Mexico,0.031130781683866703,3.11307816838667,,
8706,"Chas W Eng F Trac, Mtr Veh F Pass/gd & Special Pur",5,Italy,0.006330630176687069,0.6330630176687069,0.1483543399205841,14.83543399205841
8706,"Chas W Eng F Trac, Mtr Veh F Pass/gd & Special Pur",6,United Kingdom,0.006151825824780148,0.6151825824780148,0.0232838060261333,2.32838060261333
8706,"Chas W Eng F Trac, Mtr Veh F Pass/gd & Special Pur",7,China,0.004176594536240627,0.4176594536240627,0.1103348866598215,11.03348866598215
8706,"Chas W Eng F Trac, Mtr Veh F Pass/gd & Special Pur",8,Singapore,0.003627490495833406,0.36274904958334064,0.2366415735016177,23.664157350161773
8706,"Chas W Eng F Trac, Mtr Veh F Pass/gd & Special Pur",9,Australia,0.0024923396150648516,0.24923396150648516,,
8706,"Chas W Eng F Trac, Mtr Veh F Pass/gd & Special Pur",10,Japan,0.0007736105498192676,0.07736105498192676,0.0159943684107131,1.59943684107131
8707,"Bodies (including Cabs), For Specif Motor Vehicles",1,Mexico,0.43772473809736895,43.772473809736894,0.0808923069315583,8.08923069315583
8707,"Bodies (including Cabs), For Specif Motor Vehicles",2,Canada,0.21123636124106013,21.123636124106014,0.0058037735590565,0.58037735590565
8707,"Bodies (including Cabs), For Specif Motor Vehicles",3,Japan,0.1421481108071439,14.21481108071439,0.1130744170100167,11.30744170100167
8707,"Bodies (including Cabs), For Specif Motor Vehicles",4,Spain,0.12266601353147598,12.266601353147598,0.1211874116772239,12.118741167722389
8707,"Bodies (including Cabs), For Specif Motor Vehicles",5,United Kingdom,0.026873505713436784,2.6873505713436785,0.1146915930983394,11.46915930983394
8707,"Bodies (including Cabs), For Specif Motor Vehicles",6,Germany,0.020541264827541574,2.054126482754157,0.1394159341547346,13.941593415473461
8707,"Bodies (including Cabs), For Specif Motor Vehicles",7,Italy,0.016895004173891105,1.6895004173891104,0.121391655824216,12.139165582421601
8707,"Bodies (including Cabs), For Specif Motor Vehicles",8,South Africa,0.01064515843330462,1.064515843330462,0.0151604489386917,1.5160448938691702
8707,"Bodies (including Cabs), For Specif Motor Vehicles",9,Czech Republic,0.005661660333253704,0.5661660333253704,0.0939961235540241,9.399612355402411
8707,"Bodies (including Cabs), For Specif Motor Vehicles",10,Austria,0.005608182841523245,0.5608182841523245,0.1234653837584198,12.34653837584198
8708,Parts & Access For Motor Vehicles (head 8701-8705),1,Mexico,0.4369702587934909,43.69702587934909,0.0755771316255897,7.5577131625589695
8708,Parts & Access For Motor Vehicles (head 8701-8705),2,Canada,0.14604046219784866,14.604046219784866,0.0787579141122243,7.87579141122243
8708,Parts & Access For Motor Vehicles (head 8701-8705),3,China,0.12030807917634094,12.030807917634094,0.5537592510138394,55.37592510138394
8708,Parts & Access For Motor Vehicles (head 8701-8705),4,Japan,0.09229403382205147,9.229403382205147,0.1534789748338382,15.347897483383822
8708,Parts & Access For Motor Vehicles (head 8701-8705),5,"Korea, South",0.07980724274731764,7.980724274731764,0.1410458326989786,14.10458326989786
8708,Parts & Access For Motor Vehicles (head 8701-8705),6,Germany,0.047845643049487505,4.78456430494875,0.1708397134129303,17.08397134129303
8708,Parts & Access For Motor Vehicles (head 8701-8705),7,Taiwan,0.025809163702404384,2.5809163702404385,0.1760019658447239,17.600196584472393
8708,Parts & Access For Motor Vehicles (head 8701-8705),8,India,0.02424578299657045,2.4245782996570453,0.1714352804759298,17.14352804759298
8708,Parts & Access For Motor Vehicles (head 8701-8705),9,Thailand,0.016320195918190138,1.6320195918190137,0.1738880480903549,17.38880480903549
8708,Parts & Access For Motor Vehicles (head 8701-8705),10,Italy,0.01035913759629793,1.035913759629793,0.1478391127469668,14.78391127469668
8709,"Works Trucks, Self-prop, No Lift; Stat Tractrs; Pt",1,Japan,0.29836572219548574,29.836572219548575,0.0438824957341587,4.3882495734158695
8709,"Works Trucks, Self-prop, No Lift; Stat Tractrs; Pt",2,Mexico,0.1714356448450742,17.14356448450742,0.0170571178812046,1.70571178812046
8709,"Works Trucks, Self-prop, No Lift; Stat Tractrs; Pt",3,Canada,0.09747427005675247,9.747427005675247,0.0176100776009806,1.76100776009806
8709,"Works Trucks, Self-prop, No Lift; Stat Tractrs; Pt",4,Taiwan,0.0915995493352728,9.15995493352728,0.0583101852216589,5.83101852216589
8709,"Works Trucks, Self-prop, No Lift; Stat Tractrs; Pt",5,China,0.08705013867162244,8.705013867162243,0.5286376832195484,52.86376832195484
8709,"Works Trucks, Self-prop, No Lift; Stat Tractrs; Pt",6,Germany,0.07250030950544842,7.250030950544842,0.0780065218815188,7.800652188151879
8709,"Works Trucks, Self-prop, No Lift; Stat Tractrs; Pt",7,France,0.06974850335194911,6.974850335194911,0.0884778784388013,8.84778784388013
8709,"Works Trucks, Self-prop, No Lift; Stat Tractrs; Pt",8,Thailand,0.05851708171907783,5.8517081719077835,0.0968682825737517,9.68682825737517
8709,"Works Trucks, Self-prop, No Lift; Stat Tractrs; Pt",9,India,0.02815987841440568,2.815987841440568,0.1485906350742896,14.85906350742896
8709,"Works Trucks, Self-prop, No Lift; Stat Tractrs; Pt",10,Netherlands,0.025148901904911373,2.5148901904911374,0.1431192374805057,14.311923748050571
8710,"Tank & Ot Armored Fight Veh, Motorized; And Parts",1,Canada,0.4639802519523766,46.39802519523766,0.0036802030989111,0.36802030989111
8710,"Tank & Ot Armored Fight Veh, Motorized; And Parts",2,Italy,0.23766667172624337,23.766667172624338,0.0257832971612991,2.57832971612991
8710,"Tank & Ot Armored Fight Veh, Motorized; And Parts",3,Switzerland,0.10683262237125556,10.683262237125556,0.0083179732644684,0.83179732644684
8710,"Tank & Ot Armored Fight Veh, Motorized; And Parts",4,"Korea, South",0.0574738555228678,5.74738555228678,0.1392750642378343,13.92750642378343
8710,"Tank & Ot Armored Fight Veh, Motorized; And Parts",5,Israel,0.049644062722465694,4.96440627224657,0.004223012206891,0.4223012206891
8710,"Tank & Ot Armored Fight Veh, Motorized; And Parts",6,Germany,0.030919706812310193,3.0919706812310195,0.0531091355982817,5.31091355982817
8710,"Tank & Ot Armored Fight Veh, Motorized; And Parts",7,United Kingdom,0.02459628340535432,2.459628340535432,0.0583117969678066,5.8311796967806595
8710,"Tank & Ot Armored Fight Veh, Motorized; And Parts",8,Oman,0.011930156716810018,1.1930156716810019,,
8710,"Tank & Ot Armored Fight Veh, Motorized; And Parts",9,Spain,0.009861416096085944,0.9861416096085944,0.0015149732239891,0.15149732239891
8710,"Tank & Ot Armored Fight Veh, Motorized; And Parts",10,Mexico,0.007094972674230551,0.7094972674230551,0.1336667341125355,13.366673411253549
8711,Motorcycles (incl Mopeds) & Cycles With Aux Motor,1,China,0.2396571852985943,23.96571852985943,0.3707804562594092,37.078045625940916
8711,Motorcycles (incl Mopeds) & Cycles With Aux Motor,2,Japan,0.23345572557582508,23.345572557582507,0.1028122655617522,10.28122655617522
8711,Motorcycles (incl Mopeds) & Cycles With Aux Motor,3,Thailand,0.1408760207390613,14.08760207390613,0.0883415957551615,8.83415957551615
8711,Motorcycles (incl Mopeds) & Cycles With Aux Motor,4,Taiwan,0.0891799192769836,8.91799192769836,0.0868164919384498,8.68164919384498
8711,Motorcycles (incl Mopeds) & Cycles With Aux Motor,5,Austria,0.07984283581710556,7.984283581710557,0.1563149710483363,15.631497104833631
8711,Motorcycles (incl Mopeds) & Cycles With Aux Motor,6,Germany,0.06730957619777259,6.730957619777259,0.1063965279713113,10.63965279713113
8711,Motorcycles (incl Mopeds) & Cycles With Aux Motor,7,Italy,0.06676277600872314,6.676277600872314,0.0905277241976014,9.05277241976014
8711,Motorcycles (incl Mopeds) & Cycles With Aux Motor,8,Canada,0.03509535561154975,3.509535561154975,0.0042924500960412,0.42924500960412
8711,Motorcycles (incl Mopeds) & Cycles With Aux Motor,9,Indonesia,0.024653305931644078,2.4653305931644076,0.1069114520506006,10.69114520506006
8711,Motorcycles (incl Mopeds) & Cycles With Aux Motor,10,Vietnam,0.023167299542740553,2.3167299542740554,0.114619249607959,11.4619249607959
8712,Bicycles & Oth Cycles (inc Del Tricycle) No Motor,1,China,0.3773576147882425,37.735761478824244,0.5197722545423051,51.97722545423051
8712,Bicycles & Oth Cycles (inc Del Tricycle) No Motor,2,Taiwan,0.3218255489285303,32.182554892853034,0.1684280823873757,16.842808238737568
8712,Bicycles & Oth Cycles (inc Del Tricycle) No Motor,3,Cambodia,0.18689640256285034,18.689640256285035,0.1217979796084989,12.179797960849891
8712,Bicycles & Oth Cycles (inc Del Tricycle) No Motor,4,Vietnam,0.05706753940253816,5.706753940253816,0.1801531039203652,18.015310392036522
8712,Bicycles & Oth Cycles (inc Del Tricycle) No Motor,5,Indonesia,0.021036086068243823,2.103608606824382,0.1712954557639659,17.12954557639659
8712,Bicycles & Oth Cycles (inc Del Tricycle) No Motor,6,Malaysia,0.008983593404335067,0.8983593404335067,0.2315289376817253,23.15289376817253
8712,Bicycles & Oth Cycles (inc Del Tricycle) No Motor,7,Spain,0.00745187575436628,0.745187575436628,0.1424590252470685,14.24590252470685
8712,Bicycles & Oth Cycles (inc Del Tricycle) No Motor,8,United Kingdom,0.007091298994881953,0.7091298994881953,0.1531026300925696,15.31026300925696
8712,Bicycles & Oth Cycles (inc Del Tricycle) No Motor,9,Italy,0.006765310224863968,0.6765310224863967,0.1262511770906788,12.62511770906788
8712,Bicycles & Oth Cycles (inc Del Tricycle) No Motor,10,Canada,0.005524729871147608,0.5524729871147608,0.0351505431964949,3.51505431964949
8713,"Carriages For Disabled Persons,motorized Or Not",1,China,0.6623934074206382,66.23934074206382,0.0225859734531479,2.25859734531479
8713,"Carriages For Disabled Persons,motorized Or Not",2,Mexico,0.13335473317072832,13.335473317072832,6.506471380879946e-05,0.006506471380879946
8713,"Carriages For Disabled Persons,motorized Or Not",3,Canada,0.11552310171105669,11.552310171105669,0.0002150222123854,0.02150222123854
8713,"Carriages For Disabled Persons,motorized Or Not",4,Taiwan,0.058084299348990884,5.808429934899088,0.0172342193013141,1.72342193013141
8713,"Carriages For Disabled Persons,motorized Or Not",5,Vietnam,0.014898842701731635,1.4898842701731636,0.0123502610060046,1.2350261006004601
8713,"Carriages For Disabled Persons,motorized Or Not",6,Germany,0.004546481403855383,0.4546481403855383,0.0025676537937293,0.25676537937293004
8713,"Carriages For Disabled Persons,motorized Or Not",7,United Kingdom,0.0035654355847539333,0.3565435584753933,0.0275665693937787,2.75665693937787
8713,"Carriages For Disabled Persons,motorized Or Not",8,Italy,0.0026459752705490823,0.26459752705490824,0.0112746179297305,1.12746179297305
8713,"Carriages For Disabled Persons,motorized Or Not",9,Thailand,0.0025965060068831045,0.2596506006883105,,
8713,"Carriages For Disabled Persons,motorized Or Not",10,Japan,0.0023912173808127457,0.23912173808127457,0.0889964099785485,8.899640997854851
8714,Parts & Access For Cycles & Invalid Carriages,1,China,0.33156108560040354,33.15610856004035,0.1927791288426755,19.27791288426755
8714,Parts & Access For Cycles & Invalid Carriages,2,Taiwan,0.3190187829224733,31.901878292247332,0.1258502947000228,12.58502947000228
8714,Parts & Access For Cycles & Invalid Carriages,3,Japan,0.0894323103358528,8.943231033585281,0.1293726905095244,12.937269050952441
8714,Parts & Access For Cycles & Invalid Carriages,4,Italy,0.06766237798105709,6.766237798105709,0.1101790024148763,11.017900241487629
8714,Parts & Access For Cycles & Invalid Carriages,5,Mexico,0.044870727606586884,4.487072760658688,0.0296800853996212,2.96800853996212
8714,Parts & Access For Cycles & Invalid Carriages,6,Canada,0.0376029496224768,3.7602949622476802,0.0196119122210648,1.96119122210648
8714,Parts & Access For Cycles & Invalid Carriages,7,Vietnam,0.03501861060516488,3.501861060516488,0.1178604957554845,11.78604957554845
8714,Parts & Access For Cycles & Invalid Carriages,8,Germany,0.02731648818845352,2.731648818845352,0.0829788045490975,8.29788045490975
8714,Parts & Access For Cycles & Invalid Carriages,9,Thailand,0.024512881697406702,2.4512881697406703,0.1521389088939,15.21389088939
8714,Parts & Access For Cycles & Invalid Carriages,10,Poland,0.023003785440124432,2.3003785440124433,0.0272002676240948,2.72002676240948
8715,Baby Carriages (inc Strollers) And Parts Thereof,1,China,0.961120879063728,96.1120879063728,0.2384771296604175,23.84771296604175
8715,Baby Carriages (inc Strollers) And Parts Thereof,2,Vietnam,0.01334858647867185,1.3348586478671849,0.1458495688091644,14.584956880916438
8715,Baby Carriages (inc Strollers) And Parts Thereof,3,Mexico,0.008361821426041445,0.8361821426041446,,
8715,Baby Carriages (inc Strollers) And Parts Thereof,4,Taiwan,0.006858546796696429,0.685854679669643,0.1467654070193235,14.67654070193235
8715,Baby Carriages (inc Strollers) And Parts Thereof,5,Italy,0.0029171815091911333,0.29171815091911335,0.1111259971397303,11.11259971397303
8715,Baby Carriages (inc Strollers) And Parts Thereof,6,Germany,0.002381905464859962,0.2381905464859962,0.0896371782505277,8.96371782505277
8715,Baby Carriages (inc Strollers) And Parts Thereof,7,Denmark,0.0022980315183080266,0.22980315183080266,0.0284174014793764,2.84174014793764
8715,Baby Carriages (inc Strollers) And Parts Thereof,8,Poland,0.0010997921649821053,0.10997921649821053,0.1211277318056439,12.11277318056439
8715,Baby Carriages (inc Strollers) And Parts Thereof,9,Netherlands,0.0010633307437833135,0.10633307437833135,0.1264261356460236,12.642613564602359
8715,Baby Carriages (inc Strollers) And Parts Thereof,10,Hong Kong,0.0005499248337376988,0.05499248337376988,0.3326249936249426,33.26249936249426
8716,"Trailers Etc; Other Vehicles, Not Mech Propeld, Pt",1,Mexico,0.5546646339604654,55.46646339604654,0.0088843558898896,0.8884355889889599
8716,"Trailers Etc; Other Vehicles, Not Mech Propeld, Pt",2,China,0.20129409753015584,20.129409753015583,0.5021606998706786,50.216069987067854
8716,"Trailers Etc; Other Vehicles, Not Mech Propeld, Pt",3,Canada,0.1489624156944977,14.896241569449769,0.008262324510194,0.8262324510193999
8716,"Trailers Etc; Other Vehicles, Not Mech Propeld, Pt",4,Vietnam,0.02931999670170926,2.931999670170926,0.147265643772259,14.7265643772259
8716,"Trailers Etc; Other Vehicles, Not Mech Propeld, Pt",5,Thailand,0.016437544472302456,1.6437544472302457,0.1286658519776785,12.866585197767849
8716,"Trailers Etc; Other Vehicles, Not Mech Propeld, Pt",6,India,0.011720700733889915,1.1720700733889915,0.1579313454890587,15.79313454890587
8716,"Trailers Etc; Other Vehicles, Not Mech Propeld, Pt",7,Taiwan,0.011373275386270067,1.1373275386270068,0.1434290591035358,14.34290591035358
8716,"Trailers Etc; Other Vehicles, Not Mech Propeld, Pt",8,Germany,0.010288390201595516,1.0288390201595516,0.1051112300113686,10.51112300113686
8716,"Trailers Etc; Other Vehicles, Not Mech Propeld, Pt",9,"Korea, South",0.009206991759490137,0.9206991759490137,0.1164818993962221,11.64818993962221
8716,"Trailers Etc; Other Vehicles, Not Mech Propeld, Pt",10,Malaysia,0.006731953559623644,0.6731953559623644,0.1363427043513412,13.634270435134118
9401,"Seats (except Barber, Dental, Etc), And Parts",1,Mexico,0.3462261230255872,34.62261230255872,0.0254631717491081,2.54631717491081
9401,"Seats (except Barber, Dental, Etc), And Parts",2,China,0.29173486664845727,29.173486664845726,0.3377970626698874,33.77970626698874
9401,"Seats (except Barber, Dental, Etc), And Parts",3,Vietnam,0.20250146169104694,20.250146169104692,0.0863696968321635,8.63696968321635
9401,"Seats (except Barber, Dental, Etc), And Parts",4,Canada,0.0582045576340757,5.82045576340757,0.0227904471393472,2.27904471393472
9401,"Seats (except Barber, Dental, Etc), And Parts",5,Italy,0.025135363706386513,2.513536370638651,0.087741423063811,8.7741423063811
9401,"Seats (except Barber, Dental, Etc), And Parts",6,Indonesia,0.01958306394184389,1.9583063941843888,0.0749635253811675,7.49635253811675
9401,"Seats (except Barber, Dental, Etc), And Parts",7,United Kingdom,0.019106208163884753,1.9106208163884753,0.0606208433220497,6.06208433220497
9401,"Seats (except Barber, Dental, Etc), And Parts",8,Germany,0.013742220790906498,1.3742220790906499,0.0829833663180729,8.29833663180729
9401,"Seats (except Barber, Dental, Etc), And Parts",9,"Korea, South",0.012292951806383305,1.2292951806383305,0.0685025436773488,6.85025436773488
9401,"Seats (except Barber, Dental, Etc), And Parts",10,Cambodia,0.01147318259142794,1.147318259142794,0.0945672422436536,9.45672422436536
9402,"Medical, Surgical, Dental Or Veterinary Furn Etc",1,China,0.4378125879466866,43.78125879466866,0.1269729306787387,12.697293067873868
9402,"Medical, Surgical, Dental Or Veterinary Furn Etc",2,Mexico,0.15632987839465456,15.632987839465457,0.04488318252711,4.488318252711
9402,"Medical, Surgical, Dental Or Veterinary Furn Etc",3,Canada,0.12150236370655282,12.150236370655282,0.0057933893964661,0.57933893964661
9402,"Medical, Surgical, Dental Or Veterinary Furn Etc",4,Germany,0.10675916699452485,10.675916699452486,0.0753002773643315,7.53002773643315
9402,"Medical, Surgical, Dental Or Veterinary Furn Etc",5,Taiwan,0.08085968259985504,8.085968259985505,0.0947350589873484,9.473505898734839
9402,"Medical, Surgical, Dental Or Veterinary Furn Etc",6,Czech Republic,0.024081745899672158,2.408174589967216,0.0802534278018004,8.02534278018004
9402,"Medical, Surgical, Dental Or Veterinary Furn Etc",7,Vietnam,0.023948560310422442,2.394856031042244,0.0600973517841346,6.00973517841346
9402,"Medical, Surgical, Dental Or Veterinary Furn Etc",8,United Kingdom,0.018777625076675058,1.8777625076675057,0.0559811925104803,5.59811925104803
9402,"Medical, Surgical, Dental Or Veterinary Furn Etc",9,Japan,0.016130040129121233,1.6130040129121233,0.0777406658830641,7.774066588306409
9402,"Medical, Surgical, Dental Or Veterinary Furn Etc",10,Poland,0.01379834894183517,1.379834894183517,0.0786403740075946,7.864037400759461
9403,Furniture Nesoi And Parts Thereof,1,Vietnam,0.31396113479083504,31.396113479083503,0.0963154166258494,9.63154166258494
9403,Furniture Nesoi And Parts Thereof,2,China,0.2483237439323886,24.832374393238858,0.4804091352756799,48.040913527567994
9403,Furniture Nesoi And Parts Thereof,3,Canada,0.11787923048749226,11.787923048749226,0.0234601756724042,2.34601756724042
9403,Furniture Nesoi And Parts Thereof,4,Mexico,0.09507610424428044,9.507610424428044,0.0415019100185323,4.15019100185323
9403,Furniture Nesoi And Parts Thereof,5,Malaysia,0.0553647954384926,5.53647954384926,0.0894456779769978,8.944567797699781
9403,Furniture Nesoi And Parts Thereof,6,Italy,0.050063105926653674,5.0063105926653675,0.0932089794475608,9.32089794475608
9403,Furniture Nesoi And Parts Thereof,7,Taiwan,0.0336886161791053,3.3688616179105297,0.150046935551458,15.004693555145801
9403,Furniture Nesoi And Parts Thereof,8,Indonesia,0.0313351414073622,3.1335141407362204,0.0836286840572541,8.36286840572541
9403,Furniture Nesoi And Parts Thereof,9,Thailand,0.027388065251733994,2.7388065251733993,0.1442436842770245,14.42436842770245
9403,Furniture Nesoi And Parts Thereof,10,India,0.026920062341655917,2.6920062341655915,0.1708375000563312,17.08375000563312
9404,Mattress Supports; Articles Of Bedding Etc.,1,China,0.5619097334878266,56.190973348782656,0.2656948967338992,26.569489673389917
9404,Mattress Supports; Articles Of Bedding Etc.,2,Mexico,0.10545890533032741,10.545890533032741,0.0226632086568736,2.2663208656873604
9404,Mattress Supports; Articles Of Bedding Etc.,3,Indonesia,0.10209131988994295,10.209131988994296,0.0674826893190326,6.748268931903261
9404,Mattress Supports; Articles Of Bedding Etc.,4,India,0.0925554863183939,9.25554863183939,0.2037182991707871,20.37182991707871
9404,Mattress Supports; Articles Of Bedding Etc.,5,Pakistan,0.038256944461038236,3.8256944461038236,0.1207203231374088,12.07203231374088
9404,Mattress Supports; Articles Of Bedding Etc.,6,Vietnam,0.03436506726177586,3.4365067261775857,0.156157888846381,15.615788884638098
9404,Mattress Supports; Articles Of Bedding Etc.,7,Canada,0.025446032853837546,2.544603285383755,0.009676666357497,0.9676666357496999
9404,Mattress Supports; Articles Of Bedding Etc.,8,Taiwan,0.01669214641987397,1.669214641987397,0.1047752212749104,10.47752212749104
9404,Mattress Supports; Articles Of Bedding Etc.,9,Kosovo,0.012483142973285136,1.2483142973285135,0.1294117647058823,12.94117647058823
9404,Mattress Supports; Articles Of Bedding Etc.,10,Laos,0.010741221003698329,1.074122100369833,0.0961130595161568,9.61130595161568
9405,"Lighting Fittings, Parts;illumiinated Signs, Parts",1,China,0.4128465813506372,41.284658135063715,0.4990123291102396,49.90123291102396
9405,"Lighting Fittings, Parts;illumiinated Signs, Parts",2,Mexico,0.21353114890140207,21.35311489014021,0.0159508745261816,1.5950874526181598
9405,"Lighting Fittings, Parts;illumiinated Signs, Parts",3,Canada,0.0925260241747638,9.25260241747638,0.0181095495628696,1.81095495628696
9405,"Lighting Fittings, Parts;illumiinated Signs, Parts",4,Cambodia,0.08576591763434631,8.576591763434632,0.1144930003368555,11.44930003368555
9405,"Lighting Fittings, Parts;illumiinated Signs, Parts",5,Vietnam,0.08371821418792165,8.371821418792164,0.1608550471798265,16.085504717982648
9405,"Lighting Fittings, Parts;illumiinated Signs, Parts",6,Thailand,0.03689685058080875,3.689685058080875,0.1568894563822495,15.688945638224949
9405,"Lighting Fittings, Parts;illumiinated Signs, Parts",7,India,0.0202589911839824,2.02589911839824,0.2254629492274895,22.54629492274895
9405,"Lighting Fittings, Parts;illumiinated Signs, Parts",8,Italy,0.018919732054272328,1.8919732054272327,0.1273965456338663,12.73965456338663
9405,"Lighting Fittings, Parts;illumiinated Signs, Parts",9,Malaysia,0.0183900985414924,1.8390098541492401,0.1606418022455027,16.06418022455027
9405,"Lighting Fittings, Parts;illumiinated Signs, Parts",10,Germany,0.017146441390373135,1.7146441390373135,0.1075875087552719,10.75875087552719
9406,Prefabricated Buildings,1,Canada,0.4680529222535139,46.805292225351394,0.0292625704873208,2.92625704873208
9406,Prefabricated Buildings,2,China,0.20559323535859583,20.559323535859583,0.4143756516536437,41.43756516536437
9406,Prefabricated Buildings,3,Mexico,0.09131798790269534,9.131798790269533,0.0214352838461467,2.14352838461467
9406,Prefabricated Buildings,4,Israel,0.06330741507343206,6.330741507343205,0.1272540765133035,12.72540765133035
9406,Prefabricated Buildings,5,Vietnam,0.04054055844020541,4.054055844020541,0.135376852521122,13.5376852521122
9406,Prefabricated Buildings,6,Poland,0.03607103971617976,3.6071039716179762,0.0965091886917143,9.65091886917143
9406,Prefabricated Buildings,7,Italy,0.028393123416015114,2.8393123416015116,0.1327362679113727,13.27362679113727
9406,Prefabricated Buildings,8,Netherlands,0.026360808309399637,2.6360808309399637,0.1086592167392931,10.86592167392931
9406,Prefabricated Buildings,9,Estonia,0.022752242826205464,2.275224282620546,0.0977649216137503,9.77649216137503
9406,Prefabricated Buildings,10,Germany,0.01761066670375757,1.761066670375757,0.2121464519021777,21.21464519021777
9503,Toys Nesoi; Scale Models Etc; Puzzles; Parts Etc,1,China,0.7657502422122987,76.57502422122987,0.2105993634896632,21.05993634896632
9503,Toys Nesoi; Scale Models Etc; Puzzles; Parts Etc,2,Vietnam,0.09631865848081192,9.631865848081192,0.1161967492583392,11.61967492583392
9503,Toys Nesoi; Scale Models Etc; Puzzles; Parts Etc,3,Mexico,0.06340541309360256,6.3405413093602565,0.0047359139052667,0.47359139052667
9503,Toys Nesoi; Scale Models Etc; Puzzles; Parts Etc,4,Indonesia,0.02862288568627915,2.862288568627915,0.1069587176445118,10.69587176445118
9503,Toys Nesoi; Scale Models Etc; Puzzles; Parts Etc,5,Taiwan,0.010644744121932719,1.0644744121932719,0.1016120430778704,10.16120430778704
9503,Toys Nesoi; Scale Models Etc; Puzzles; Parts Etc,6,Thailand,0.009314684220013516,0.9314684220013516,0.097518438330026,9.751843833002601
9503,Toys Nesoi; Scale Models Etc; Puzzles; Parts Etc,7,United Kingdom,0.009127253140714615,0.9127253140714615,0.0645262273908227,6.45262273908227
9503,Toys Nesoi; Scale Models Etc; Puzzles; Parts Etc,8,India,0.006728223444920195,0.6728223444920195,0.2371851773912936,23.71851773912936
9503,Toys Nesoi; Scale Models Etc; Puzzles; Parts Etc,9,Japan,0.005090500262672643,0.5090500262672643,0.0881133679587084,8.81133679587084
9503,Toys Nesoi; Scale Models Etc; Puzzles; Parts Etc,10,Malaysia,0.004997395336754084,0.49973953367540835,0.0897828659586383,8.97828659586383
9504,"Video Game Consoles, Mach, Table/parlor Games Etc",1,China,0.6787922389008324,67.87922389008324,0.1751931625002469,17.51931625002469
9504,"Video Game Consoles, Mach, Table/parlor Games Etc",2,Vietnam,0.18054982214332443,18.054982214332444,0.1441309071591646,14.41309071591646
9504,"Video Game Consoles, Mach, Table/parlor Games Etc",3,Japan,0.04258763201262231,4.258763201262231,0.0991410159394688,9.91410159394688
9504,"Video Game Consoles, Mach, Table/parlor Games Etc",4,Mexico,0.02800301029875734,2.800301029875734,0.0126948684706036,1.26948684706036
9504,"Video Game Consoles, Mach, Table/parlor Games Etc",5,Malaysia,0.0235077525182805,2.35077525182805,0.1192135778579387,11.92135778579387
9504,"Video Game Consoles, Mach, Table/parlor Games Etc",6,Taiwan,0.011034904593224395,1.1034904593224395,0.0996455927423479,9.964559274234789
9504,"Video Game Consoles, Mach, Table/parlor Games Etc",7,"Korea, South",0.010732171744125543,1.0732171744125543,0.0821805310317423,8.218053103174231
9504,"Video Game Consoles, Mach, Table/parlor Games Etc",8,Thailand,0.01005693270917634,1.005693270917634,0.1644914129861917,16.449141298619168
9504,"Video Game Consoles, Mach, Table/parlor Games Etc",9,Cambodia,0.00984198285121115,0.984198285121115,0.1215037343897308,12.15037343897308
9504,"Video Game Consoles, Mach, Table/parlor Games Etc",10,Slovenia,0.004893552228445583,0.48935522284455835,0.0974224098816318,9.74224098816318
9505,"Festive, Carnival Or Other Entertainment Art, Pts",1,China,0.8813251063844156,88.13251063844156,0.2788114235302657,27.881142353026572
9505,"Festive, Carnival Or Other Entertainment Art, Pts",2,Cambodia,0.04342257858623437,4.342257858623437,0.1292590255241416,12.92590255241416
9505,"Festive, Carnival Or Other Entertainment Art, Pts",3,India,0.018421219847490324,1.8421219847490324,0.2378906388831841,23.78906388831841
9505,"Festive, Carnival Or Other Entertainment Art, Pts",4,Vietnam,0.017368056817001952,1.7368056817001951,0.1304077782376305,13.040777823763051
9505,"Festive, Carnival Or Other Entertainment Art, Pts",5,Mexico,0.01402189491983908,1.402189491983908,0.000785055011466,0.0785055011466
9505,"Festive, Carnival Or Other Entertainment Art, Pts",6,Indonesia,0.01038059108299289,1.038059108299289,0.1548012776705258,15.48012776705258
9505,"Festive, Carnival Or Other Entertainment Art, Pts",7,Thailand,0.004466909732546754,0.4466909732546754,0.1039092788519307,10.39092788519307
9505,"Festive, Carnival Or Other Entertainment Art, Pts",8,Poland,0.003987694596222684,0.3987694596222684,0.1176211424060491,11.762114240604909
9505,"Festive, Carnival Or Other Entertainment Art, Pts",9,Sri Lanka,0.0033346105646197,0.33346105646197,0.0486727442029801,4.86727442029801
9505,"Festive, Carnival Or Other Entertainment Art, Pts",10,Philippines,0.0032713374686365493,0.32713374686365493,0.1260144410959895,12.60144410959895
9506,Artls & Equip F Genrl Physcl Exerc Etc; Pools; Pts,1,China,0.602047768226725,60.2047768226725,0.2932395928934356,29.32395928934356
9506,Artls & Equip F Genrl Physcl Exerc Etc; Pools; Pts,2,Taiwan,0.15800845977477382,15.800845977477382,0.1385557125652685,13.855571256526849
9506,Artls & Equip F Genrl Physcl Exerc Etc; Pools; Pts,3,Vietnam,0.09957638505654795,9.957638505654796,0.1393849505992462,13.93849505992462
9506,Artls & Equip F Genrl Physcl Exerc Etc; Pools; Pts,4,Canada,0.03607692753706713,3.6076927537067127,0.0166828949820784,1.6682894982078402
9506,Artls & Equip F Genrl Physcl Exerc Etc; Pools; Pts,5,Mexico,0.03566070107468986,3.566070107468986,0.0694206988110169,6.942069881101689
9506,Artls & Equip F Genrl Physcl Exerc Etc; Pools; Pts,6,Thailand,0.029215699354126785,2.9215699354126783,0.1000653893013788,10.00653893013788
9506,Artls & Equip F Genrl Physcl Exerc Etc; Pools; Pts,7,Italy,0.012129588966001014,1.2129588966001015,0.116732417229041,11.6732417229041
9506,Artls & Equip F Genrl Physcl Exerc Etc; Pools; Pts,8,"Korea, South",0.010208394317183084,1.0208394317183085,0.0795968349116092,7.95968349116092
9506,Artls & Equip F Genrl Physcl Exerc Etc; Pools; Pts,9,Japan,0.008831863971922814,0.8831863971922813,0.0892685002754325,8.92685002754325
9506,Artls & Equip F Genrl Physcl Exerc Etc; Pools; Pts,10,Czech Republic,0.008244211720962492,0.8244211720962492,0.1097763682578083,10.97763682578083
9507,Fishing Rods & Tackle; Nets; Decoys Etc; Parts Etc,1,China,0.64917971036889,64.917971036889,0.2175692511050838,21.75692511050838
9507,Fishing Rods & Tackle; Nets; Decoys Etc; Parts Etc,2,Japan,0.08690545733250135,8.690545733250135,0.0850081325842921,8.50081325842921
9507,Fishing Rods & Tackle; Nets; Decoys Etc; Parts Etc,3,Malaysia,0.06298455977946081,6.298455977946081,0.1160250014944616,11.60250014944616
9507,Fishing Rods & Tackle; Nets; Decoys Etc; Parts Etc,4,Vietnam,0.04409762353219927,4.409762353219928,0.1368383647745963,13.683836477459629
9507,Fishing Rods & Tackle; Nets; Decoys Etc; Parts Etc,5,"Korea, South",0.04122470750266458,4.122470750266459,0.1036480183180811,10.36480183180811
9507,Fishing Rods & Tackle; Nets; Decoys Etc; Parts Etc,6,Taiwan,0.028077670471899026,2.8077670471899028,0.1630934473014578,16.30934473014578
9507,Fishing Rods & Tackle; Nets; Decoys Etc; Parts Etc,7,Mexico,0.02640171134357681,2.640171134357681,0.0005410700428902,0.05410700428902
9507,Fishing Rods & Tackle; Nets; Decoys Etc; Parts Etc,8,Estonia,0.026330523562140315,2.6330523562140313,0.1398830905425249,13.98830905425249
9507,Fishing Rods & Tackle; Nets; Decoys Etc; Parts Etc,9,Costa Rica,0.01896779726522978,1.896779726522978,0.1520562648410347,15.20562648410347
9507,Fishing Rods & Tackle; Nets; Decoys Etc; Parts Etc,10,Philippines,0.015830238841438186,1.5830238841438187,0.1586611680790786,15.86611680790786
9508,"Trav Circus, Menagerie; Amus Park Rides Etc; Parts",1,Germany,0.2205339547647847,22.05339547647847,0.0788693481356846,7.88693481356846
9508,"Trav Circus, Menagerie; Amus Park Rides Etc; Parts",2,Italy,0.17332142169372328,17.33214216937233,0.0615515523183315,6.155155231833151
9508,"Trav Circus, Menagerie; Amus Park Rides Etc; Parts",3,Canada,0.16665244976808177,16.66524497680818,0.0035406369208732,0.35406369208731997
9508,"Trav Circus, Menagerie; Amus Park Rides Etc; Parts",4,Netherlands,0.12331036573250709,12.331036573250708,0.05070215580534,5.070215580534001
9508,"Trav Circus, Menagerie; Amus Park Rides Etc; Parts",5,China,0.12060816431512204,12.060816431512205,0.2690487323675871,26.904873236758707
9508,"Trav Circus, Menagerie; Amus Park Rides Etc; Parts",6,Switzerland,0.06104839840504721,6.104839840504721,0.1193646558593499,11.93646558593499
9508,"Trav Circus, Menagerie; Amus Park Rides Etc; Parts",7,United Kingdom,0.05118593084384043,5.1185930843840435,0.0480919367903223,4.80919367903223
9508,"Trav Circus, Menagerie; Amus Park Rides Etc; Parts",8,France,0.0341725735510932,3.4172573551093195,0.0708249596400325,7.08249596400325
9508,"Trav Circus, Menagerie; Amus Park Rides Etc; Parts",9,Slovakia,0.029020525124991026,2.9020525124991026,0.1043759758261578,10.43759758261578
9508,"Trav Circus, Menagerie; Amus Park Rides Etc; Parts",10,Belgium,0.020146215800809265,2.0146215800809264,0.0645208235001746,6.45208235001746
9601,"Worked Ivory, Bone Etc & Articles Thereof",1,Mexico,0.2664450880539941,26.644508805399408,0.0004423330526382,0.04423330526382
9601,"Worked Ivory, Bone Etc & Articles Thereof",2,Philippines,0.16326157738531327,16.32615773853133,0.0881706796869385,8.81706796869385
9601,"Worked Ivory, Bone Etc & Articles Thereof",3,India,0.15901174914845553,15.901174914845553,0.1648534756571469,16.48534756571469
9601,"Worked Ivory, Bone Etc & Articles Thereof",4,China,0.11468586658576839,11.46858665857684,0.2351702121345626,23.51702121345626
9601,"Worked Ivory, Bone Etc & Articles Thereof",5,Vietnam,0.11105712475969105,11.105712475969105,0.0735327203826019,7.35327203826019
9601,"Worked Ivory, Bone Etc & Articles Thereof",6,Canada,0.10590937307614554,10.590937307614553,0.0002474912944455,0.024749129444550003
9601,"Worked Ivory, Bone Etc & Articles Thereof",7,Indonesia,0.030042485653669196,3.0042485653669195,0.0843518677913582,8.43518677913582
9601,"Worked Ivory, Bone Etc & Articles Thereof",8,Brazil,0.019332382645537702,1.9332382645537702,0.0028474828133367,0.28474828133367003
9601,"Worked Ivory, Bone Etc & Articles Thereof",9,"Korea, South",0.01628853171771535,1.628853171771535,0.0691708478248474,6.917084782484741
9601,"Worked Ivory, Bone Etc & Articles Thereof",10,South Africa,0.013965820973709983,1.3965820973709984,0.1693181152323313,16.93181152323313
9602,"Veg Molded Resin Etc Carving Material, Nesoi",1,Mexico,0.24075014966749125,24.075014966749126,0.0016812973490155,0.16812973490155
9602,"Veg Molded Resin Etc Carving Material, Nesoi",2,China,0.20631892600415666,20.631892600415664,0.2477659643573622,24.77659643573622
9602,"Veg Molded Resin Etc Carving Material, Nesoi",3,India,0.19560048569678717,19.560048569678717,0.1366747624264309,13.66747624264309
9602,"Veg Molded Resin Etc Carving Material, Nesoi",4,Vietnam,0.0980880226603908,9.808802266039079,0.1327336754417797,13.273367544177969
9602,"Veg Molded Resin Etc Carving Material, Nesoi",5,Canada,0.08683827752374752,8.683827752374752,4.1124203844029446e-05,0.004112420384402945
9602,"Veg Molded Resin Etc Carving Material, Nesoi",6,Colombia,0.08528653656457459,8.52865365645746,0.04528767127859,4.528767127859
9602,"Veg Molded Resin Etc Carving Material, Nesoi",7,"Korea, South",0.052407841559868204,5.2407841559868205,0.0889186367486289,8.89186367486289
9602,"Veg Molded Resin Etc Carving Material, Nesoi",8,Taiwan,0.016968818856734555,1.6968818856734555,0.1590139535904144,15.90139535904144
9602,"Veg Molded Resin Etc Carving Material, Nesoi",9,Croatia,0.00990456346786276,0.990456346786276,0.0579544283397079,5.795442833970791
9602,"Veg Molded Resin Etc Carving Material, Nesoi",10,Brazil,0.007836377998386415,0.7836377998386416,0.0025428992712185,0.25428992712185
9603,"Brooms, Brushes, Mops, Feather Dusters Etc",1,China,0.7096146627451188,70.96146627451188,0.2800159425887644,28.001594258876437
9603,"Brooms, Brushes, Mops, Feather Dusters Etc",2,Mexico,0.07945517657165971,7.945517657165971,0.0138714713221176,1.38714713221176
9603,"Brooms, Brushes, Mops, Feather Dusters Etc",3,Germany,0.05479144284426594,5.479144284426594,0.0941389265924502,9.41389265924502
9603,"Brooms, Brushes, Mops, Feather Dusters Etc",4,Dominican Republic,0.050790649252541085,5.079064925254109,0.101148258238388,10.1148258238388
9603,"Brooms, Brushes, Mops, Feather Dusters Etc",5,Vietnam,0.02879524192586604,2.879524192586604,0.1379363390551273,13.793633905512731
9603,"Brooms, Brushes, Mops, Feather Dusters Etc",6,Switzerland,0.022187809066059935,2.2187809066059936,0.1644532192845947,16.44532192845947
9603,"Brooms, Brushes, Mops, Feather Dusters Etc",7,Honduras,0.013934188470927105,1.3934188470927105,0.0843580109583811,8.435801095838109
9603,"Brooms, Brushes, Mops, Feather Dusters Etc",8,Italy,0.013881457606212608,1.3881457606212608,0.0893225560793375,8.932255607933751
9603,"Brooms, Brushes, Mops, Feather Dusters Etc",9,India,0.013604379647078044,1.3604379647078044,0.175051729542776,17.5051729542776
9603,"Brooms, Brushes, Mops, Feather Dusters Etc",10,Canada,0.012944991870270848,1.2944991870270848,0.0149399492257957,1.4939949225795701
9604,Hand Sieves And Hand Riddles,1,China,0.5280048210377472,52.80048210377471,0.3216023159948393,32.16023159948393
9604,Hand Sieves And Hand Riddles,2,Germany,0.18989443066206302,18.989443066206302,0.1281211953087675,12.81211953087675
9604,Hand Sieves And Hand Riddles,3,India,0.13549805098241624,13.549805098241624,0.0795821894147379,7.958218941473789
9604,Hand Sieves And Hand Riddles,4,United Kingdom,0.04830841889409937,4.830841889409937,0.1345963904103439,13.459639041034391
9604,Hand Sieves And Hand Riddles,5,"Korea, South",0.03668662977249661,3.6686629772496606,0.1000135031732457,10.00135031732457
9604,Hand Sieves And Hand Riddles,6,Canada,0.023514066030201536,2.3514066030201537,,
9604,Hand Sieves And Hand Riddles,7,Taiwan,0.014158321695035307,1.4158321695035307,0.0489841597796143,4.89841597796143
9604,Hand Sieves And Hand Riddles,8,New Zealand,0.01136289670242344,1.136289670242344,0.1796723270753448,17.96723270753448
9604,Hand Sieves And Hand Riddles,9,Spain,0.007460603190011293,0.7460603190011292,0.1491445294912201,14.914452949122008
9604,Hand Sieves And Hand Riddles,10,Japan,0.005111761033506015,0.5111761033506015,,
9605,"Travel Sets For Personal Toilet,etc",1,China,0.8987776000683049,89.87776000683048,0.2848594505571937,28.48594505571937
9605,"Travel Sets For Personal Toilet,etc",2,Cambodia,0.051770536705647734,5.177053670564773,0.1356120794691317,13.56120794691317
9605,"Travel Sets For Personal Toilet,etc",3,United Kingdom,0.017471915569561663,1.7471915569561662,0.1647605147137458,16.476051471374582
9605,"Travel Sets For Personal Toilet,etc",4,India,0.011126633155722805,1.1126633155722805,0.268173179879023,26.8173179879023
9605,"Travel Sets For Personal Toilet,etc",5,Vietnam,0.006328363178099644,0.6328363178099644,0.2136570236249066,21.36570236249066
9605,"Travel Sets For Personal Toilet,etc",6,Malaysia,0.005585193782005699,0.55851937820057,0.1538636863780691,15.38636863780691
9605,"Travel Sets For Personal Toilet,etc",7,Australia,0.0032910743862708176,0.32910743862708175,0.0040411095589702,0.40411095589702
9605,"Travel Sets For Personal Toilet,etc",8,Italy,0.0029910387175507065,0.29910387175507064,0.128302589422725,12.830258942272499
9605,"Travel Sets For Personal Toilet,etc",9,Bangladesh,0.0013515392745198649,0.13515392745198648,0.2787317886985661,27.87317886985661
9605,"Travel Sets For Personal Toilet,etc",10,Taiwan,0.0013061051623161769,0.13061051623161768,0.1642169006330856,16.42169006330856
9606,"Buttons, Press Studs Etc, Button Mold & Blanks Etc",1,China,0.34331189829097214,34.33118982909721,0.470610185856786,47.061018585678596
9606,"Buttons, Press Studs Etc, Button Mold & Blanks Etc",2,Mexico,0.13521251565631184,13.521251565631184,0.0159160986194237,1.59160986194237
9606,"Buttons, Press Studs Etc, Button Mold & Blanks Etc",3,Italy,0.12649089436030106,12.649089436030106,0.0998596100022578,9.98596100022578
9606,"Buttons, Press Studs Etc, Button Mold & Blanks Etc",4,Japan,0.12459382361419806,12.459382361419806,0.112449396299885,11.2449396299885
9606,"Buttons, Press Studs Etc, Button Mold & Blanks Etc",5,Taiwan,0.10207729693708906,10.207729693708906,0.1349089115045937,13.490891150459369
9606,"Buttons, Press Studs Etc, Button Mold & Blanks Etc",6,Thailand,0.06672087827786306,6.6720878277863065,0.0691647553430694,6.91647553430694
9606,"Buttons, Press Studs Etc, Button Mold & Blanks Etc",7,Germany,0.04809423800381166,4.809423800381166,0.1181883133098415,11.81883133098415
9606,"Buttons, Press Studs Etc, Button Mold & Blanks Etc",8,India,0.025463843694066856,2.5463843694066854,0.2435162222133943,24.35162222133943
9606,"Buttons, Press Studs Etc, Button Mold & Blanks Etc",9,Vietnam,0.014897451282232386,1.4897451282232386,0.1476642015637524,14.76642015637524
9606,"Buttons, Press Studs Etc, Button Mold & Blanks Etc",10,Canada,0.013137159883154007,1.3137159883154008,0.077696316772833,7.769631677283299
9607,Slide Fasteners And Parts Thereof,1,Taiwan,0.23903194072973852,23.90319407297385,0.2192128365075175,21.92128365075175
9607,Slide Fasteners And Parts Thereof,2,China,0.1897654483296279,18.97654483296279,0.5684141473624594,56.841414736245945
9607,Slide Fasteners And Parts Thereof,3,Indonesia,0.16367070645387696,16.367070645387695,0.1482264785347843,14.82264785347843
9607,Slide Fasteners And Parts Thereof,4,Japan,0.1255627828295914,12.556278282959141,0.1632748109632394,16.32748109632394
9607,Slide Fasteners And Parts Thereof,5,Canada,0.09739038954321552,9.739038954321552,0.0156957297947634,1.56957297947634
9607,Slide Fasteners And Parts Thereof,6,Switzerland,0.06695970825313421,6.695970825313421,0.2615318098063769,26.153180980637693
9607,Slide Fasteners And Parts Thereof,7,India,0.03696367728772977,3.696367728772977,0.2319828517023302,23.19828517023302
9607,Slide Fasteners And Parts Thereof,8,France,0.03546304771168967,3.546304771168967,0.1612601997969441,16.12601997969441
9607,Slide Fasteners And Parts Thereof,9,Germany,0.0226755978629438,2.2675597862943797,0.1733877853036598,17.338778530365982
9607,Slide Fasteners And Parts Thereof,10,Italy,0.022516700998452165,2.2516700998452164,0.1735952761527403,17.359527615274033
9608,"Pens (ball Point, S Tip Etc), Mech Pencils Etc, Pt",1,China,0.3682145654580451,36.82145654580451,0.3708801569782227,37.08801569782227
9608,"Pens (ball Point, S Tip Etc), Mech Pencils Etc, Pt",2,Japan,0.2339139921015659,23.391399210156592,0.1072672456237981,10.72672456237981
9608,"Pens (ball Point, S Tip Etc), Mech Pencils Etc, Pt",3,Mexico,0.20345790583107315,20.345790583107316,0.0069352903087207,0.6935290308720701
9608,"Pens (ball Point, S Tip Etc), Mech Pencils Etc, Pt",4,Germany,0.0515877697282151,5.15877697282151,0.1059435287690909,10.59435287690909
9608,"Pens (ball Point, S Tip Etc), Mech Pencils Etc, Pt",5,India,0.03930179932410445,3.930179932410445,0.2353631310783496,23.53631310783496
9608,"Pens (ball Point, S Tip Etc), Mech Pencils Etc, Pt",6,Vietnam,0.02227363709830133,2.2273637098301333,0.1190177347495521,11.90177347495521
9608,"Pens (ball Point, S Tip Etc), Mech Pencils Etc, Pt",7,Taiwan,0.02103600635261399,2.103600635261399,0.123970166221824,12.397016622182399
9608,"Pens (ball Point, S Tip Etc), Mech Pencils Etc, Pt",8,France,0.020819694572270182,2.0819694572270184,0.0889768779948483,8.89768779948483
9608,"Pens (ball Point, S Tip Etc), Mech Pencils Etc, Pt",9,"Korea, South",0.020659391758283633,2.065939175828363,0.0914918082295653,9.14918082295653
9608,"Pens (ball Point, S Tip Etc), Mech Pencils Etc, Pt",10,Malaysia,0.018735237775527117,1.8735237775527116,0.1047082941020952,10.47082941020952
9609,"Pencils (lead Encased), Crayons, Leads, Chalks Etc",1,China,0.3302377497341528,33.02377497341528,0.2734329949863167,27.34329949863167
9609,"Pencils (lead Encased), Crayons, Leads, Chalks Etc",2,Brazil,0.2068299370368962,20.68299370368962,0.1501107174217829,15.01107174217829
9609,"Pencils (lead Encased), Crayons, Leads, Chalks Etc",3,Mexico,0.12726545041728593,12.726545041728594,0.0034467652958862,0.34467652958862
9609,"Pencils (lead Encased), Crayons, Leads, Chalks Etc",4,India,0.08783760985388053,8.783760985388053,0.1846872305629655,18.46872305629655
9609,"Pencils (lead Encased), Crayons, Leads, Chalks Etc",5,Vietnam,0.07384016488008813,7.384016488008813,0.1026700766880704,10.267007668807041
9609,"Pencils (lead Encased), Crayons, Leads, Chalks Etc",6,Indonesia,0.052472374069808356,5.247237406980836,0.0602946089236911,6.02946089236911
9609,"Pencils (lead Encased), Crayons, Leads, Chalks Etc",7,Philippines,0.04390468094864701,4.390468094864701,0.0869080184792082,8.69080184792082
9609,"Pencils (lead Encased), Crayons, Leads, Chalks Etc",8,Thailand,0.036380706869389594,3.6380706869389594,0.1375161244309567,13.75161244309567
9609,"Pencils (lead Encased), Crayons, Leads, Chalks Etc",9,Germany,0.02212857815868862,2.212857815868862,0.0964139341582514,9.64139341582514
9609,"Pencils (lead Encased), Crayons, Leads, Chalks Etc",10,"Korea, South",0.01910274803116283,1.9102748031162828,0.0741614205166459,7.41614205166459
9610,"Slates & Boards,with Writing Or Drawing Surfaces",1,China,0.8943114609818089,89.43114609818089,0.2423018089962065,24.230180899620652
9610,"Slates & Boards,with Writing Or Drawing Surfaces",2,Canada,0.025900083913863593,2.5900083913863594,0.0046401065618455,0.46401065618455006
9610,"Slates & Boards,with Writing Or Drawing Surfaces",3,Vietnam,0.022660908503262304,2.2660908503262305,0.0855936889114115,8.559368891141151
9610,"Slates & Boards,with Writing Or Drawing Surfaces",4,Portugal,0.01732631257530026,1.7326312575300258,0.1088628264395335,10.88628264395335
9610,"Slates & Boards,with Writing Or Drawing Surfaces",5,Indonesia,0.01394133310092178,1.394133310092178,0.14955557463914,14.955557463914
9610,"Slates & Boards,with Writing Or Drawing Surfaces",6,Taiwan,0.012282902158431277,1.2282902158431277,0.1139950785130439,11.39950785130439
9610,"Slates & Boards,with Writing Or Drawing Surfaces",7,Germany,0.0063909258177971325,0.6390925817797133,0.1176375186768669,11.763751867686691
9610,"Slates & Boards,with Writing Or Drawing Surfaces",8,"Korea, South",0.003326180048906196,0.3326180048906196,0.0892706320801528,8.92706320801528
9610,"Slates & Boards,with Writing Or Drawing Surfaces",9,Thailand,0.0023000572438191713,0.23000572438191713,0.1457364431300269,14.57364431300269
9610,"Slates & Boards,with Writing Or Drawing Surfaces",10,Poland,0.0015598356558894782,0.15598356558894783,0.1221142029974241,12.21142029974241
9611,"Date Sealing Or Numbering Stamps,etc For Hand Oper",1,China,0.4448248010036307,44.48248010036307,0.2979900645175958,29.79900645175958
9611,"Date Sealing Or Numbering Stamps,etc For Hand Oper",2,Austria,0.15819250422503267,15.819250422503266,0.1063238224486187,10.63238224486187
9611,"Date Sealing Or Numbering Stamps,etc For Hand Oper",3,Vietnam,0.15233253100055238,15.233253100055238,0.1421100753365987,14.21100753365987
9611,"Date Sealing Or Numbering Stamps,etc For Hand Oper",4,Taiwan,0.06989233594969642,6.989233594969642,0.1032510897747512,10.32510897747512
9611,"Date Sealing Or Numbering Stamps,etc For Hand Oper",5,Japan,0.05282389435851776,5.282389435851776,0.0967786890452295,9.677868904522951
9611,"Date Sealing Or Numbering Stamps,etc For Hand Oper",6,Italy,0.042720582422173706,4.272058242217371,0.1000688323522969,10.00688323522969
9611,"Date Sealing Or Numbering Stamps,etc For Hand Oper",7,Malaysia,0.025261218911069815,2.5261218911069814,0.1199013626695213,11.99013626695213
9611,"Date Sealing Or Numbering Stamps,etc For Hand Oper",8,Czech Republic,0.023811918356723808,2.381191835672381,0.0944996904758768,9.449969047587679
9611,"Date Sealing Or Numbering Stamps,etc For Hand Oper",9,Romania,0.01880694504737214,1.880694504737214,0.1109385792349726,11.09385792349726
9611,"Date Sealing Or Numbering Stamps,etc For Hand Oper",10,Canada,0.01133326872523056,1.133326872523056,0.0672205925018535,6.7220592501853496
9612,"Typewriter Etc Ribbons, Inked Or Prep; Ink Pads",1,China,0.32306370631220593,32.306370631220595,0.2981689197857623,29.816891978576233
9612,"Typewriter Etc Ribbons, Inked Or Prep; Ink Pads",2,Japan,0.1628457936977205,16.28457936977205,0.1153749191311993,11.53749191311993
9612,"Typewriter Etc Ribbons, Inked Or Prep; Ink Pads",3,"Korea, South",0.14194047418015102,14.194047418015101,0.1066962002447843,10.66962002447843
9612,"Typewriter Etc Ribbons, Inked Or Prep; Ink Pads",4,Mexico,0.09020879507452283,9.020879507452282,0.0157233904946448,1.57233904946448
9612,"Typewriter Etc Ribbons, Inked Or Prep; Ink Pads",5,Indonesia,0.08653759072599826,8.653759072599826,0.0721029307871807,7.21029307871807
9612,"Typewriter Etc Ribbons, Inked Or Prep; Ink Pads",6,France,0.05311683087693337,5.311683087693337,0.1366547956714705,13.66547956714705
9612,"Typewriter Etc Ribbons, Inked Or Prep; Ink Pads",7,Malaysia,0.038824769108135475,3.8824769108135473,0.114865115321252,11.486511532125201
9612,"Typewriter Etc Ribbons, Inked Or Prep; Ink Pads",8,Taiwan,0.03691322545731393,3.691322545731393,0.1455843930640032,14.55843930640032
9612,"Typewriter Etc Ribbons, Inked Or Prep; Ink Pads",9,United Kingdom,0.034331921023975864,3.4331921023975864,0.0967435853134196,9.67435853134196
9612,"Typewriter Etc Ribbons, Inked Or Prep; Ink Pads",10,Austria,0.03221689354304288,3.2216893543042877,0.1084204683157612,10.84204683157612
9613,Cigarette Lighters & Other Lighters; Parts Nesoi,1,China,0.4715855984579401,47.15855984579401,0.2996243395397323,29.96243395397323
9613,Cigarette Lighters & Other Lighters; Parts Nesoi,2,France,0.33754169512702037,33.754169512702035,0.1052539071583406,10.52539071583406
9613,Cigarette Lighters & Other Lighters; Parts Nesoi,3,Spain,0.10256302709801446,10.256302709801446,0.115357798323042,11.535779832304199
9613,Cigarette Lighters & Other Lighters; Parts Nesoi,4,Mexico,0.038834332400491944,3.8834332400491944,0.0463169079824641,4.63169079824641
9613,Cigarette Lighters & Other Lighters; Parts Nesoi,5,Italy,0.01360185912175973,1.360185912175973,0.118881334064217,11.8881334064217
9613,Cigarette Lighters & Other Lighters; Parts Nesoi,6,Thailand,0.010476371004510415,1.0476371004510414,0.095956353863455,9.5956353863455
9613,Cigarette Lighters & Other Lighters; Parts Nesoi,7,Indonesia,0.009846030381618713,0.9846030381618712,0.1089709289064586,10.89709289064586
9613,Cigarette Lighters & Other Lighters; Parts Nesoi,8,Taiwan,0.006818745596884585,0.6818745596884586,0.0861606299212598,8.616062992125979
9613,Cigarette Lighters & Other Lighters; Parts Nesoi,9,Vietnam,0.005110984095857333,0.5110984095857333,0.1790831694948707,17.90831694948707
9613,Cigarette Lighters & Other Lighters; Parts Nesoi,10,Japan,0.0036213567159024272,0.36213567159024274,0.1458647100884454,14.58647100884454
9614,"Smoking Pipes & Bowls, Cigar Etc Holders, & Parts",1,China,0.5107891055374784,51.07891055374784,0.2185005261916948,21.85005261916948
9614,"Smoking Pipes & Bowls, Cigar Etc Holders, & Parts",2,Italy,0.12967187960372492,12.967187960372492,0.1002658736888006,10.02658736888006
9614,"Smoking Pipes & Bowls, Cigar Etc Holders, & Parts",3,Germany,0.06750049579712009,6.750049579712009,0.0722877109345496,7.228771093454959
9614,"Smoking Pipes & Bowls, Cigar Etc Holders, & Parts",4,Ireland,0.06246807850121987,6.246807850121987,0.123347729144745,12.334772914474499
9614,"Smoking Pipes & Bowls, Cigar Etc Holders, & Parts",5,Jordan,0.055723084181031855,5.5723084181031854,0.0712856036009445,7.1285603600944505
9614,"Smoking Pipes & Bowls, Cigar Etc Holders, & Parts",6,Turkey,0.04920452171779795,4.920452171779795,0.1029024637571875,10.29024637571875
9614,"Smoking Pipes & Bowls, Cigar Etc Holders, & Parts",7,Malaysia,0.04367094294018138,4.3670942940181385,0.0114049500913349,1.14049500913349
9614,"Smoking Pipes & Bowls, Cigar Etc Holders, & Parts",8,Egypt,0.03330912417026371,3.330912417026371,0.0182939633626635,1.82939633626635
9614,"Smoking Pipes & Bowls, Cigar Etc Holders, & Parts",9,India,0.025454721097238172,2.5454721097238173,0.0570829262170908,5.70829262170908
9614,"Smoking Pipes & Bowls, Cigar Etc Holders, & Parts",10,Spain,0.022208046453943725,2.2208046453943724,0.0851820045378658,8.51820045378658
9615,"Combs, Hair-slides Etc; Hairpins, Curling Pins Etc",1,China,0.9023183403578252,90.23183403578253,0.2664747736754484,26.64747736754484
9615,"Combs, Hair-slides Etc; Hairpins, Curling Pins Etc",2,Japan,0.02304776401962706,2.3047764019627057,0.1595541072165626,15.95541072165626
9615,"Combs, Hair-slides Etc; Hairpins, Curling Pins Etc",3,Bangladesh,0.021548065908898666,2.1548065908898666,0.1280586996187851,12.80586996187851
9615,"Combs, Hair-slides Etc; Hairpins, Curling Pins Etc",4,Taiwan,0.012605126087756045,1.2605126087756044,0.1698834803822261,16.988348038222608
9615,"Combs, Hair-slides Etc; Hairpins, Curling Pins Etc",5,Vietnam,0.011680811273384446,1.1680811273384446,0.209941000603838,20.9941000603838
9615,"Combs, Hair-slides Etc; Hairpins, Curling Pins Etc",6,France,0.00798465988956777,0.798465988956777,0.1090151511782976,10.90151511782976
9615,"Combs, Hair-slides Etc; Hairpins, Curling Pins Etc",7,Cambodia,0.005375519139820761,0.5375519139820761,0.1641195670800934,16.41195670800934
9615,"Combs, Hair-slides Etc; Hairpins, Curling Pins Etc",8,Italy,0.005354859057217314,0.5354859057217314,0.1425115816151158,14.25115816151158
9615,"Combs, Hair-slides Etc; Hairpins, Curling Pins Etc",9,"Korea, South",0.005088014217462014,0.5088014217462014,0.114690922964483,11.469092296448299
9615,"Combs, Hair-slides Etc; Hairpins, Curling Pins Etc",10,India,0.004996840048440695,0.4996840048440695,0.2413082365206272,24.13082365206272
9616,Scent & Similar Sprayers Etc; Powder Puffs & Pads,1,China,0.6723049339767685,67.23049339767685,0.3074277419357858,30.742774193578583
9616,Scent & Similar Sprayers Etc; Powder Puffs & Pads,2,France,0.1333328102908579,13.33328102908579,0.0886559163190249,8.86559163190249
9616,Scent & Similar Sprayers Etc; Powder Puffs & Pads,3,Mexico,0.09223142557653254,9.223142557653254,0.0451034423476418,4.51034423476418
9616,Scent & Similar Sprayers Etc; Powder Puffs & Pads,4,Italy,0.037084476352199865,3.7084476352199864,0.0820884372971075,8.20884372971075
9616,Scent & Similar Sprayers Etc; Powder Puffs & Pads,5,Taiwan,0.021940394314436607,2.194039431443661,0.093416234541952,9.341623454195199
9616,Scent & Similar Sprayers Etc; Powder Puffs & Pads,6,"Korea, South",0.01529632838186978,1.529632838186978,0.0821919591817399,8.21919591817399
9616,Scent & Similar Sprayers Etc; Powder Puffs & Pads,7,United Kingdom,0.010816669198333831,1.081666919833383,0.0756036705366018,7.560367053660181
9616,Scent & Similar Sprayers Etc; Powder Puffs & Pads,8,Canada,0.006395934476223647,0.6395934476223647,0.0405767680258005,4.05767680258005
9616,Scent & Similar Sprayers Etc; Powder Puffs & Pads,9,Germany,0.006035866746833642,0.6035866746833641,0.1026292073194624,10.26292073194624
9616,Scent & Similar Sprayers Etc; Powder Puffs & Pads,10,Thailand,0.004561160685943781,0.4561160685943781,0.1298035585143096,12.98035585143096
9617,"Vacuum Flasks, Oth Vacuum Vessels, Complete; Parts",1,China,0.9506065153489944,95.06065153489945,0.3019630082194701,30.19630082194701
9617,"Vacuum Flasks, Oth Vacuum Vessels, Complete; Parts",2,Thailand,0.02046320547240249,2.0463205472402493,0.1566150612081285,15.661506120812849
9617,"Vacuum Flasks, Oth Vacuum Vessels, Complete; Parts",3,Vietnam,0.017905417194029483,1.7905417194029483,0.2077481325928512,20.774813259285118
9617,"Vacuum Flasks, Oth Vacuum Vessels, Complete; Parts",4,Malaysia,0.004642595880480802,0.4642595880480802,0.2074082026314258,20.740820263142577
9617,"Vacuum Flasks, Oth Vacuum Vessels, Complete; Parts",5,Taiwan,0.0029475912897069336,0.29475912897069334,0.1569234989135813,15.692349891358129
9617,"Vacuum Flasks, Oth Vacuum Vessels, Complete; Parts",6,Mexico,0.0012545464396901426,0.12545464396901426,0.0004622568782807,0.046225687828069996
9617,"Vacuum Flasks, Oth Vacuum Vessels, Complete; Parts",7,Macau,0.0008162408636719371,0.0816240863671937,0.119601773350712,11.960177335071199
9617,"Vacuum Flasks, Oth Vacuum Vessels, Complete; Parts",8,United Kingdom,0.0005857996180028473,0.05857996180028473,0.141556525034877,14.155652503487701
9617,"Vacuum Flasks, Oth Vacuum Vessels, Complete; Parts",9,Hong Kong,0.00048271468232247703,0.048271468232247705,0.285756079397867,28.5756079397867
9617,"Vacuum Flasks, Oth Vacuum Vessels, Complete; Parts",10,Japan,0.00029537321069852436,0.029537321069852435,0.1117847914540329,11.17847914540329
9618,Tailors' Dummies & Othr Mannequins For Display,1,China,0.48497808921171726,48.497808921171725,0.3439428147680159,34.394281476801595
9618,Tailors' Dummies & Othr Mannequins For Display,2,Mexico,0.2636623696124496,26.366236961244958,0.0032975292560238,0.32975292560238
9618,Tailors' Dummies & Othr Mannequins For Display,3,Italy,0.06833741456249176,6.833741456249176,0.1250828200611793,12.508282006117929
9618,Tailors' Dummies & Othr Mannequins For Display,4,Canada,0.05188672043735165,5.188672043735165,0.0147909292125969,1.47909292125969
9618,Tailors' Dummies & Othr Mannequins For Display,5,El Salvador,0.0387932315703243,3.87932315703243,0.0795173221663116,7.951732216631161
9618,Tailors' Dummies & Othr Mannequins For Display,6,Spain,0.02534291339948408,2.5342913399484077,0.1088601764657088,10.88601764657088
9618,Tailors' Dummies & Othr Mannequins For Display,7,Lithuania,0.022290624681233967,2.229062468123397,0.1350232372880933,13.50232372880933
9618,Tailors' Dummies & Othr Mannequins For Display,8,Taiwan,0.016391947028731726,1.6391947028731726,0.1478904056806297,14.789040568062969
9618,Tailors' Dummies & Othr Mannequins For Display,9,United Kingdom,0.01615455149953124,1.615455149953124,0.1099365415961133,10.99365415961133
9618,Tailors' Dummies & Othr Mannequins For Display,10,Philippines,0.012162137996684405,1.2162137996684406,0.1329549563713544,13.29549563713544
9619,"Sanitary Pads, Tampons, Diapers, Diaper Liners Etc",1,Canada,0.49761325419287217,49.76132541928722,0.0007568185265343,0.07568185265343
9619,"Sanitary Pads, Tampons, Diapers, Diaper Liners Etc",2,Mexico,0.20034666396491177,20.034666396491176,0.0291889863435257,2.91889863435257
9619,"Sanitary Pads, Tampons, Diapers, Diaper Liners Etc",3,China,0.18592334906491598,18.592334906491597,0.2718358826008941,27.183588260089408
9619,"Sanitary Pads, Tampons, Diapers, Diaper Liners Etc",4,Czech Republic,0.027109694382166274,2.7109694382166274,0.0883043074060847,8.83043074060847
9619,"Sanitary Pads, Tampons, Diapers, Diaper Liners Etc",5,Israel,0.023577905365910954,2.3577905365910956,0.0786225546533815,7.86225546533815
9619,"Sanitary Pads, Tampons, Diapers, Diaper Liners Etc",6,Spain,0.022996491658542693,2.2996491658542695,0.0721692995283731,7.21692995283731
9619,"Sanitary Pads, Tampons, Diapers, Diaper Liners Etc",7,Germany,0.020216430916647793,2.0216430916647794,0.0974250103803646,9.74250103803646
9619,"Sanitary Pads, Tampons, Diapers, Diaper Liners Etc",8,"Korea, South",0.009428358494728988,0.9428358494728988,0.0976718592597778,9.76718592597778
9619,"Sanitary Pads, Tampons, Diapers, Diaper Liners Etc",9,Italy,0.006886148644808137,0.6886148644808138,0.092587314561605,9.2587314561605
9619,"Sanitary Pads, Tampons, Diapers, Diaper Liners Etc",10,Japan,0.0059017033144952765,0.5901703314495277,0.0811173604501856,8.11173604501856
9620,"Monopods, Bipods, Tripods And Similar Articles",1,China,0.4546862388478905,45.468623884789054,0.4368674544150893,43.686745441508926
9620,"Monopods, Bipods, Tripods And Similar Articles",2,Italy,0.2541579892791754,25.41579892791754,0.1101938944724905,11.01938944724905
9620,"Monopods, Bipods, Tripods And Similar Articles",3,Thailand,0.07874026920958536,7.874026920958537,0.0823630959674775,8.23630959674775
9620,"Monopods, Bipods, Tripods And Similar Articles",4,Germany,0.03813907553666155,3.813907553666155,0.1035304112660018,10.35304112660018
9620,"Monopods, Bipods, Tripods And Similar Articles",5,India,0.03775849548712957,3.775849548712957,0.1972582450996043,19.72582450996043
9620,"Monopods, Bipods, Tripods And Similar Articles",6,Taiwan,0.035508626062077206,3.5508626062077204,0.1447782975501743,14.47782975501743
9620,"Monopods, Bipods, Tripods And Similar Articles",7,Vietnam,0.03180460326945725,3.180460326945725,0.1362083879279825,13.620838792798251
9620,"Monopods, Bipods, Tripods And Similar Articles",8,Turkey,0.027358688302082417,2.7358688302082417,0.0910424271017721,9.10424271017721
9620,"Monopods, Bipods, Tripods And Similar Articles",9,United Kingdom,0.022571621357204728,2.2571621357204728,0.0925265201130506,9.25265201130506
9620,"Monopods, Bipods, Tripods And Similar Articles",10,Japan,0.019274392648736142,1.9274392648736143,0.1046385248543643,10.46385248543643
